payment_id,invoice_ref,customer_name,captured_at,settled_at,utr,gross_amount_paise,fee_paise,gst_on_fee_paise,net_amount_paise,type
pay_000001,INV-2026-00001,Ganesh Cement Agencies,2026-05-06,2026-05-07,HDFCN00000000001,940399,18808,3385,918206,payment
pay_000002,INV-2026-00002,Silverline Cosmetics,2026-05-06,2026-05-07,HDFCN00000000001,19822475,396450,71361,19354664,payment
pay_000003,INV-2026-00003,Silverline Cosmetics,2026-04-13,2026-04-14,UTIBN00000000002,1229778,24596,4427,1200755,payment
pay_000004,INV-2026-00003,Silverline Cosmetics,2026-04-13,2026-04-14,UTIBN00000000002,1407028,28141,5065,1373822,payment
pay_000005,INV-2026-00003,Silverline Cosmetics,2026-04-13,2026-04-14,UTIBN00000000002,57289,1146,206,55937,payment
pay_000006,"INV-2026-00004,INV-2026-00005",Bluewave Logistics LLP,2026-04-13,2026-04-14,UTIBN00000000002,17621413,352428,63437,,payment
pay_000007,INV-2026-00006,Lotus Hospitality Services,2026-04-13,2026-04-14,UTIBN00000000002,12291736,245835,44250,12001651,payment
pay_000008,INV-2026-00007,Surya Solar Solutions,2026-04-13,2026-04-14,UTIBN00000000002,2445870,48917,8805,2388148,payment
pay_000009,INV-2026-00008,Deccan Steel Works,2026-04-13,2026-04-14,UTIBN00000000002,5532877,110658,19918,5402301,payment
pay_000010,INV-2026-00009,Sagar Chemicals,2026-04-13,2026-04-14,UTIBN00000000002,18738132,374763,67457,18295912,payment
pay_000011,INV-2026-00010,Kalyani Engineering,2026-04-13,2026-04-14,UTIBN00000000002,1926966,38539,6937,1881490,payment
pay_000012,INV-2026-00011,Meenakshi Traders,2026-04-13,2026-04-14,UTIBN00000000002,9033893,180678,32522,8820693,payment
pay_000013,INV-2026-00012,Infinite Loop Software,2026-04-15,2026-04-17,SBINN00000000003,17146865,342937,61729,16742199,payment
pay_000014,INV-2026-00013,Kaveri Agro Foods,2026-04-15,2026-04-17,SBINN00000000003,5418105,108362,19505,5290238,payment
pay_000015,INV-2026-00014,Pinnacle Interiors,2026-04-15,2026-04-17,SBINN00000000003,12855018,257100,46278,12551640,payment
pay_000016,INV-2026-00015,Vertex Lab Equipment,2026-04-15,2026-04-17,SBINN00000000003,435239,8705,1567,424967,payment
pay_000017,INV-2026-00016,Orchid Pharma Distributors,2026-04-15,2026-04-17,SBINN00000000003,9003167,180063,32411,8790693,payment
pay_000018,INV-2026-00017,Trident Paper Mills,2026-04-15,2026-04-17,SBINN00000000003,27323,546,98,26679,payment
pay_000019,INV-2026-00017,Trident Paper Mills,2026-04-15,2026-04-17,SBINN00000000003,5329570,106591,19186,5203793,payment
pay_000020,"INV-2026-00018,INV-2026-00019",Aakash Sports Goods,2026-06-09,2026-06-10,KKBKN00000000004,12362107,247242,44504,,payment
pay_000021,INV-2026-00020,Rudra Plastics,2026-06-09,2026-06-10,KKBKN00000000004,16357133,327143,58886,15971104,payment
pay_000022,INV-2026-00021,Silverline Cosmetics,2026-06-09,2026-06-10,KKBKN00000000004,15997830,319957,57592,15620281,payment
pay_000023,INV-2026-00022,Deccan Steel Works,2026-06-09,2026-06-10,KKBKN00000000004,14248153,284963,51293,,payment
pay_000024,INV-2026-00023,Silverline Cosmetics,2026-06-09,2026-06-10,KKBKN00000000004,6799509,135990,24478,6639041,payment
pay_000025,INV-2026-00024,Mahalaxmi Provisions,2026-06-09,2026-06-10,KKBKN00000000004,12579912,251598,45288,12283026,payment
pay_000026,"INV-2026-00025,INV-2026-00026",Trident Paper Mills,2026-06-22,2026-06-23,ICICN00000000005,34481495,689630,124133,33667732,payment
pay_000027,"INV-2026-00025,INV-2026-00026",Trident Paper Mills,2026-06-22,2026-06-23,ICICN00000000005,15870207,0,0,-15870207,refund
pay_000028,INV-2026-00027,Trident Paper Mills,2026-04-08,2026-04-09,HDFCN00000000006,8393522,167870,30217,8195435,payment
pay_000029,INV-2026-00028,Silverline Cosmetics,2026-04-08,2026-04-09,HDFCN00000000006,6206836,124137,22345,6060354,payment
pay_000030,INV-2026-00029,Ratna Jewellers,2026-04-08,2026-04-09,HDFCN00000000006,14919000,298380,53708,14566912,payment
pay_000031,"INV-2026-00030,INV-2026-00031,INV-2026-00032",Konark Ceramics,2026-04-08,2026-04-09,HDFCN00000000006,22213762,444275,79970,21689517,payment
pay_000032,INV-2026-00033,Ganesh Cement Agencies,2026-04-08,2026-04-09,HDFCN00000000006,5574305,111486,20067,5442752,payment
pay_000033,INV-2026-00034,Lotus Hospitality Services,2026-04-08,2026-04-09,HDFCN00000000006,15317547,306351,55143,14956053,payment
pay_000034,INV-2026-00035,Konark Ceramics,2026-04-08,2026-04-09,HDFCN00000000006,5244119,104882,18879,5120358,payment
pay_000035,INV-2026-00036,Bluewave Logistics LLP,2026-06-09,2026-06-10,HDFCN00000000007,7942133,158843,28592,7754698,payment
pay_000036,INV-2026-00037,Rudra Plastics,2026-06-09,2026-06-10,HDFCN00000000007,1383508,27670,4981,1350857,payment
pay_000037,INV-2026-00038,Everest Cold Storage,2026-06-09,2026-06-10,HDFCN00000000007,17591677,351834,63330,17176513,payment
pay_000038,INV-2026-00039,Nirmal Water Systems,2026-04-18,2026-04-19,HDFCN00000000008,2358253,47165,8490,2302598,payment
pay_000039,INV-2026-00040,Bharat Tyre Traders,2026-04-18,2026-04-19,HDFCN00000000008,18277370,365547,65798,17846025,payment
pay_000040,#INV-2026-00041,Prakash Lighting Co,2026-04-18,2026-04-19,HDFCN00000000008,17798304,355966,64074,17378264,payment
pay_000041,INV-2026-00042,Zenith Office Supplies,2026-04-18,2026-04-19,HDFCN00000000008,4556062,91121,16402,,payment
pay_000042,"INV-2026-00043,INV-2026-00044",Meenakshi Traders,2026-06-22,2026-06-24,HDFCN00000000009,23715299,474306,85375,23155618,payment
pay_000043,INV-2026-00045,Pinnacle Interiors,2026-06-22,2026-06-24,HDFCN00000000009,2574764,51495,9269,2514000,payment
pay_000044,INV-2026-00046,Greenleaf Organics,2026-06-22,2026-06-24,HDFCN00000000009,19595777,391916,70545,19133316,payment
pay_000045,INV-2026-00047,Pinnacle Interiors,2026-06-22,2026-06-24,HDFCN00000000009,6003142,120063,21611,5861468,payment
pay_000046,INV-2026-00047,Pinnacle Interiors,2026-06-22,2026-06-24,HDFCN00000000009,6282532,125651,22617,6134264,payment
pay_000047,INV-2026-00048,Nandini Dairy Products,2026-06-22,2026-06-24,HDFCN00000000009,13685762,273715,49269,,payment
pay_000048,INV-2026-00049,Nandini Dairy Products,2026-04-04,2026-04-06,ICICN00000000010,15843736,316875,57038,15469823,payment
pay_000049,INV-2026-00050,Vertex Lab Equipment,2026-04-04,2026-04-06,ICICN00000000010,7686837,153737,27673,7505427,payment
pay_000050,INV-2026-00051,Coastal Marine Exports,2026-04-04,2026-04-06,ICICN00000000010,2379373,47587,8566,2323220,payment
pay_000051,INV-2026-00051,Coastal Marine Exports,2026-04-04,2026-04-06,ICICN00000000010,9375880,50000,9000,-9434880,chargeback
pay_000052,INV-2026-00052,Surya Solar Solutions,2026-05-27,2026-05-28,HDFCN00000000011,14692948,293859,52895,14346194,payment
pay_000053,INV-2026-00053,Nirmal Water Systems,2026-05-27,2026-05-28,HDFCN00000000011,372441,7449,1341,363651,payment
pay_000054,#INV-2026-00053,Nirmal Water Systems,2026-05-27,2026-05-28,HDFCN00000000011,6055544,121111,21800,5912633,payment
pay_000055,INV-2026-00054,Coastal Marine Exports,2026-05-27,2026-05-28,HDFCN00000000011,11129674,222593,40067,10867014,payment
pay_000056,INV-2026-00055,Orchid Pharma Distributors,2026-05-27,2026-05-28,HDFCN00000000011,17066207,341324,61438,16663445,payment
pay_000057,INV-2026-00056,Everest Cold Storage,2026-05-27,2026-05-28,HDFCN00000000011,9970542,199411,35894,9735237,payment
pay_000058,INV-2026-00057,Coastal Marine Exports,2026-05-27,2026-05-28,HDFCN00000000011,5889388,117788,21202,5750398,payment
pay_000059,INV-2026-00058,Zenith Office Supplies,2026-05-27,2026-05-28,HDFCN00000000011,10246351,204927,36887,,payment
pay_000060,INV-2026-00059,Sharma Hardware Stores,2026-04-05,2026-04-07,HDFCN00000000012,7930882,158618,28551,7743713,payment
pay_000061,INV- 2026-00060,Infinite Loop Software,2026-04-05,2026-04-07,HDFCN00000000012,869580,17392,3131,,payment
pay_000062,INV-2026-00061,Prakash Lighting Co,2026-04-05,2026-04-07,HDFCN00000000012,15331230,306625,55193,14969412,payment
pay_000063,INV-2026-00062,Rudra Plastics,2026-04-05,2026-04-07,HDFCN00000000012,6705162,134103,24139,6546920,payment
pay_000064,INV-2026-00062,Rudra Plastics,2026-04-05,2026-04-07,HDFCN00000000012,6229017,124580,22424,6082013,payment
pay_000065,INV-2026-00063,Rajesh Textiles Pvt Ltd,2026-04-05,2026-04-07,HDFCN00000000012,3626476,72530,13055,3540891,payment
pay_000066,INV-2026-00064,Infinite Loop Software,2026-04-05,2026-04-07,HDFCN00000000012,1685149,33703,6067,1645379,payment
pay_000067,INV-2026-00064,Infinite Loop Software,2026-04-05,2026-04-07,HDFCN00000000012,15744629,314893,56681,15373055,payment
pay_000068,INV-2026-00065,Chandra Printing Press,2026-04-25,2026-04-27,SBINN00000000013,8345988,166920,30046,8149022,payment
pay_000069,INV-2026-00066,Sagar Chemicals,2026-04-25,2026-04-27,SBINN00000000013,16310377,326208,58717,15925452,payment
pay_000070,INV-2026-00067,Sagar Chemicals,2026-04-25,2026-04-27,SBINN00000000013,9637445,192749,34695,9410001,payment
pay_000071,INV-2026-00068,Lotus Hospitality Services,2026-05-07,2026-05-08,HDFCN00000000014,705383,14108,2539,688736,payment
pay_000072,INV-2026-00069,Rudra Plastics,2026-05-07,2026-05-08,HDFCN00000000014,11853066,237061,42671,11573334,payment
pay_000073,INV-2026-00070,Lotus Hospitality Services,2026-05-07,2026-05-08,HDFCN00000000014,18109685,362194,65195,17682296,payment
pay_000074,INV-2026-00071,Silverline Cosmetics,2026-05-07,2026-05-08,HDFCN00000000014,16432262,328645,59156,16044461,payment
pay_000075,INV-2026-00072,Pinnacle Interiors,2026-05-07,2026-05-08,HDFCN00000000014,11328635,226573,40783,11061279,payment
pay_000076,INV-2026-00073,Mahalaxmi Provisions,2026-05-07,2026-05-08,HDFCN00000000014,4332478,86650,15597,4230231,payment
pay_000077,"inv-2026-00074,inv-2026-00075",Silverline Cosmetics,2026-05-07,2026-05-08,HDFCN00000000014,19947245,398945,71810,19476490,payment
pay_000078,INV-2026-00076,Surya Solar Solutions,2026-06-19,2026-06-20,SBINN00000000015,1400838,28017,5043,1367778,payment
pay_000079,INV-2026-00077,Zenith Office Supplies,2026-04-13,2026-04-14,KKBKN00000000016,6296705,125934,22668,6148103,payment
pay_000080,INV-2026-00077,Zenith Office Supplies,2026-04-13,2026-04-14,KKBKN00000000016,358152,7163,1289,349700,payment
pay_000081,INV-2026-00077,Zenith Office Supplies,2026-04-13,2026-04-14,KKBKN00000000016,3862691,77254,13906,3771531,payment
pay_000082,INV-2026-00078,Ratna Jewellers,2026-04-13,2026-04-14,KKBKN00000000016,2031066,40621,7312,1983133,payment
pay_000083,INV-2026-00078,Ratna Jewellers,2026-04-13,2026-04-14,KKBKN00000000016,8042269,160845,28952,7852472,payment
pay_000084,#INV-2026-00078,Ratna Jewellers,2026-04-13,2026-04-14,KKBKN00000000016,96100,1922,346,93832,payment
pay_000085,INV-2026-00079,Pinnacle Interiors,2026-04-13,2026-04-14,KKBKN00000000016,17027226,340545,61298,16625383,payment
pay_000086,INV-2026-00080,Pinnacle Interiors,2026-04-06,2026-04-08,UTIBN00000000017,9055859,181117,32601,8842141,payment
pay_000087,INV-2026-00081,Ratna Jewellers,2026-04-06,2026-04-08,UTIBN00000000017,9409278,188186,33873,9187219,payment
pay_000088,INV-2026-00082,Ratna Jewellers,2026-04-06,2026-04-08,UTIBN00000000017,12766770,255335,45960,12465475,payment
pay_000089,INV-2026-00083,Aakash Sports Goods,2026-04-06,2026-04-08,UTIBN00000000017,16409461,328189,59074,16022198,payment
pay_000090,INV-2026-00084,Himalaya Packaging,2026-04-06,2026-04-08,UTIBN00000000017,9320035,186401,33552,9100082,payment
pay_000091,INV-2026-00085,Ashoka Timber Depot,2026-04-06,2026-04-08,UTIBN00000000017,8148565,162971,29335,7956259,payment
pay_000092,INV-2026-00086,Aakash Sports Goods,2026-04-06,2026-04-08,UTIBN00000000017,16025033,320501,57690,15646842,payment
pay_000093,INV-2026-00087,Aakash Sports Goods,2026-04-06,2026-04-08,UTIBN00000000017,3172352,63447,11420,3097485,payment
pay_000094,INV-2026-00088,Kalyani Engineering,2026-05-28,2026-05-29,ICICN00000000018,1815265,36305,6535,1772425,payment
pay_000095,INV-2026-00088,Kalyani Engineering,2026-05-28,2026-05-29,ICICN00000000018,4447332,88947,16010,4342375,payment
pay_000096,INV-2026-00089,Maple Leaf Stationers,2026-05-28,2026-05-29,ICICN00000000018,9545860,190917,34365,,payment
pay_000097,INV-2026-00090,Coastal Marine Exports,2026-05-28,2026-05-29,ICICN00000000018,6071059,121421,21856,5927782,payment
pay_000098,INV-2026-00091,Silverline Cosmetics,2026-05-28,2026-05-29,ICICN00000000018,612754,12255,2206,598293,payment
pay_000099,INV-2026-00091,Silverline Cosmetics,2026-05-28,2026-05-29,ICICN00000000018,849936,16999,3060,,payment
pay_000100,INV-2026-00091,Silverline Cosmetics,2026-05-28,2026-05-29,ICICN00000000018,416899,8338,1501,407060,payment
pay_000101,inv-2026-00092,Greenleaf Organics,2026-05-09,2026-05-10,SBINN00000000019,4164053,83281,14991,4065781,payment
pay_000102,INV-2026-00092,Greenleaf Organics,2026-05-09,2026-05-10,SBINN00000000019,6080975,121620,21892,5937463,payment
pay_000103,INV- 2026-00093,Sharma Hardware Stores,2026-06-17,2026-06-18,ICICN00000000020,5252463,105049,18909,5128505,payment
pay_000104,INV-2026-00093,Sharma Hardware Stores,2026-06-17,2026-06-18,ICICN00000000020,13319323,266386,47949,13004988,payment
pay_000105,INV-2026-00094,Chandra Printing Press,2026-06-17,2026-06-18,ICICN00000000020,9717195,194344,34982,9487869,payment
pay_000106,"INV-2026-00095,INV-2026-00096",Vertex Lab Equipment,2026-06-17,2026-06-18,ICICN00000000020,26527765,530555,95500,25901710,payment
pay_000107,INV-2026-00097,Silverline Cosmetics,2026-06-17,2026-06-18,ICICN00000000020,8963146,179263,32267,8751616,payment
pay_000108,"INV-2026-00098,INV-2026-00099",Bluewave Logistics LLP,2026-06-17,2026-06-18,ICICN00000000020,33934963,678699,122166,33134098,payment
pay_000109,"INV-2026-00100,INV-2026-00101",Rudra Plastics,2026-04-17,2026-04-18,KKBKN00000000021,32352292,647046,116468,31588778,payment
pay_000110,INV-2026-00102,Priya Garments,2026-04-17,2026-04-18,KKBKN00000000021,16549579,330992,59579,16159008,payment
pay_000111,INV-2026-00103,Chandra Printing Press,2026-04-17,2026-04-18,KKBKN00000000021,10822927,216459,38963,10567505,payment
pay_000112,INV-2026-00104,Deccan Steel Works,2026-04-17,2026-04-18,KKBKN00000000021,16675181,333504,60031,16281646,payment
pay_000113,INV-2026-00105,Mahalaxmi Provisions,2026-04-17,2026-04-18,KKBKN00000000021,1281351,25627,4613,1251111,payment
pay_000114,INV-2026-00106,Sagarika Seafoods,2026-06-04,2026-06-06,KKBKN00000000022,9010920,180218,32439,,payment
pay_000115,INV-2026-00107,Anand Furniture House,2026-06-04,2026-06-06,KKBKN00000000022,16314229,326285,58731,15929213,payment
pay_000116,INV-2026-00108,Indus Valley Handicrafts,2026-06-04,2026-06-06,KKBKN00000000022,5364289,107286,19311,5237692,payment
pay_000117,INV-2026-00109,Rajesh Textiles Pvt Ltd,2026-06-04,2026-06-06,KKBKN00000000022,7589702,151794,27323,7410585,payment
pay_000118,INV-2026-00110,Orchid Pharma Distributors,2026-06-04,2026-06-06,KKBKN00000000022,5216413,104328,18779,5093306,payment
pay_000119,INV-2026-00111,Anand Furniture House,2026-06-04,2026-06-06,KKBKN00000000022,13991542,279831,50370,13661341,payment
pay_000120,INV-2026-00112,Chandra Printing Press,2026-06-04,2026-06-06,KKBKN00000000022,4903379,98068,17652,4787659,payment
pay_000121,INV-2026-00113,Indus Valley Handicrafts,2026-06-04,2026-06-06,KKBKN00000000022,2392437,47849,8613,2335975,payment
pay_000122,INV-2026-00114,Trident Paper Mills,2026-06-09,2026-06-11,SBINN00000000023,12707069,254141,45745,12407183,payment
pay_000123,INV-2026-00115,Kalyani Engineering,2026-06-09,2026-06-11,SBINN00000000023,8062984,161260,29027,7872697,payment
pay_000124,INV-2026-00116,Infinite Loop Software,2026-06-09,2026-06-11,SBINN00000000023,1514560,30291,5452,1478817,payment
pay_000125,INV-2026-00117,Chandra Printing Press,2026-06-09,2026-06-11,SBINN00000000023,12841994,256840,46231,12538923,payment
pay_000126,INV-2026-00118,Greenleaf Organics,2026-06-09,2026-06-11,SBINN00000000023,4286121,85722,15430,,payment
pay_000127,INV- 2026-00119,Maple Leaf Stationers,2026-06-09,2026-06-11,SBINN00000000023,14824224,296484,53367,14474373,payment
pay_000128,INV- 2026-00119,Maple Leaf Stationers,2026-06-09,2026-06-11,SBINN00000000023,524979,0,0,-524979,refund
pay_000129,INV-2026-00120,Aakash Sports Goods,2026-04-03,2026-04-05,KKBKN00000000024,2345819,46916,8445,2290458,payment
pay_000130,INV-2026-00121,Anand Furniture House,2026-04-03,2026-04-05,KKBKN00000000024,3082627,61653,11098,3009876,payment
pay_000131,INV-2026-00122,Nandini Dairy Products,2026-04-03,2026-04-05,KKBKN00000000024,3422463,68449,12321,3341693,payment
pay_000132,INV-2026-00123,Zenith Office Supplies,2026-04-03,2026-04-05,KKBKN00000000024,10934207,218684,39363,10676160,payment
pay_000133,INV-2026-00124,Anand Furniture House,2026-04-03,2026-04-05,KKBKN00000000024,4934511,98690,17764,4818057,payment
pay_000134,INV-2026-00125,Everest Cold Storage,2026-04-03,2026-04-05,KKBKN00000000024,6091706,121834,21930,5947942,payment
pay_000135,INV-2026-00126,Sagarika Seafoods,2026-05-01,2026-05-02,UTIBN00000000025,10087950,201759,36317,9849874,payment
pay_000136,INV-2026-00127,Pinnacle Interiors,2026-05-01,2026-05-02,UTIBN00000000025,10187521,203750,36675,9947096,payment
pay_000137,INV-2026-00128,Anand Furniture House,2026-06-28,2026-06-29,KKBKN00000000026,11871929,237439,42739,11591751,payment
pay_000138,INV-2026-00129,Coastal Marine Exports,2026-06-28,2026-06-29,KKBKN00000000026,4639549,92791,16702,4530056,payment
pay_000139,INV-2026-00130,Meenakshi Traders,2026-06-28,2026-06-29,KKBKN00000000026,1169527,23391,4210,1141926,payment
pay_000140,"INV-2026-00131,INV-2026-00132",Vishal Auto Components,2026-06-28,2026-06-29,KKBKN00000000026,20779525,415591,74806,20289128,payment
pay_000141,INV-2026-00133,Silverline Cosmetics,2026-06-28,2026-06-29,KKBKN00000000026,17862449,357249,64305,17440895,payment
pay_000142,INV-2026-00134,Sagar Chemicals,2026-06-28,2026-06-29,KKBKN00000000026,16218130,324363,58385,15835382,payment
pay_000143,INV-2026-00135,Anand Furniture House,2026-06-28,2026-06-29,KKBKN00000000026,3914454,78289,14092,3822073,payment
pay_000144,INV-2026-00136,Bluewave Logistics LLP,2026-06-28,2026-06-29,KKBKN00000000026,1515130,30303,5455,1479372,payment
pay_000145,#INV-2026-00136,Bluewave Logistics LLP,2026-06-28,2026-06-29,KKBKN00000000026,4621657,92433,16638,4512586,payment
pay_000146,INV-2026-00136,Bluewave Logistics LLP,2026-06-28,2026-06-29,KKBKN00000000026,7248129,144963,26093,7077073,payment
pay_000147,1NV-2026-00137,Zenith Office Supplies,2026-04-12,2026-04-13,ICICN00000000027,4740138,94803,17065,4628270,payment
pay_000148,INV-2026-00138,Zenith Office Supplies,2026-04-12,2026-04-13,ICICN00000000027,3311222,66224,11920,3233078,payment
pay_000149,INV-2026-00139,Silverline Cosmetics,2026-04-12,2026-04-13,ICICN00000000027,11685162,233703,42067,11409392,payment
pay_000150,INV-2026-00139,Silverline Cosmetics,2026-04-12,2026-04-13,ICICN00000000027,782760,15655,2818,,payment
pay_000151,INV-2026-00139,Silverline Cosmetics,2026-04-12,2026-04-13,ICICN00000000027,31158,623,112,30423,payment
pay_000152,INV-2026-00140,Greenleaf Organics,2026-04-12,2026-04-13,ICICN00000000027,3372614,67452,12141,3293021,payment
pay_000153,INV-2026-00141,Prakash Lighting Co,2026-04-12,2026-04-13,ICICN00000000027,1147776,22956,4132,1120688,payment
pay_000154,INV-2026-00142/PART,Ganesh Cement Agencies,2026-04-12,2026-04-13,ICICN00000000027,12219724,244394,43991,11931339,payment
pay_000155,INV-2026-0014,Silverline Cosmetics,2026-04-12,2026-04-13,ICICN00000000027,12085097,241702,43506,11799889,payment
pay_000156,INV-2026-00144,Coastal Marine Exports,2026-04-12,2026-04-13,ICICN00000000027,3126049,62521,11254,3052274,payment
pay_000157,INV-2026-00145,Greenleaf Organics,2026-04-15,2026-04-16,ICICN00000000028,145145,2903,523,141719,payment
pay_000158,INV-2026-00146,Greenleaf Organics,2026-04-15,2026-04-16,ICICN00000000028,8460559,169211,30458,8260890,payment
pay_000159,INV202600147,Orchid Pharma Distributors,2026-04-15,2026-04-16,ICICN00000000028,4472582,89452,16101,4367029,payment
pay_000160,inv-2026-00148,Maple Leaf Stationers,2026-04-15,2026-04-16,ICICN00000000028,8954256,179085,32235,8742936,payment
pay_000161,INV-2026-00149,Ashoka Timber Depot,2026-04-15,2026-04-16,ICICN00000000028,13053059,261061,46991,,payment
pay_000162,INV-2026-00149,Ashoka Timber Depot,2026-04-15,2026-04-16,ICICN00000000028,2977103,59542,10718,2906843,payment
pay_000163,INV-2026-00150,Sagarika Seafoods,2026-04-15,2026-04-16,ICICN00000000028,1505089,30102,5418,1469569,payment
pay_000164,INV-2026-00151,Vishal Auto Components,2026-06-19,2026-06-20,UTIBN00000000029,19691579,393832,70890,19226857,payment
pay_000165,INV-2026-00152,Kalyani Engineering,2026-06-19,2026-06-20,UTIBN00000000029,17852533,357051,64269,,payment
pay_000166,INV-2026-00153,Everest Cold Storage,2026-05-07,2026-05-09,UTIBN00000000030,14369823,287396,51731,14030696,payment
pay_000167,INV-2O26-00154,Himalaya Packaging,2026-05-07,2026-05-09,UTIBN00000000030,15963789,319276,57470,15587043,payment
pay_000168,INV-2026-00155,Sharma Hardware Stores,2026-05-07,2026-05-09,UTIBN00000000030,12553953,251079,45194,,payment
pay_000169,"INV-2026-00156,INV-2026-00157,INV-2026-00158",Konark Ceramics,2026-05-07,2026-05-09,UTIBN00000000030,27177266,543545,97838,26535883,payment
pay_000170,INV-2026-00159,Pinnacle Interiors,2026-05-07,2026-05-09,UTIBN00000000030,1776243,35525,6395,1734323,payment
pay_000171,INV-2026-00160,Indus Valley Handicrafts,2026-05-07,2026-05-09,UTIBN00000000030,19441727,388835,69990,18982902,payment
pay_000172,INV-2026-00161,Greenleaf Organics,2026-05-07,2026-05-09,UTIBN00000000030,3681206,73624,13252,3594330,payment
pay_000173,INV-2026-00162,Sagar Chemicals,2026-04-06,2026-04-07,UTIBN00000000031,11452623,229052,41229,11182342,payment
pay_000174,1NV-2026-00163,Priya Garments,2026-04-06,2026-04-07,UTIBN00000000031,13498091,269962,48593,13179536,payment
pay_000175,INV-2026-00164,Sharma Hardware Stores,2026-04-06,2026-04-07,UTIBN00000000031,12672989,253460,45623,12373906,payment
pay_000176,inv-2026-00165,Everest Cold Storage,2026-05-03,2026-05-05,SBINN00000000032,17241489,344830,62069,16834590,payment
pay_000177,INV-2026-00166,Orchid Pharma Distributors,2026-05-03,2026-05-05,SBINN00000000032,19952282,399046,71828,19481408,payment
pay_000178,"INV-2026-00167,INV-2026-00168",Zenith Office Supplies,2026-05-03,2026-05-05,SBINN00000000032,8797478,175950,31671,8589857,payment
pay_000179,INV-2026-00169,Ganesh Cement Agencies,2026-05-03,2026-05-05,SBINN00000000032,8623811,172476,31046,8420289,payment
pay_000180,"INV-2026-00170,INV-2026-00171,INV-2026-00172",Orchid Pharma Distributors,2026-05-03,2026-05-05,SBINN00000000032,26524217,530484,95487,25898246,payment
pay_000181,"INV-2026-00173,INV-2026-00174,INV-2026-00175",Surya Solar Solutions,2026-05-03,2026-05-05,SBINN00000000032,40718463,814369,146586,39757508,payment
pay_000182,INV-2026-00176,Rudra Plastics,2026-05-03,2026-05-05,SBINN00000000032,14065483,281310,50636,13733537,payment
pay_000183,"INV-2O26-00177,INV-2026-00178",Mahalaxmi Provisions,2026-05-03,2026-05-05,SBINN00000000032,27680051,553601,99648,27026802,payment
pay_000184,INV-2026-00179,Ratna Jewellers,2026-06-04,2026-06-06,UTIBN00000000033,5053388,101068,18192,4934128,payment
pay_000185,INV-2026-00179,Ratna Jewellers,2026-06-04,2026-06-06,UTIBN00000000033,1615955,32319,5817,1577819,payment
pay_000186,INV-2026-00180,Bluewave Logistics LLP,2026-06-04,2026-06-06,UTIBN00000000033,12657600,253152,45567,12358881,payment
pay_000187,INV-2026-00180,Bluewave Logistics LLP,2026-06-04,2026-06-06,UTIBN00000000033,3972216,79444,14300,3878472,payment
pay_000188,INV-2026-00181,Rudra Plastics,2026-06-04,2026-06-06,UTIBN00000000033,10895068,217901,39222,10637945,payment
pay_000189,INV-2026-00182,Bluewave Logistics LLP,2026-06-24,2026-06-26,HDFCN00000000034,19984010,399680,71942,19512388,payment
pay_000190,INV-2026-00183,Vertex Lab Equipment,2026-06-24,2026-06-26,HDFCN00000000034,1426493,28530,5135,1392828,payment
pay_000191,INV-2026-00184,Rudra Plastics,2026-06-24,2026-06-26,HDFCN00000000034,16009461,320189,57634,15631638,payment
pay_000192,INV-2026-00185,Kaveri Agro Foods,2026-06-24,2026-06-26,HDFCN00000000034,11573859,231477,41666,11300716,payment
pay_000193,INV-2026-00186,Sharma Hardware Stores,2026-06-24,2026-06-26,HDFCN00000000034,1363391,27268,4908,1331215,payment
pay_000194,INV-2026-00187,Nandini Dairy Products,2026-04-10,2026-04-11,UTIBN00000000035,9584390,191688,34504,9358198,payment
pay_000195,INV-2026-00188,Indus Valley Handicrafts,2026-04-10,2026-04-11,UTIBN00000000035,2784752,55695,10025,,payment
pay_000196,INV-2026-00189,Greenleaf Organics,2026-04-10,2026-04-11,UTIBN00000000035,13201927,264039,47527,12890361,payment
pay_000197,INV-2026-00190,Sharma Hardware Stores,2026-04-10,2026-04-11,UTIBN00000000035,11071844,221437,39859,10810548,payment
pay_000198,"INV-2026-00191,INV-2026-00192,INV-2026-00193",Ashoka Timber Depot,2026-04-10,2026-04-11,UTIBN00000000035,28187582,563752,101475,27522355,payment
pay_000199,INV-2026-00194,Ganesh Cement Agencies,2026-04-10,2026-04-11,UTIBN00000000035,16366544,327331,58920,15980293,payment
pay_000200,INV-2026-00195,Priya Garments,2026-04-14,2026-04-15,SBINN00000000036,5604572,112091,20176,5472305,payment
pay_000201,INV-2026-00196,Meenakshi Traders,2026-04-14,2026-04-15,SBINN00000000036,8020190,160404,28873,,payment
pay_000202,INV-2026-00197,Prakash Lighting Co,2026-04-14,2026-04-15,SBINN00000000036,15113522,302270,54409,,payment
pay_000203,INV- 2026-00198,Coastal Marine Exports,2026-05-11,2026-05-13,KKBKN00000000037,8438715,168774,30379,8239562,payment
pay_000204,INV-2026-00199,Bharat Tyre Traders,2026-05-11,2026-05-13,KKBKN00000000037,17361046,347221,62500,,payment
pay_000205,"INV-2026-00200,INV-2026-00201",Anand Furniture House,2026-05-11,2026-05-13,KKBKN00000000037,20120851,402417,72435,19645999,payment
pay_000206,INV-2026-00202,Nandini Dairy Products,2026-05-13,2026-05-14,ICICN00000000038,11300477,226010,40682,11033785,payment
pay_000207,"INV-2026-00203,INV-2026-00204",Vishal Auto Components,2026-05-13,2026-05-14,ICICN00000000038,20497832,409957,73792,20014083,payment
pay_000208,INV-2026-00205,Rajesh Textiles Pvt Ltd,2026-05-13,2026-05-14,ICICN00000000038,8637382,172748,31095,8433539,payment
pay_000209,INV-2026-00206,Greenleaf Organics,2026-05-13,2026-05-14,ICICN00000000038,17759073,355181,63933,17339959,payment
pay_000210,INV-2026-00207,Anand Furniture House,2026-05-13,2026-05-14,ICICN00000000038,1652205,33044,5948,1613213,payment
pay_000211,INV-2026-00208,Prakash Lighting Co,2026-05-13,2026-05-14,ICICN00000000038,16821485,336430,60557,,payment
pay_000212,INV-2026-00208,Prakash Lighting Co,2026-05-13,2026-05-14,ICICN00000000038,1112957,0,0,-1112957,refund
pay_000213,"INV-2026-00209,INV-2026-00210",Chandra Printing Press,2026-05-14,2026-05-15,HDFCN00000000039,9156088,183122,32962,8940004,payment
pay_000214,INV-2026-00211,Bluewave Logistics LLP,2026-05-14,2026-05-15,HDFCN00000000039,3528382,70568,12702,3445112,payment
pay_000215,INV-2026-00212,Trident Paper Mills,2026-05-14,2026-05-15,HDFCN00000000039,5875116,117502,21150,5736464,payment
pay_000216,INV-2026-00212,Trident Paper Mills,2026-05-14,2026-05-15,HDFCN00000000039,12496065,249921,44986,,payment
pay_000217,INV- 2026-00213,Chandra Printing Press,2026-05-14,2026-05-15,HDFCN00000000039,4574901,91498,16470,4466933,payment
pay_000218,INV-2026-00214,Meenakshi Traders,2026-05-14,2026-05-15,HDFCN00000000039,6743096,134862,24275,6583959,payment
pay_000219,INV-2026-00215,Kalyani Engineering,2026-05-14,2026-05-15,HDFCN00000000039,13412181,268244,48284,13095653,payment
pay_000220,INV-2026-00216,Silverline Cosmetics,2026-05-14,2026-05-15,HDFCN00000000039,6462367,129247,23264,6309856,payment
pay_000221,INV-2026-00217,Sharma Hardware Stores,2026-04-24,2026-04-25,UTIBN00000000040,18353083,367062,66071,17919950,payment
pay_000222,"INV-2026-00218,INV-2026-00219,INV-2026-00220",Nandini Dairy Products,2026-04-24,2026-04-25,UTIBN00000000040,39627469,792549,142659,38692261,payment
pay_000223,INV-2026-00221,Meenakshi Traders,2026-04-24,2026-04-25,UTIBN00000000040,14644181,292884,52719,14298578,payment
pay_000224,"INV-2026-00222,INV-2026-00223,INV-2026-00224",Kaveri Agro Foods,2026-04-24,2026-04-25,UTIBN00000000040,22499844,449997,80999,21968848,payment
pay_000225,"INV-2026-00225,INV-2026-00226",Sagarika Seafoods,2026-04-24,2026-04-25,UTIBN00000000040,25238404,504768,90858,24642778,payment
pay_000226,INV-2026-00227,Meenakshi Traders,2026-04-24,2026-04-25,UTIBN00000000040,15146896,302938,54529,,payment
pay_000227,INV-2026-00228,Bharat Tyre Traders,2026-04-24,2026-04-25,UTIBN00000000040,19307619,386152,69507,,payment
pay_000228,INV-2026-00229,Aakash Sports Goods,2026-05-27,2026-05-28,SBINN00000000041,2534774,50695,9125,2474954,payment
pay_000229,INV-2026-00230,Sagarika Seafoods,2026-05-27,2026-05-28,SBINN00000000041,10773586,215472,38785,10519329,payment
pay_000230,INV-2026-00231,Bluewave Logistics LLP,2026-05-27,2026-05-28,SBINN00000000041,10114875,202298,36414,9876163,payment
pay_000231,INV-2026-00232,Priya Garments,2026-05-27,2026-05-28,SBINN00000000041,7574300,151486,27267,7395547,payment
pay_000232,#INV-2026-00233,Coastal Marine Exports,2026-05-27,2026-05-28,SBINN00000000041,16626625,332533,59856,16234236,payment
pay_000233,INV-2026-00234,Vishal Auto Components,2026-04-22,2026-04-24,SBINN00000000042,2538565,50771,9139,2478655,payment
pay_000234,INV-2026-00235,Ashoka Timber Depot,2026-04-22,2026-04-24,SBINN00000000042,18548673,370973,66775,18110925,payment
pay_000235,INV-2026-00236,Himalaya Packaging,2026-05-31,2026-06-02,UTIBN00000000043,5080653,101613,18290,4960750,payment
pay_000236,INV 2026 00236,Himalaya Packaging,2026-05-31,2026-06-02,UTIBN00000000043,4178395,83568,15042,4079785,payment
pay_000237,INV-2026-00237,Maple Leaf Stationers,2026-05-31,2026-06-02,UTIBN00000000043,5794539,115891,20860,5657788,payment
pay_000238,INV-2026-00238,Aakash Sports Goods,2026-06-02,2026-06-04,KKBKN00000000044,9769767,195395,35171,9539201,payment
pay_000239,INV-2026-00239,Kalyani Engineering,2026-06-03,2026-06-04,UTIBN00000000045,13428709,268574,48343,13111792,payment
pay_000240,INV-2026-00240,Bharat Tyre Traders,2026-06-03,2026-06-04,UTIBN00000000045,10757752,215155,38728,10503869,payment
pay_000241,INV-2026-0024,Orchid Pharma Distributors,2026-06-03,2026-06-04,UTIBN00000000045,4777069,95541,17197,4664331,payment
pay_000242,INV-2026-00242,Lotus Hospitality Services,2026-06-03,2026-06-04,UTIBN00000000045,8380568,167611,30170,8182787,payment
pay_000243,INV-2026-00243,Deccan Steel Works,2026-06-03,2026-06-04,UTIBN00000000045,10542971,210859,37955,10294157,payment
pay_000244,INV-2026-00244,Deccan Steel Works,2026-06-03,2026-06-04,UTIBN00000000045,15713716,314274,56569,15342873,payment
pay_000245,INV-2026-00245,Nandini Dairy Products,2026-04-06,2026-04-08,SBINN00000000046,12323460,246469,44364,12032627,payment
pay_000246,INV-2026-00246,Nandini Dairy Products,2026-04-03,2026-04-04,KKBKN00000000047,11427814,228556,41140,11158118,payment
pay_000247,INV-2026-00247,Bharat Tyre Traders,2026-04-03,2026-04-04,KKBKN00000000047,17133316,342666,61680,16728970,payment
pay_000248,"INV-2026-00248,INV-2026-00249",Meenakshi Traders,2026-04-03,2026-04-04,KKBKN00000000047,27171206,543424,97816,26529966,payment
pay_000249,INV-2026-00250,Chandra Printing Press,2026-04-24,2026-04-26,KKBKN00000000048,11164556,223291,40192,10901073,payment
pay_000250,INV-2026-00251,Everest Cold Storage,2026-04-24,2026-04-26,KKBKN00000000048,944130,18883,3399,921848,payment
pay_000251,INV-2026-00252,Himalaya Packaging,2026-04-24,2026-04-26,KKBKN00000000048,19460377,389208,70057,19001112,payment
pay_000252,INV-2026-00253,Kaveri Agro Foods,2026-04-24,2026-04-26,KKBKN00000000048,17640318,352806,63505,17224007,payment
pay_000253,INV-2026-00254,Prakash Lighting Co,2026-04-24,2026-04-26,KKBKN00000000048,5008529,100171,18031,4890327,payment
pay_000254,INV-2026-00255,Chandra Printing Press,2026-06-22,2026-06-23,ICICN00000000049,5861037,117221,21100,5722716,payment
pay_000255,INV-2026-00256,Silverline Cosmetics,2026-06-22,2026-06-23,ICICN00000000049,8920522,178410,32114,8709998,payment
pay_000256,INV-2026-00257,Coastal Marine Exports,2026-06-22,2026-06-23,ICICN00000000049,18776280,375526,67595,18333159,payment
pay_000257,INV-2026-00258,Zenith Office Supplies,2026-06-22,2026-06-23,ICICN00000000049,7005088,140102,25218,6839768,payment
pay_000258,INV-2026-00259,Aakash Sports Goods,2026-06-22,2026-06-23,ICICN00000000049,18856842,377137,67885,18411820,payment
pay_000259,INV-2026-00260,Sagar Chemicals,2026-06-22,2026-06-23,ICICN00000000049,18276461,365529,65795,17845137,payment
pay_000260,INV-2026-00261,Konark Ceramics,2026-04-29,2026-04-30,ICICN00000000050,3715035,74301,13374,3627360,payment
pay_000261,INV-2026-00262,Maple Leaf Stationers,2026-04-29,2026-04-30,ICICN00000000050,17868795,357376,64328,17447091,payment
pay_000262,"#INV-2026-00263,INV-2026-00264",Infinite Loop Software,2026-04-29,2026-04-30,ICICN00000000050,20563872,411277,74030,20078565,payment
pay_000263,INV-2026-00265,Deccan Steel Works,2026-04-29,2026-04-30,ICICN00000000050,16070513,321410,57854,15691249,payment
pay_000264,INV-2026-00266,Anand Furniture House,2026-04-29,2026-04-30,ICICN00000000050,2035166,40703,7327,1987136,payment
pay_000265,INV-2026-00267,Anand Furniture House,2026-06-24,2026-06-26,SBINN00000000051,10062381,201248,36225,9824908,payment
pay_000266,INV-2026-00268,Nandini Dairy Products,2026-06-24,2026-06-26,SBINN00000000051,9598304,191966,34554,9371784,payment
pay_000267,INV-2026-00269,Silverline Cosmetics,2026-06-24,2026-06-26,SBINN00000000051,16968569,339371,61087,16568111,payment
pay_000268,INV-2026-00269,Silverline Cosmetics,2026-06-24,2026-06-26,SBINN00000000051,6479676,0,0,-6479676,refund
pay_000269,INV-2026-00270,Sharma Hardware Stores,2026-04-11,2026-04-13,SBINN00000000052,6250228,125005,22501,6102722,payment
pay_000270,INV-2026-00271,Chandra Printing Press,2026-04-11,2026-04-13,SBINN00000000052,279180,5584,1005,,payment
pay_000271,INV-2026-00272,Ratna Jewellers,2026-04-11,2026-04-13,SBINN00000000052,11110389,222208,39997,10848184,payment
pay_000272,"INV-2026-00273,INV-2026-00274,INV-2026-00275",Rudra Plastics,2026-04-11,2026-04-13,SBINN00000000052,22340677,446814,80427,,payment
pay_000273,INV-2026-00276,Nirmal Water Systems,2026-04-11,2026-04-13,SBINN00000000052,10484688,209694,37745,10237249,payment
pay_000274,INV-2026-00277,Anand Furniture House,2026-04-11,2026-04-13,SBINN00000000052,7402735,148055,26650,7228030,payment
pay_000275,INV-2026-00277,Anand Furniture House,2026-04-11,2026-04-13,SBINN00000000052,16055122,0,0,-16055122,refund
pay_000276,#INV-2026-00278,Ashoka Timber Depot,2026-04-03,2026-04-04,KKBKN00000000053,18980361,379607,68329,18532425,payment
pay_000277,INV-2026-00279,Nirmal Water Systems,2026-04-03,2026-04-04,KKBKN00000000053,5078211,101564,18282,4958365,payment
pay_000278,INV-2026-00280,Ashoka Timber Depot,2026-04-03,2026-04-04,KKBKN00000000053,6942130,138843,24992,6778295,payment
pay_000279,"INV-2026-00281,INV-2026-00282,INV-2026-00283",Aakash Sports Goods,2026-04-03,2026-04-04,KKBKN00000000053,20383479,407670,73381,19902428,payment
pay_000280,INV-2026-00284,Kaveri Agro Foods,2026-04-03,2026-04-04,KKBKN00000000053,10390454,207809,37406,10145239,payment
pay_000281,INV-2026-00285,Mahalaxmi Provisions,2026-04-03,2026-04-04,KKBKN00000000053,7361554,147231,26502,,payment
pay_000282,INV-2026-00286,Meenakshi Traders,2026-04-03,2026-04-04,KKBKN00000000053,2189427,43789,7882,2137756,payment
pay_000283,inv-2026-00287,Kaveri Agro Foods,2026-04-03,2026-04-04,KKBKN00000000053,15890081,317802,57204,15515075,payment
pay_000284,INV-2026-00288,Orchid Pharma Distributors,2026-05-12,2026-05-13,HDFCN00000000054,2136629,42733,7692,2086204,payment
pay_000285,INV-2026-00288,Orchid Pharma Distributors,2026-05-12,2026-05-13,HDFCN00000000054,10074904,201498,36270,9837136,payment
pay_000286,INV-2026-00288,Orchid Pharma Distributors,2026-05-12,2026-05-13,HDFCN00000000054,1027326,20547,3698,,payment
pay_000287,INV-2026-00289,Zenith Office Supplies,2026-05-12,2026-05-13,HDFCN00000000054,18318554,366371,65947,17886236,payment
pay_000288,INV-2026-00290,Lotus Hospitality Services,2026-05-12,2026-05-13,HDFCN00000000054,15506019,310120,55822,15140077,payment
pay_000289,INV-2026-00291,Sagar Chemicals,2026-05-12,2026-05-13,HDFCN00000000054,3395297,67906,12223,3315168,payment
pay_000290,INV-2026-00291,Sagar Chemicals,2026-05-12,2026-05-13,HDFCN00000000054,441140,8823,1588,430729,payment
pay_000291,INV-2026-00292,Sunrise Electronics,2026-05-12,2026-05-13,HDFCN00000000054,3435531,68711,12368,3354452,payment
pay_000292,INV-2026-00293,Sagarika Seafoods,2026-05-12,2026-05-13,HDFCN00000000054,1683306,33666,6060,,payment
pay_000293,INV-2026-00294,Zenith Office Supplies,2026-05-19,2026-05-21,KKBKN00000000055,17540283,350806,63145,17126332,payment
pay_000294,INV-2026-00295,Zenith Office Supplies,2026-05-19,2026-05-21,KKBKN00000000055,19903054,398061,71651,19433342,payment
pay_000295,INV-2026-00296,Priya Garments,2026-05-19,2026-05-21,KKBKN00000000055,18701253,374025,67325,18259903,payment
pay_000296,INV-2026-00297,Surya Solar Solutions,2026-05-19,2026-05-21,KKBKN00000000055,12839427,256789,46222,12536416,payment
pay_000297,INV-2026-00297,Surya Solar Solutions,2026-05-19,2026-05-21,KKBKN00000000055,21399907,0,0,-21399907,refund
pay_000298,INV-2026-00298,Konark Ceramics,2026-06-21,2026-06-23,KKBKN00000000056,8198979,163980,29516,8005483,payment
pay_000299,INV202600299,Trident Paper Mills,2026-06-21,2026-06-23,KKBKN00000000056,12501294,250026,45005,12206263,payment
pay_000300,INV-2026-00300,Kaveri Agro Foods,2026-06-21,2026-06-23,KKBKN00000000056,1376995,27540,4957,1344498,payment
pay_000301,INV-2026-00301,Coastal Marine Exports,2026-06-21,2026-06-23,KKBKN00000000056,18801910,376038,67687,18358185,payment
pay_000302,INV-2026-00302,Ganesh Cement Agencies,2026-06-21,2026-06-23,KKBKN00000000056,10223301,204466,36804,9982031,payment
pay_000303,INV-2026-00303,Rajesh Textiles Pvt Ltd,2026-06-21,2026-06-23,KKBKN00000000056,3986478,79730,14351,3892397,payment
pay_000304,INV-2026-00304,Chandra Printing Press,2026-06-21,2026-06-23,KKBKN00000000056,6912322,138246,24884,6749192,payment
pay_000305,INV-2026-00305,Kalyani Engineering,2026-04-30,2026-05-01,UTIBN00000000057,7474726,149495,26909,7298322,payment
pay_000306,INV-2026-00306,Sunrise Electronics,2026-04-30,2026-05-01,UTIBN00000000057,19482811,389656,70138,19023017,payment
pay_000307,INV-2026-00307,Anand Furniture House,2026-04-30,2026-05-01,UTIBN00000000057,4779840,95597,17207,,payment
pay_000308,INV-2026-00307,Anand Furniture House,2026-04-30,2026-05-01,UTIBN00000000057,2988304,59766,10758,2917780,payment
pay_000309,INV-2026-00308,Trident Paper Mills,2026-04-30,2026-05-01,UTIBN00000000057,16511656,330233,59442,16121981,payment
pay_000310,INV-2026-00309,Surya Solar Solutions,2026-04-30,2026-05-01,UTIBN00000000057,6175718,123514,22233,6029971,payment
pay_000311,INV-2026-00309,Surya Solar Solutions,2026-04-30,2026-05-01,UTIBN00000000057,12213333,244267,43968,11925098,payment
pay_000312,INV-2026-00310,Kaveri Agro Foods,2026-04-30,2026-05-01,UTIBN00000000057,1677872,33557,6040,1638275,payment
pay_000313,INV-2026-00311,Nandini Dairy Products,2026-04-26,2026-04-27,SBINN00000000058,6490171,129803,23365,6337003,payment
pay_000314,inv-2026-00312,Himalaya Packaging,2026-04-26,2026-04-27,SBINN00000000058,13367634,267353,48124,13052157,payment
pay_000315,inv-2026-00312,Himalaya Packaging,2026-04-26,2026-04-27,SBINN00000000058,15411408,50000,9000,-15470408,chargeback
pay_000316,"INV-2026-00313,INV-2026-00314",Deccan Steel Works,2026-04-20,2026-04-21,SBINN00000000059,14415409,288308,51895,14075206,payment
pay_000317,INV-2026-00315,Mahalaxmi Provisions,2026-05-20,2026-05-21,HDFCN00000000060,5500925,110019,19803,5371103,payment
pay_000318,INV-2026-00316,Rudra Plastics,2026-05-20,2026-05-21,HDFCN00000000060,18188265,363765,65478,17759022,payment
pay_000319,INV-2026-00317,Vishal Auto Components,2026-05-20,2026-05-21,HDFCN00000000060,2681596,53632,9654,2618310,payment
pay_000320,INV-2026-00318,Surya Solar Solutions,2026-05-25,2026-05-27,SBINN00000000061,14540412,290808,52345,14197259,payment
pay_000321,INV-2026-00319,Maple Leaf Stationers,2026-05-25,2026-05-27,SBINN00000000061,9961290,199226,35861,9726203,payment
pay_000322,"INV-2026-00320,INV-2026-00321",Bluewave Logistics LLP,2026-05-25,2026-05-27,SBINN00000000061,18350217,367004,66061,17917152,payment
pay_000323,"INV-2O26-00322,INV-2026-00323",Nandini Dairy Products,2026-05-25,2026-05-27,SBINN00000000061,21228686,424574,76423,20727689,payment
pay_000324,INV-2026-00324,Rudra Plastics,2026-05-08,2026-05-09,SBINN00000000062,12825246,256505,46171,12522570,payment
pay_000325,inv-2026-00325,Sagar Chemicals,2026-05-08,2026-05-09,SBINN00000000062,4946760,98935,17808,4830017,payment
pay_000326,INV-2026-00326,Sagar Chemicals,2026-05-08,2026-05-09,SBINN00000000062,2631052,52621,9472,2568959,payment
pay_000327,INV-2026-00327,Ratna Jewellers,2026-05-08,2026-05-09,SBINN00000000062,19974836,399497,71909,19503430,payment
pay_000328,INV-2026-00328,Kalyani Engineering,2026-04-29,2026-04-30,UTIBN00000000063,16525471,330509,59492,16135470,payment
pay_000329,INV-2026-00329,Ratna Jewellers,2026-04-29,2026-04-30,UTIBN00000000063,13234715,264694,47645,12922376,payment
pay_000330,INV-2026-00330,Rudra Plastics,2026-04-29,2026-04-30,UTIBN00000000063,225888,4518,813,220557,payment
pay_000331,INV-2026-00330,Rudra Plastics,2026-04-29,2026-04-30,UTIBN00000000063,4388778,87776,15800,4285202,payment
pay_000332,INV-2026-00330,Rudra Plastics,2026-04-29,2026-04-30,UTIBN00000000063,1472689,29454,5302,1437933,payment
pay_000333,INV-2026-00331,Sagarika Seafoods,2026-04-29,2026-04-30,UTIBN00000000063,2370579,47412,8534,2314633,payment
pay_000334,INV-2026-00332,Everest Cold Storage,2026-04-29,2026-04-30,UTIBN00000000063,10211377,204228,36761,,payment
pay_000335,INV-2026-00333,Greenleaf Organics,2026-04-29,2026-04-30,UTIBN00000000063,12699712,253994,45719,12399999,payment
pay_000336,INV-2026-00334,Chandra Printing Press,2026-04-29,2026-04-30,UTIBN00000000063,17049099,340982,61377,,payment
pay_000337,INV-2026-00335,Nandini Dairy Products,2026-05-18,2026-05-19,SBINN00000000064,17457964,349159,62849,,payment
pay_000338,INV-2026-00336,Surya Solar Solutions,2026-05-07,2026-05-08,HDFCN00000000065,6991315,139826,25169,6826320,payment
pay_000339,INV-2026-00337,Surya Solar Solutions,2026-05-07,2026-05-08,HDFCN00000000065,15231608,304632,54834,14872142,payment
pay_000340,"INV-2026-00338,INV-2026-00339,INV-2026-00340",Zenith Office Supplies,2026-05-07,2026-05-08,HDFCN00000000065,10092240,201845,36332,9854063,payment
pay_000341,INV-2026-00341,Maple Leaf Stationers,2026-05-10,2026-05-11,HDFCN00000000066,7257361,145147,26126,7086088,payment
pay_000342,INV-2026-00342,Bluewave Logistics LLP,2026-05-10,2026-05-11,HDFCN00000000066,18065005,361300,65034,17638671,payment
pay_000343,INV-2026-00343,Kalyani Engineering,2026-05-10,2026-05-11,HDFCN00000000066,5258148,105163,18929,5134056,payment
pay_000344,INV-2026-00343,Kalyani Engineering,2026-05-10,2026-05-11,HDFCN00000000066,2954130,59083,10635,2884412,payment
pay_000345,INV-2026-00343,Kalyani Engineering,2026-05-10,2026-05-11,HDFCN00000000066,640841,12817,2307,625717,payment
pay_000346,INV-2026-00344,Surya Solar Solutions,2026-05-10,2026-05-11,HDFCN00000000066,5839062,116781,21021,5701260,payment
pay_000347,INV-2026-00345,Zenith Office Supplies,2026-05-10,2026-05-11,HDFCN00000000066,2893804,57876,10418,2825510,payment
pay_000348,INV-2026-00346,Kalyani Engineering,2026-05-10,2026-05-11,HDFCN00000000066,1565859,31317,5637,1528905,payment
pay_000349,INV-2026-00346,Kalyani Engineering,2026-05-10,2026-05-11,HDFCN00000000066,2408295,48166,8670,2351459,payment
pay_000350,INV-2026-00347,Everest Cold Storage,2026-05-10,2026-05-11,HDFCN00000000066,12925169,258503,46531,12620135,payment
pay_000351,INV-2026-00348,Aakash Sports Goods,2026-05-10,2026-05-11,HDFCN00000000066,5862795,117256,21106,5724433,payment
pay_000352,INV-2026-00349,Aakash Sports Goods,2026-04-18,2026-04-20,KKBKN00000000067,16448034,328961,59213,16059860,payment
pay_000353,"INV-2026-00350,INV-2026-00351",Rudra Plastics,2026-04-18,2026-04-20,KKBKN00000000067,8741558,174831,31470,8535257,payment
pay_000354,INV-2026-00352,Deccan Steel Works,2026-04-18,2026-04-20,KKBKN00000000067,16669957,333399,60012,,payment
pay_000355,INV-2026-00353,Orchid Pharma Distributors,2026-04-18,2026-04-20,KKBKN00000000067,18273619,365472,65785,,payment
pay_000356,INV-2026-00354,Bharat Tyre Traders,2026-04-18,2026-04-20,KKBKN00000000067,1446217,28924,5206,,payment
pay_000357,INV-2026-00355,Sagarika Seafoods,2026-04-18,2026-04-20,KKBKN00000000067,3486525,69731,12552,3404242,payment
pay_000358,INV-2026-00356,Ratna Jewellers,2026-04-18,2026-04-20,KKBKN00000000067,15140513,302810,54506,14783197,payment
pay_000359,INV-2026-00357,Ganesh Cement Agencies,2026-06-08,2026-06-09,KKBKN00000000068,11821414,236428,42557,11542429,payment
pay_000360,INV-2026-00358,Indus Valley Handicrafts,2026-06-08,2026-06-09,KKBKN00000000068,9869191,197384,35529,9636278,payment
pay_000361,INV-2026-00359,Sagar Chemicals,2026-06-08,2026-06-09,KKBKN00000000068,3245226,64905,11683,3168638,payment
pay_000362,INV-2026-00360,Everest Cold Storage,2026-06-08,2026-06-09,KKBKN00000000068,4307660,86153,15508,4205999,payment
pay_000363,INV-2026-00361,Bharat Tyre Traders,2026-04-08,2026-04-10,HDFCN00000000069,11032005,220640,39715,10771650,payment
pay_000364,INV-2026-00362,Sharma Hardware Stores,2026-04-08,2026-04-10,HDFCN00000000069,12069960,241399,43452,11785109,payment
pay_000365,INV-2026-00363,Silverline Cosmetics,2026-04-08,2026-04-10,HDFCN00000000069,7158555,143171,25771,6989613,payment
pay_000366,INV-2026-00364,Kalyani Engineering,2026-04-08,2026-04-10,HDFCN00000000069,18414694,368294,66293,17980107,payment
pay_000367,INV-2026-00365,Rudra Plastics,2026-04-08,2026-04-10,HDFCN00000000069,11583987,231680,41702,11310605,payment
pay_000368,"INV-2026-00366,INV-2026-0036",Sagar Chemicals,2026-04-01,2026-04-03,ICICN00000000070,8419674,168393,30311,8220970,payment
pay_000369,INV- 2026-00368,Infinite Loop Software,2026-04-01,2026-04-03,ICICN00000000070,3243834,64877,11678,3167279,payment
pay_000370,INV-2026-00369/PART,Bluewave Logistics LLP,2026-04-01,2026-04-03,ICICN00000000070,311718,6234,1122,304362,payment
pay_000371,INV-2026-00369,Bluewave Logistics LLP,2026-04-01,2026-04-03,ICICN00000000070,14622348,292447,52640,14277261,payment
pay_000372,INV-2026-00369,Bluewave Logistics LLP,2026-04-01,2026-04-03,ICICN00000000070,2545590,50912,9164,2485514,payment
pay_000373,INV-2026-00370,Ashoka Timber Depot,2026-05-12,2026-05-13,ICICN00000000071,5556837,111137,20005,,payment
pay_000374,INV-2026-00371,Ganesh Cement Agencies,2026-05-12,2026-05-13,ICICN00000000071,13864691,277294,49913,13537484,payment
pay_000375,INV-2026-00372,Sunrise Electronics,2026-05-25,2026-05-26,HDFCN00000000072,10171672,203433,36618,9931621,payment
pay_000376,INV-2026-00373,Indus Valley Handicrafts,2026-05-25,2026-05-26,HDFCN00000000072,13194982,263900,47502,12883580,payment
pay_000377,INV-2026-00374,Kaveri Agro Foods,2026-05-25,2026-05-26,HDFCN00000000072,8080953,161619,29091,7890243,payment
pay_000378,1NV-2026-00375,Orchid Pharma Distributors,2026-05-25,2026-05-26,HDFCN00000000072,19978976,399580,71924,19507472,payment
pay_000379,INV-2026-00376,Bharat Tyre Traders,2026-05-25,2026-05-26,HDFCN00000000072,13030137,260603,46909,12722625,payment
pay_000380,INV-2026-00377,Pinnacle Interiors,2026-06-21,2026-06-23,SBINN00000000073,18054127,361083,64995,17628049,payment
pay_000381,INV-2026-00378,Greenleaf Organics,2026-06-21,2026-06-23,SBINN00000000073,2701523,54030,9725,2637768,payment
pay_000382,INV-2026-00379,Ganesh Cement Agencies,2026-06-21,2026-06-23,SBINN00000000073,18048267,360965,64974,17622328,payment
pay_000383,INV-2026-00380,Maple Leaf Stationers,2026-06-21,2026-06-23,SBINN00000000073,2268454,45369,8166,2214919,payment
pay_000384,INV-2026-00381,Pinnacle Interiors,2026-06-21,2026-06-23,SBINN00000000073,1993001,39860,7175,1945966,payment
pay_000385,INV-2026-00382,Pinnacle Interiors,2026-06-21,2026-06-23,SBINN00000000073,1396970,27939,5029,1364002,payment
pay_000386,INV-2026-00382,Pinnacle Interiors,2026-06-21,2026-06-23,SBINN00000000073,499484,9990,1798,487696,payment
pay_000387,"INV-2026-00383,INV-2026-00384",Orchid Pharma Distributors,2026-06-21,2026-06-23,SBINN00000000073,17137716,342754,61696,16733266,payment
pay_000388,"INV-2026-00383,INV-2026-00384",Orchid Pharma Distributors,2026-06-21,2026-06-23,SBINN00000000073,35108295,50000,9000,-35167295,chargeback
pay_000389,INV-2026-00385,Nirmal Water Systems,2026-04-09,2026-04-11,HDFCN00000000074,19071542,381431,68658,18621453,payment
pay_000390,INV-2026-00386,Deccan Steel Works,2026-04-09,2026-04-11,HDFCN00000000074,19307301,386146,69506,18851649,payment
pay_000391,1NV-2026-00387,Orchid Pharma Distributors,2026-04-09,2026-04-11,HDFCN00000000074,136184,2724,490,132970,payment
pay_000392,"INV-2026-00388,INV-2026-00389",Ratna Jewellers,2026-04-09,2026-04-11,HDFCN00000000074,6322609,126452,22761,6173396,payment
pay_000393,INV-2026-00390,Everest Cold Storage,2026-04-09,2026-04-11,HDFCN00000000074,14017253,280345,50462,13686446,payment
pay_000394,INV-2026-00391,Kalyani Engineering,2026-04-09,2026-04-11,HDFCN00000000074,19227564,384551,69219,18773794,payment
pay_000395,INV-2026-00392,Nirmal Water Systems,2026-04-09,2026-04-11,HDFCN00000000074,6067797,121356,21844,5924597,payment
pay_000396,INV-2026-00393,Ashoka Timber Depot,2026-04-09,2026-04-11,HDFCN00000000074,2362787,47256,8506,2307025,payment
pay_000397,"INV-2026-00394,INV-2026-00395",Greenleaf Organics,2026-04-15,2026-04-16,SBINN00000000075,19542156,390843,70352,19080961,payment
pay_000398,INV-2026-00396,Rajesh Textiles Pvt Ltd,2026-04-15,2026-04-16,SBINN00000000075,12675688,253514,45633,12376541,payment
pay_000399,INV-2026-00397,Zenith Office Supplies,2026-04-15,2026-04-16,SBINN00000000075,4127537,82551,14859,,payment
pay_000400,INV-2026-00397,Zenith Office Supplies,2026-04-15,2026-04-16,SBINN00000000075,3914041,78281,14091,3821669,payment
pay_000401,INV-2026-00398,Greenleaf Organics,2026-04-15,2026-04-16,SBINN00000000075,1523048,30461,5483,1487104,payment
pay_000402,INV-2026-00399,Vishal Auto Components,2026-04-15,2026-04-16,KKBKN00000000076,10619945,212399,38232,10369314,payment
pay_000403,INV-2026-00400,Mahalaxmi Provisions,2026-04-15,2026-04-16,KKBKN00000000076,10997186,219944,39590,10737652,payment
pay_000404,INV-2026-00401,Sagar Chemicals,2026-04-15,2026-04-16,KKBKN00000000076,4617155,92343,16622,4508190,payment
pay_000405,INV-2026-00402,Maple Leaf Stationers,2026-04-15,2026-04-16,KKBKN00000000076,3909653,78193,14075,,payment
pay_000406,INV-2026-00402,Maple Leaf Stationers,2026-04-15,2026-04-16,KKBKN00000000076,1655856,33117,5961,1616778,payment
pay_000407,INV-2026-00403,Surya Solar Solutions,2026-04-15,2026-04-16,KKBKN00000000076,15213820,304276,54770,,payment
pay_000408,INV-2026-00404,Himalaya Packaging,2026-04-15,2026-04-16,KKBKN00000000076,5338694,106774,19219,,payment
pay_000409,INV-2026-00405,Zenith Office Supplies,2026-04-15,2026-04-16,KKBKN00000000076,1403243,28065,5052,1370126,payment
pay_000410,INV202600406,Vertex Lab Equipment,2026-04-19,2026-04-20,KKBKN00000000077,100401,2008,361,98032,payment
pay_000411,INV-2026-00406,Vertex Lab Equipment,2026-04-19,2026-04-20,KKBKN00000000077,4640275,92806,16705,4530764,payment
pay_000412,INV-2026-00407,Mahalaxmi Provisions,2026-04-19,2026-04-20,KKBKN00000000077,2869895,57398,10332,2802165,payment
pay_000413,inv-2026-00408,Kaveri Agro Foods,2026-05-18,2026-05-19,HDFCN00000000078,6627078,132542,23858,6470678,payment
pay_000414,INV-2026-00408,Kaveri Agro Foods,2026-05-18,2026-05-19,HDFCN00000000078,1696641,33933,6108,1656600,payment
pay_000415,INV-2026-00408,Kaveri Agro Foods,2026-05-18,2026-05-19,HDFCN00000000078,6260597,125212,22538,6112847,payment
pay_000416,INV-2026-00409,Priya Garments,2026-05-18,2026-05-19,HDFCN00000000078,5037242,100745,18134,4918363,payment
pay_000417,INV-2026-00410,Prakash Lighting Co,2026-05-18,2026-05-19,HDFCN00000000078,16790024,335800,60444,16393780,payment
pay_000418,INV-2026-00411,Konark Ceramics,2026-05-18,2026-05-19,HDFCN00000000078,9437724,188754,33976,9214994,payment
pay_000419,INV-2026-00412,Everest Cold Storage,2026-05-18,2026-05-19,HDFCN00000000078,655417,13108,2359,639950,payment
pay_000420,INV-2026-00412,Everest Cold Storage,2026-05-18,2026-05-19,HDFCN00000000078,17037975,340760,61337,16635878,payment
pay_000421,INV-2026-00413,Surya Solar Solutions,2026-05-18,2026-05-19,HDFCN00000000078,16313144,326263,58727,15928154,payment
pay_000422,INV-2026-00414,Rudra Plastics,2026-05-18,2026-05-19,HDFCN00000000078,9124315,182486,32847,8908982,payment
pay_000423,INV- 2026-00415,Kalyani Engineering,2026-05-18,2026-05-19,HDFCN00000000078,9476536,189531,34116,9252889,payment
pay_000424,INV-2026-00416/PART,Priya Garments,2026-05-31,2026-06-02,KKBKN00000000079,6019482,120390,21670,5877422,payment
pay_000425,INV-2026-00416,Priya Garments,2026-05-31,2026-06-02,KKBKN00000000079,3905389,78108,14059,3813222,payment
pay_000426,INV-2026-00416,Priya Garments,2026-05-31,2026-06-02,KKBKN00000000079,795584,15912,2864,776808,payment
pay_000427,INV-2026-00417,Rudra Plastics,2026-05-31,2026-06-02,KKBKN00000000079,16566388,331328,59639,16175421,payment
pay_000428,INV-2026-00418,Priya Garments,2026-05-31,2026-06-02,KKBKN00000000079,1934684,38694,6965,1889025,payment
pay_000429,"INV-2026-00419,INV-2026-00420",Infinite Loop Software,2026-05-31,2026-06-02,KKBKN00000000079,17991167,359823,64768,17566576,payment
pay_000430,INV 2026 00421,Trident Paper Mills,2026-05-31,2026-06-02,KKBKN00000000079,10907838,218157,39268,10650413,payment
pay_000431,INV-2026-00422,Maple Leaf Stationers,2026-05-31,2026-06-02,KKBKN00000000079,3771877,75438,13579,3682860,payment
pay_000432,INV-2026-00423,Konark Ceramics,2026-04-08,2026-04-10,SBINN00000000080,12023078,240462,43283,11739333,payment
pay_000433,INV-2026-00424,Maple Leaf Stationers,2026-04-08,2026-04-10,SBINN00000000080,10345279,206906,37243,10101130,payment
pay_000434,INV-2026-00425,Anand Furniture House,2026-04-08,2026-04-10,SBINN00000000080,51427,1029,185,50213,payment
pay_000435,INV-2026-00425,Anand Furniture House,2026-04-08,2026-04-10,SBINN00000000080,23755,475,86,23194,payment
pay_000436,INV-2026-00425,Anand Furniture House,2026-04-08,2026-04-10,SBINN00000000080,35145,703,127,34315,payment
pay_000437,"INV-2026-00426,INV-2026-00427",Sagarika Seafoods,2026-05-20,2026-05-21,ICICN00000000081,10986826,219737,39553,10727536,payment
pay_000438,"INV-2026-00428,INV-2026-00429",Rajesh Textiles Pvt Ltd,2026-05-20,2026-05-21,ICICN00000000081,28073402,561468,101064,27410870,payment
pay_000439,INV-2026-00430,Lotus Hospitality Services,2026-05-20,2026-05-21,ICICN00000000081,3453377,69068,12432,3371877,payment
pay_000440,INV-2026-00431,Rudra Plastics,2026-05-20,2026-05-21,ICICN00000000081,7619300,152386,27429,7439485,payment
pay_000441,INV-2026-0043,Bluewave Logistics LLP,2026-05-20,2026-05-21,ICICN00000000081,9945491,198910,35804,,payment
pay_000442,"INV-2026-00433,INV-2026-00434",Nandini Dairy Products,2026-05-20,2026-05-21,ICICN00000000081,8015721,160314,28857,7826550,payment
pay_000443,INV-2026-00435,Konark Ceramics,2026-05-18,2026-05-19,ICICN00000000082,18173602,363472,65425,17744705,payment
pay_000444,INV-2026-00436,Anand Furniture House,2026-05-18,2026-05-19,ICICN00000000082,1715489,34310,6176,1675003,payment
pay_000445,INV-2026-00437,Konark Ceramics,2026-05-18,2026-05-19,ICICN00000000082,1878879,37578,6764,1834537,payment
pay_000446,"INV-2026-00438,INV-2026-00439,INV-2026-00440",Pinnacle Interiors,2026-05-18,2026-05-19,ICICN00000000082,26465675,529314,95277,,payment
pay_000447,INV-2026-00441,Anand Furniture House,2026-05-18,2026-05-19,ICICN00000000082,3925836,78517,14133,3833186,payment
pay_000448,#INV-2026-00442,Mahalaxmi Provisions,2026-05-18,2026-05-19,ICICN00000000082,8942072,178841,32191,8731040,payment
pay_000449,INV- 2026-00443,Lotus Hospitality Services,2026-05-18,2026-05-19,ICICN00000000082,7478968,149579,26924,7302465,payment
pay_000450,INV-2026-00443,Lotus Hospitality Services,2026-05-18,2026-05-19,ICICN00000000082,4966095,99322,17878,4848895,payment
pay_000451,INV-2026-00444,Chandra Printing Press,2026-04-23,2026-04-25,SBINN00000000083,1215294,24306,4375,,payment
pay_000452,INV-2026-00445,Ashoka Timber Depot,2026-04-23,2026-04-25,SBINN00000000083,4997522,99950,17991,4879581,payment
pay_000453,INV-2O26-00446,Sagarika Seafoods,2026-04-23,2026-04-25,SBINN00000000083,1058624,21172,3811,,payment
pay_000454,INV-2026-00446,Sagarika Seafoods,2026-04-23,2026-04-25,SBINN00000000083,6101229,122025,21965,5957239,payment
pay_000455,INV-2026-00447,Pinnacle Interiors,2026-04-23,2026-04-25,SBINN00000000083,5011970,100239,18043,4893688,payment
pay_000456,INV-2026-00448,Everest Cold Storage,2026-06-27,2026-06-29,KKBKN00000000084,3362388,67248,12105,3283035,payment
pay_000457,INV-2026-0044,Everest Cold Storage,2026-06-27,2026-06-29,KKBKN00000000084,182228,3645,656,177927,payment
pay_000458,INV-2026-00448,Everest Cold Storage,2026-06-27,2026-06-29,KKBKN00000000084,16233179,324664,58440,15850075,payment
pay_000459,INV-2026-00449,Surya Solar Solutions,2026-06-27,2026-06-29,KKBKN00000000084,12902806,258056,46450,12598300,payment
pay_000460,INV-2026-00450,Sagar Chemicals,2026-05-18,2026-05-19,ICICN00000000085,11386904,227738,40993,11118173,payment
pay_000461,INV-2026-00451,Zenith Office Supplies,2026-05-18,2026-05-19,ICICN00000000085,3345628,66913,12044,3266671,payment
pay_000462,INV-2026-00452,Infinite Loop Software,2026-05-18,2026-05-19,ICICN00000000085,4520217,90404,16273,4413540,payment
pay_000463,INV-2026-00452,Infinite Loop Software,2026-05-18,2026-05-19,ICICN00000000085,10398107,207962,37433,10152712,payment
pay_000464,INV-2026-00453,Sharma Hardware Stores,2026-05-18,2026-05-19,ICICN00000000085,8127995,162560,29261,7936174,payment
pay_000465,INV-2026-00453,Sharma Hardware Stores,2026-05-18,2026-05-19,ICICN00000000085,4614288,92286,16611,4505391,payment
pay_000466,INV 2026 00453,Sharma Hardware Stores,2026-05-18,2026-05-19,ICICN00000000085,970087,19402,3492,947193,payment
pay_000467,INV-2026-00454,Bluewave Logistics LLP,2026-05-18,2026-05-19,ICICN00000000085,13585359,271707,48907,,payment
pay_000468,INV-2026-00455,Ashoka Timber Depot,2026-05-18,2026-05-19,ICICN00000000085,5879658,117593,21167,,payment
pay_000469,INV-2026-00456,Coastal Marine Exports,2026-05-18,2026-05-19,ICICN00000000085,1159680,23194,4175,1132311,payment
pay_000470,INV-2026-00457,Bharat Tyre Traders,2026-05-18,2026-05-19,ICICN00000000085,12409839,248197,44675,,payment
pay_000471,"INV-2026-00458,INV-2026-00459,INV-2026-00460",Lotus Hospitality Services,2026-05-26,2026-05-28,HDFCN00000000086,21831584,436632,78594,21316358,payment
pay_000472,INV-2026-00461,Lotus Hospitality Services,2026-04-12,2026-04-14,UTIBN00000000087,8505673,170113,30620,8304940,payment
pay_000473,INV-2026-00462,Zenith Office Supplies,2026-04-12,2026-04-14,UTIBN00000000087,13376227,267525,48155,13060547,payment
pay_000474,INV-2026-00463,Rajesh Textiles Pvt Ltd,2026-04-12,2026-04-14,UTIBN00000000087,12607067,252141,45385,12309541,payment
pay_000475,INV-2026-00464,Indus Valley Handicrafts,2026-04-12,2026-04-14,UTIBN00000000087,3677386,73548,13239,3590599,payment
pay_000476,INV-2026-00465,Trident Paper Mills,2026-04-12,2026-04-14,UTIBN00000000087,10959789,219196,39455,10701138,payment
pay_000477,INV-2026-00466,Himalaya Packaging,2026-04-12,2026-04-14,UTIBN00000000087,10075766,201515,36273,9837978,payment
pay_000478,INV-2026-00467,Ashoka Timber Depot,2026-04-12,2026-04-14,UTIBN00000000087,13609293,272186,48993,13288114,payment
pay_000479,INV-2026-00468,Surya Solar Solutions,2026-06-05,2026-06-06,UTIBN00000000088,18781696,375634,67614,18338448,payment
pay_000480,INV-2026-00469,Nandini Dairy Products,2026-06-05,2026-06-06,UTIBN00000000088,8728915,174578,31424,8522913,payment
pay_000481,INV-2026-00470,Konark Ceramics,2026-06-05,2026-06-06,UTIBN00000000088,11311956,226239,40723,11044994,payment
pay_000482,INV-2026-00471,Infinite Loop Software,2026-06-05,2026-06-06,UTIBN00000000088,10354071,207081,37275,10109715,payment
pay_000483,INV-2026-00472,Trident Paper Mills,2026-06-05,2026-06-06,UTIBN00000000088,9916718,198334,35700,9682684,payment
pay_000484,INV-2026-00473,Orchid Pharma Distributors,2026-06-05,2026-06-06,UTIBN00000000088,19631514,392630,70673,19168211,payment
pay_000485,"INV-2026-00474,INV-2026-00475",Prakash Lighting Co,2026-06-05,2026-06-06,UTIBN00000000088,16927048,338541,60937,16527570,payment
pay_000486,"INV-2026-00476,INV-2026-00477",Everest Cold Storage,2026-06-05,2026-06-06,UTIBN00000000088,20551037,411021,73984,,payment
pay_000487,#INV-2026-00478,Pinnacle Interiors,2026-04-28,2026-04-29,HDFCN00000000089,12911964,258239,46483,12607242,payment
pay_000488,INV-2026-00479,Coastal Marine Exports,2026-04-28,2026-04-29,HDFCN00000000089,10861678,217234,39102,10605342,payment
pay_000489,INV-2026-00480,Ashoka Timber Depot,2026-04-28,2026-04-29,HDFCN00000000089,59414,1188,214,58012,payment
pay_000490,INV-2026-00480,Ashoka Timber Depot,2026-04-28,2026-04-29,HDFCN00000000089,5913,118,21,5774,payment
pay_000491,INV-2026-00480,Ashoka Timber Depot,2026-04-28,2026-04-29,HDFCN00000000089,123045,2461,443,120141,payment
pay_000492,1NV-2026-00481,Lotus Hospitality Services,2026-04-28,2026-04-29,HDFCN00000000089,5654267,113085,20355,5520827,payment
pay_000493,INV-2026-00482,Zenith Office Supplies,2026-04-28,2026-04-29,HDFCN00000000089,17507982,350160,63029,17094793,payment
pay_000494,INV-2026-00483,Trident Paper Mills,2026-04-28,2026-04-29,HDFCN00000000089,4539228,90785,16341,,payment
pay_000495,INV-2026-00484,Aakash Sports Goods,2026-04-28,2026-04-29,HDFCN00000000089,5582572,111651,20097,5450824,payment
pay_000496,INV-2026-00484,Aakash Sports Goods,2026-04-28,2026-04-29,HDFCN00000000089,27256477,0,0,-27256477,refund
pay_000497,INV-2026-00485,Nandini Dairy Products,2026-04-09,2026-04-10,UTIBN00000000090,1668499,33370,6007,1629122,payment
pay_000498,INV-2026-00486,Nandini Dairy Products,2026-05-26,2026-05-27,KKBKN00000000091,4000516,80010,14402,3906104,payment
pay_000499,INV-2026-00487,Nandini Dairy Products,2026-05-26,2026-05-27,KKBKN00000000091,6752477,135050,24309,,payment
pay_000500,INV-2026-00488,Ashoka Timber Depot,2026-05-26,2026-05-27,KKBKN00000000091,13799137,275983,49677,13473477,payment
pay_000501,INV-2026-00489,Meenakshi Traders,2026-05-26,2026-05-27,KKBKN00000000091,16178405,323568,58242,15796595,payment
pay_000502,"INV-2026-00490,INV-2026-00491",Rajesh Textiles Pvt Ltd,2026-05-26,2026-05-27,KKBKN00000000091,35944749,718895,129401,35096453,payment
pay_000503,INV-2026-00492,Sharma Hardware Stores,2026-05-26,2026-05-27,KKBKN00000000091,3448744,68975,12416,3367353,payment
pay_000504,INV-2026-00493,Infinite Loop Software,2026-05-26,2026-05-27,KKBKN00000000091,8912565,178251,32085,,payment
pay_000505,INV-2026-00494,Surya Solar Solutions,2026-06-28,2026-06-29,ICICN00000000092,9052969,181059,32591,8839319,payment
pay_000506,inv-2026-00495,Sharma Hardware Stores,2026-06-28,2026-06-29,ICICN00000000092,6186079,123722,22270,6040087,payment
pay_000507,INV-2026-00496,Vertex Lab Equipment,2026-06-28,2026-06-29,ICICN00000000092,16097239,321945,57950,15717344,payment
pay_000508,INV-2026-00497,Deccan Steel Works,2026-06-28,2026-06-29,ICICN00000000092,217602,4352,783,212467,payment
pay_000509,INV-2026-00497,Deccan Steel Works,2026-06-28,2026-06-29,ICICN00000000092,1800244,36005,6481,1757758,payment
pay_000510,INV-2026-00498,Rudra Plastics,2026-06-28,2026-06-29,ICICN00000000092,12792321,255846,46052,12490423,payment
pay_000511,"INV-2026-00499,INV-2026-00500,INV-2026-00501",Prakash Lighting Co,2026-06-28,2026-06-29,ICICN00000000092,34713156,694263,124967,33893926,payment
pay_000512,INV-2026-00502,Ratna Jewellers,2026-05-17,2026-05-18,KKBKN00000000093,12964316,259286,46671,12658359,payment
pay_000513,INV 2026 00503,Konark Ceramics,2026-05-17,2026-05-18,KKBKN00000000093,1880935,37619,6771,1836545,payment
pay_000514,INV- 2026-00504,Nirmal Water Systems,2026-05-17,2026-05-18,KKBKN00000000093,5600033,112001,20160,5467872,payment
pay_000515,INV-2026-00505,Kalyani Engineering,2026-05-17,2026-05-18,KKBKN00000000093,1739489,34790,6262,1698437,payment
pay_000516,INV- 2026-00506,Konark Ceramics,2026-05-17,2026-05-18,KKBKN00000000093,7935291,158706,28567,7748018,payment
pay_000517,INV-2026-00507,Rudra Plastics,2026-05-17,2026-05-18,KKBKN00000000093,15051116,301022,54184,14695910,payment
pay_000518,INV-2026-00508,Aakash Sports Goods,2026-05-17,2026-05-18,KKBKN00000000093,3494138,69883,12579,3411676,payment
pay_000519,INV-2026-00509,Sagarika Seafoods,2026-04-10,2026-04-12,KKBKN00000000094,2863611,57272,10309,2796030,payment
pay_000520,INV-2026-00509,Sagarika Seafoods,2026-04-10,2026-04-12,KKBKN00000000094,4626987,92540,16657,,payment
pay_000521,INV 2026 00510,Anand Furniture House,2026-04-10,2026-04-12,KKBKN00000000094,3617582,72352,13023,3532207,payment
pay_000522,INV-2026-00511,Aakash Sports Goods,2026-04-10,2026-04-12,KKBKN00000000094,4266366,85327,15359,4165680,payment
pay_000523,INV-2026-00511,Aakash Sports Goods,2026-04-10,2026-04-12,KKBKN00000000094,9514468,190289,34252,9289927,payment
pay_000524,INV-2026-00512,Mahalaxmi Provisions,2026-04-10,2026-04-12,KKBKN00000000094,6444762,128895,23201,6292666,payment
pay_000525,INV-2026-00513,Nandini Dairy Products,2026-04-10,2026-04-12,KKBKN00000000094,19807222,396144,71306,19339772,payment
pay_000526,INV-2026-00514,Sagarika Seafoods,2026-04-10,2026-04-12,KKBKN00000000094,16968063,339361,61085,16567617,payment
pay_000527,INV-2026-00515,Nirmal Water Systems,2026-06-12,2026-06-14,HDFCN00000000095,8379511,167590,30166,8181755,payment
pay_000528,INV-2026-00516,Trident Paper Mills,2026-06-12,2026-06-14,HDFCN00000000095,4525216,90504,16291,4418421,payment
pay_000529,INV-2026-00517,Indus Valley Handicrafts,2026-06-12,2026-06-14,HDFCN00000000095,17239755,344795,62063,,payment
pay_000530,INV-2026-00518,Konark Ceramics,2026-06-12,2026-06-14,HDFCN00000000095,18625114,372502,67050,18185562,payment
pay_000531,INV-2026-00519,Coastal Marine Exports,2026-06-12,2026-06-14,HDFCN00000000095,9800229,196005,35281,9568943,payment
pay_000532,INV-2026-00520,Vishal Auto Components,2026-06-12,2026-06-14,HDFCN00000000095,6016404,120328,21659,5874417,payment
pay_000533,INV-2026-00521,Ashoka Timber Depot,2026-04-21,2026-04-23,UTIBN00000000096,474935,9499,1710,463726,payment
pay_000534,INV-2026-00521,Ashoka Timber Depot,2026-04-21,2026-04-23,UTIBN00000000096,4451420,89028,16025,4346367,payment
pay_000535,INV-2026-00522,Ratna Jewellers,2026-04-12,2026-04-13,KKBKN00000000097,9701551,194031,34926,9472594,payment
pay_000536,INV-2026-00523,Kaveri Agro Foods,2026-04-12,2026-04-13,KKBKN00000000097,14027643,280553,50500,13696590,payment
pay_000537,INV-2026-00524,Kalyani Engineering,2026-04-12,2026-04-13,KKBKN00000000097,485041,9701,1746,473594,payment
pay_000538,INV-2026-00525,Coastal Marine Exports,2026-04-12,2026-04-13,KKBKN00000000097,14916755,298335,53700,14564720,payment
pay_000539,INV-2026-00526,Bharat Tyre Traders,2026-04-12,2026-04-13,KKBKN00000000097,6642408,132848,23913,6485647,payment
pay_000540,INV-2026-00527,Coastal Marine Exports,2026-04-12,2026-04-13,KKBKN00000000097,2548764,50975,9176,,payment
pay_000541,INV-2026-0052,Priya Garments,2026-04-12,2026-04-13,KKBKN00000000097,12706672,254133,45744,12406795,payment
pay_000542,INV-2026-00529,Rudra Plastics,2026-06-22,2026-06-24,KKBKN00000000098,10715578,214312,38576,10462690,payment
pay_000543,INV-2026-00530,Priya Garments,2026-06-22,2026-06-24,KKBKN00000000098,16999697,339994,61199,16598504,payment
pay_000544,INV-2026-00531,Silverline Cosmetics,2026-06-22,2026-06-24,KKBKN00000000098,11774017,235480,42386,11496151,payment
pay_000545,INV-2026-00532,Ganesh Cement Agencies,2026-06-22,2026-06-24,KKBKN00000000098,12156366,243127,43763,11869476,payment
pay_000546,INV-2026-00533/PART,Prakash Lighting Co,2026-06-22,2026-06-24,KKBKN00000000098,345403,6908,1243,337252,payment
pay_000547,INV-2026-00534,Sagarika Seafoods,2026-06-22,2026-06-24,KKBKN00000000098,8231481,164630,29633,8037218,payment
pay_000548,INV-2026-00535,Kalyani Engineering,2026-06-22,2026-06-24,KKBKN00000000098,3854201,77084,13875,3763242,payment
pay_000549,INV-2026-00536,Silverline Cosmetics,2026-06-22,2026-06-24,KKBKN00000000098,17393206,347864,62616,16982726,payment
pay_000550,INV-2026-00537,Ganesh Cement Agencies,2026-04-22,2026-04-23,KKBKN00000000099,7202970,144059,25931,7032980,payment
pay_000551,INV-2026-00538,Pinnacle Interiors,2026-04-22,2026-04-23,KKBKN00000000099,18094037,361881,65139,17667017,payment
pay_000552,INV-2026-00539,Himalaya Packaging,2026-05-28,2026-05-29,KKBKN00000000100,13621023,272420,49036,13299567,payment
pay_000553,INV-2026-00S40,Sunrise Electronics,2026-05-28,2026-05-29,KKBKN00000000100,17996063,359921,64786,17571356,payment
pay_000554,INV-2026-00541,Bluewave Logistics LLP,2026-05-28,2026-05-29,KKBKN00000000100,1577292,31546,5678,1540068,payment
pay_000555,INV-2026-00542,Bluewave Logistics LLP,2026-05-28,2026-05-29,KKBKN00000000100,3611317,72226,13001,3526090,payment
pay_000556,INV-2026-00543,Bharat Tyre Traders,2026-04-21,2026-04-22,UTIBN00000000101,18623189,372464,67044,18183681,payment
pay_000557,INV-2026-00544,Greenleaf Organics,2026-04-21,2026-04-22,UTIBN00000000101,13223287,264466,47604,12911217,payment
pay_000558,INV202600544,Greenleaf Organics,2026-04-21,2026-04-22,UTIBN00000000101,4800644,96013,17282,4687349,payment
pay_000559,INV-2026-00544,Greenleaf Organics,2026-04-21,2026-04-22,UTIBN00000000101,1243316,24866,4476,1213974,payment
pay_000560,INV-2026-00545,Surya Solar Solutions,2026-04-21,2026-04-22,UTIBN00000000101,17248414,344968,62094,16841352,payment
pay_000561,INV-2026-00S46,Priya Garments,2026-04-21,2026-04-22,UTIBN00000000101,6570505,131410,23654,6415441,payment
pay_000562,INV-2026-00547,Kaveri Agro Foods,2026-04-21,2026-04-22,UTIBN00000000101,15527491,310550,55899,15161042,payment
pay_000563,INV-2026-00547,Kaveri Agro Foods,2026-04-21,2026-04-22,UTIBN00000000101,4918649,0,0,-4918649,refund
pay_000564,INV-2026-00548,Sagarika Seafoods,2026-06-20,2026-06-22,ICICN00000000102,10306767,206135,37104,10063528,payment
pay_000565,INV-2026-00549,Greenleaf Organics,2026-06-20,2026-06-22,ICICN00000000102,10664379,213288,38392,10412699,payment
pay_000566,"INV-2026-00550,INV-2026-00551",Deccan Steel Works,2026-06-20,2026-06-22,ICICN00000000102,22167064,443341,79801,21643922,payment
pay_000567,INV-2026-00552,Bharat Tyre Traders,2026-06-20,2026-06-22,ICICN00000000102,7765407,155308,27955,7582144,payment
pay_000568,INV-2026-00552,Bharat Tyre Traders,2026-06-20,2026-06-22,ICICN00000000102,3409999,68200,12276,3329523,payment
pay_000569,INV-2026-00553,Aakash Sports Goods,2026-06-20,2026-06-22,ICICN00000000102,2800580,56012,10082,,payment
pay_000570,INV-2026-00554,Vishal Auto Components,2026-06-20,2026-06-22,ICICN00000000102,8882689,177654,31978,8673057,payment
pay_000571,INV-2026-00555,Bluewave Logistics LLP,2026-06-20,2026-06-22,ICICN00000000102,17068080,341362,61445,16665273,payment
pay_000572,INV-2026-00556,Maple Leaf Stationers,2026-06-20,2026-06-22,ICICN00000000102,19848333,396967,71454,19379912,payment
pay_000573,INV-2026-00557,Mahalaxmi Provisions,2026-05-22,2026-05-24,ICICN00000000103,8065509,161310,29036,7875163,payment
pay_000574,INV-2026-00558,Prakash Lighting Co,2026-05-22,2026-05-24,ICICN00000000103,17301564,346031,62286,16893247,payment
pay_000575,INV-2026-00559,Ashoka Timber Depot,2026-05-13,2026-05-14,ICICN00000000104,13072243,261445,47060,12763738,payment
pay_000576,#INV-2026-00560,Vertex Lab Equipment,2026-05-13,2026-05-14,ICICN00000000104,10924022,218480,39326,10666216,payment
pay_000577,INV-2026-00561,Sagar Chemicals,2026-05-13,2026-05-14,ICICN00000000104,19465649,389313,70076,19006260,payment
pay_000578,INV-2026-00562,Priya Garments,2026-05-13,2026-05-14,ICICN00000000104,12307325,246147,44306,12016872,payment
pay_000579,INV-2026-00563,Nirmal Water Systems,2026-05-04,2026-05-05,ICICN00000000105,5091231,101825,18329,4971077,payment
pay_000580,INV-2026-00564,Bharat Tyre Traders,2026-05-04,2026-05-05,ICICN00000000105,7779140,155583,28005,7595552,payment
pay_000581,INV-2026-00565,Kaveri Agro Foods,2026-04-10,2026-04-11,KKBKN00000000106,624884,12498,2250,610136,payment
pay_000582,INV-2026-00565,Kaveri Agro Foods,2026-04-10,2026-04-11,KKBKN00000000106,16760700,335214,60339,16365147,payment
pay_000583,INV-2026-00566,Anand Furniture House,2026-04-10,2026-04-11,KKBKN00000000106,15122763,302455,54442,14765866,payment
pay_000584,INV-2026-00567,Chandra Printing Press,2026-04-10,2026-04-11,KKBKN00000000106,7410628,148213,26678,7235737,payment
pay_000585,INV-2026-00567,Chandra Printing Press,2026-04-10,2026-04-11,KKBKN00000000106,9587249,50000,9000,-9646249,chargeback
pay_000586,INV-2026-00568,Sunrise Electronics,2026-05-12,2026-05-13,SBINN00000000107,14135983,282720,50890,13802373,payment
pay_000587,"INV-2026-00569,INV-2026-00570",Indus Valley Handicrafts,2026-05-12,2026-05-13,SBINN00000000107,19241679,384834,69270,18787575,payment
pay_000588,INV-2026-00571,Chandra Printing Press,2026-06-23,2026-06-25,KKBKN00000000108,11811426,236229,42521,11532676,payment
pay_000589,"INV-2026-00572,INV-2026-00573",Rudra Plastics,2026-06-23,2026-06-25,KKBKN00000000108,23912040,478241,86083,23347716,payment
pay_000590,INV-2026-00574,Sharma Hardware Stores,2026-06-23,2026-06-25,KKBKN00000000108,13761908,275238,49543,,payment
pay_000591,INV-2026-00575,Rajesh Textiles Pvt Ltd,2026-06-23,2026-06-25,KKBKN00000000108,288708,5774,1039,,payment
pay_000592,INV-2026-00576,Mahalaxmi Provisions,2026-04-21,2026-04-23,SBINN00000000109,18575567,371511,66872,18137184,payment
pay_000593,INV-2026-00577,Chandra Printing Press,2026-04-21,2026-04-23,SBINN00000000109,8515464,170309,30656,8314499,payment
pay_000594,INV-2026-00577,Chandra Printing Press,2026-04-21,2026-04-23,SBINN00000000109,10154271,203085,36555,,payment
pay_000595,INV-2026-00578,Mahalaxmi Provisions,2026-04-21,2026-04-23,SBINN00000000109,4045855,80917,14565,3950373,payment
pay_000596,INV-2026-00579,Sagarika Seafoods,2026-04-21,2026-04-23,SBINN00000000109,3414792,68296,12293,3334203,payment
pay_000597,INV-2026-00580,Mahalaxmi Provisions,2026-04-21,2026-04-23,SBINN00000000109,18524272,370485,66687,18087100,payment
pay_000598,INV-2026-00581,Lotus Hospitality Services,2026-06-01,2026-06-02,UTIBN00000000110,17532045,350641,63115,,payment
pay_000599,INV-2026-00582,Meenakshi Traders,2026-06-05,2026-06-06,HDFCN00000000111,59639,1193,215,58231,payment
pay_000600,INV-2026-00583,Sharma Hardware Stores,2026-06-05,2026-06-06,HDFCN00000000111,13452770,269055,48430,13135285,payment
pay_000601,INV-2O26-00584,Mahalaxmi Provisions,2026-06-05,2026-06-06,HDFCN00000000111,17422562,348451,62721,17011390,payment
pay_000602,INV-2O26-00584,Mahalaxmi Provisions,2026-06-05,2026-06-06,HDFCN00000000111,3035464,50000,9000,-3094464,chargeback
pay_000603,INV-2026-00585,Everest Cold Storage,2026-04-16,2026-04-18,HDFCN00000000112,2478870,49577,8924,2420369,payment
pay_000604,INV-2026-00586,Trident Paper Mills,2026-04-16,2026-04-18,HDFCN00000000112,17273043,345461,62183,16865399,payment
pay_000605,INV-2026-00587,Silverline Cosmetics,2026-04-16,2026-04-18,HDFCN00000000112,8443355,168867,30396,8244092,payment
pay_000606,INV-2026-00588,Kalyani Engineering,2026-06-21,2026-06-22,SBINN00000000113,17381005,347620,62572,16970813,payment
pay_000607,INV-2026-00589,Himalaya Packaging,2026-06-21,2026-06-22,SBINN00000000113,13435890,268718,48369,,payment
pay_000608,"INV-2026-00590,INV-2026-00591",Trident Paper Mills,2026-06-21,2026-06-22,SBINN00000000113,17965684,359314,64677,17541693,payment
pay_000609,INV-2026-00592,Sagar Chemicals,2026-06-21,2026-06-22,SBINN00000000113,6183445,123669,22260,6037516,payment
pay_000610,INV-2026-00592,Sagar Chemicals,2026-06-21,2026-06-22,SBINN00000000113,247517,4950,891,241676,payment
pay_000611,INV-2026-00593,Prakash Lighting Co,2026-04-20,2026-04-22,HDFCN00000000114,9268510,185370,33367,9049773,payment
pay_000612,INV-2026-00594,Nirmal Water Systems,2026-04-20,2026-04-22,HDFCN00000000114,19399672,387993,69839,,payment
pay_000613,INV-2026-00595/PART,Ashoka Timber Depot,2026-04-20,2026-04-22,HDFCN00000000114,18195161,363903,65503,17765755,payment
pay_000614,INV-2026-00596,Mahalaxmi Provisions,2026-04-20,2026-04-22,HDFCN00000000114,5915326,118307,21295,5775724,payment
pay_000615,INV-2026-00597,Orchid Pharma Distributors,2026-04-20,2026-04-22,HDFCN00000000114,10641498,212830,38309,10390359,payment
pay_000616,INV-2026-00598/PART,Rajesh Textiles Pvt Ltd,2026-04-20,2026-04-22,HDFCN00000000114,19545400,390908,70363,19084129,payment
pay_000617,INV-2026-00599,Rudra Plastics,2026-05-08,2026-05-10,UTIBN00000000115,6046738,120935,21768,5904035,payment
pay_000618,INV-2026-00599,Rudra Plastics,2026-05-08,2026-05-10,UTIBN00000000115,1672689,33454,6022,1633213,payment
pay_000619,INV-2026-00600,Pinnacle Interiors,2026-05-08,2026-05-10,UTIBN00000000115,4943703,98874,17797,4827032,payment
pay_000620,INV-2026-00601,Greenleaf Organics,2026-05-08,2026-05-10,UTIBN00000000115,5975956,119519,21513,,payment
pay_000621,INV-2026-00602,Himalaya Packaging,2026-04-02,2026-04-03,ICICN00000000116,3281355,65627,11813,3203915,payment
pay_000622,INV-2026-00603,Trident Paper Mills,2026-04-02,2026-04-03,ICICN00000000116,18852227,377045,67868,18407314,payment
pay_000623,INV-2026-00604,Himalaya Packaging,2026-04-02,2026-04-03,ICICN00000000116,4118055,82361,14825,4020869,payment
pay_000624,INV-2026-00605,Indus Valley Handicrafts,2026-04-02,2026-04-03,ICICN00000000116,9549984,191000,34380,9324604,payment
pay_000625,INV-2026-00605,Indus Valley Handicrafts,2026-04-02,2026-04-03,ICICN00000000116,8567005,171340,30841,8364824,payment
pay_000626,INV-2026-00606,Sharma Hardware Stores,2026-05-06,2026-05-08,KKBKN00000000117,4888248,97765,17598,4772885,payment
pay_000627,INV-2026-00606,Sharma Hardware Stores,2026-05-06,2026-05-08,KKBKN00000000117,5680464,113609,20450,5546405,payment
pay_000628,INV-2026-00607,Mahalaxmi Provisions,2026-05-06,2026-05-08,KKBKN00000000117,12235789,244716,44049,11947024,payment
pay_000629,"INV-2026-00608,INV-2026-00609",Konark Ceramics,2026-06-16,2026-06-17,HDFCN00000000118,11699882,233998,42120,11423764,payment
pay_000630,INV-2026-00610,Sharma Hardware Stores,2026-06-16,2026-06-17,HDFCN00000000118,10430756,208615,37551,10184590,payment
pay_000631,INV-2026-00611,Anand Furniture House,2026-06-16,2026-06-17,HDFCN00000000118,4454928,89099,16038,4349791,payment
pay_000632,"INV-2026-00612,INV-2026-00613,INV-2026-00614",Deccan Steel Works,2026-06-16,2026-06-17,HDFCN00000000118,35879067,717581,129165,35032321,payment
pay_000633,INV-2026-00615,Vishal Auto Components,2026-06-16,2026-06-17,HDFCN00000000118,18145488,362910,65324,,payment
pay_000634,INV-2026-00616,Indus Valley Handicrafts,2026-06-16,2026-06-17,HDFCN00000000118,18974179,379484,68307,18526388,payment
pay_000635,INV-2026-00617,Silverline Cosmetics,2026-06-16,2026-06-17,HDFCN00000000118,16211548,324231,58362,15828955,payment
pay_000636,INV-2026-00618,Sharma Hardware Stores,2026-06-16,2026-06-17,HDFCN00000000118,13881264,277625,49973,13553666,payment
pay_000637,INV-2026-00619,Konark Ceramics,2026-05-23,2026-05-24,KKBKN00000000119,18859083,377182,67893,18414008,payment
pay_000638,INV- 2026-00620,Everest Cold Storage,2026-04-11,2026-04-13,UTIBN00000000120,2429401,48588,8746,2372067,payment
pay_000639,INV-2026-00620,Everest Cold Storage,2026-04-11,2026-04-13,UTIBN00000000120,3741168,74823,13468,3652877,payment
pay_000640,INV-2026-00621,Sagar Chemicals,2026-04-11,2026-04-13,UTIBN00000000120,6351168,127023,22864,6201281,payment
pay_000641,"INV-2026-00622,INV-2026-00623,INV-2026-00624",Greenleaf Organics,2026-04-11,2026-04-13,UTIBN00000000120,20050842,401017,72183,19577642,payment
pay_000642,INV-2026-00625,Rajesh Textiles Pvt Ltd,2026-04-11,2026-04-13,UTIBN00000000120,544083,10882,1959,531242,payment
pay_000643,INV-2026-00626,Trident Paper Mills,2026-04-11,2026-04-13,UTIBN00000000120,16773386,335468,60384,16377534,payment
pay_000644,INV-2026-00627,Meenakshi Traders,2026-05-28,2026-05-30,SBINN00000000121,874390,17488,3148,853754,payment
pay_000645,INV-2026-00627,Meenakshi Traders,2026-05-28,2026-05-30,SBINN00000000121,1919149,38383,6909,1873857,payment
pay_000646,INV-2026-00627,Meenakshi Traders,2026-05-28,2026-05-30,SBINN00000000121,409245,8185,1473,399587,payment
pay_000647,INV-2026-00628,Kalyani Engineering,2026-05-28,2026-05-30,SBINN00000000121,1092561,21851,3933,1066777,payment
pay_000648,INV-2026-00628,Kalyani Engineering,2026-05-28,2026-05-30,SBINN00000000121,60091,1202,216,58673,payment
pay_000649,INV-2026-00628,Kalyani Engineering,2026-05-28,2026-05-30,SBINN00000000121,312872,6257,1126,,payment
pay_000650,INV-2026-00629,Bharat Tyre Traders,2026-05-28,2026-05-30,SBINN00000000121,7357760,147155,26488,7184117,payment
pay_000651,INV-2026-00630,Ratna Jewellers,2026-05-28,2026-05-30,SBINN00000000121,555588,11112,2000,542476,payment
pay_000652,INV 2026 00631,Prakash Lighting Co,2026-05-28,2026-05-30,ICICN00000000122,2065022,41300,7434,2016288,payment
pay_000653,INV-2026-00632,Silverline Cosmetics,2026-05-28,2026-05-30,ICICN00000000122,16419290,328386,59109,16031795,payment
pay_000654,INV-2026-00633,Coastal Marine Exports,2026-04-27,2026-04-29,SBINN00000000123,11715690,234314,42177,11439199,payment
pay_000655,INV-2026-00634,Vertex Lab Equipment,2026-04-27,2026-04-29,SBINN00000000123,18656614,373132,67164,18216318,payment
pay_000656,#INV-2026-00635,Ashoka Timber Depot,2026-04-27,2026-04-29,SBINN00000000123,6159229,123185,22173,6013871,payment
pay_000657,INV-2026-00635,Ashoka Timber Depot,2026-04-27,2026-04-29,SBINN00000000123,1459052,29181,5253,1424618,payment
pay_000658,INV-2026-00635,Ashoka Timber Depot,2026-04-27,2026-04-29,SBINN00000000123,1268254,25365,4566,1238323,payment
pay_000659,INV-2026-00636,Sunrise Electronics,2026-04-27,2026-04-29,SBINN00000000123,8062347,161247,29024,7872076,payment
pay_000660,INV-2026-00637,Bluewave Logistics LLP,2026-04-27,2026-04-29,SBINN00000000123,13052035,261041,46987,12744007,payment
pay_000661,INV-2026-00638,Aakash Sports Goods,2026-04-27,2026-04-29,SBINN00000000123,9550235,191005,34381,9324849,payment
pay_000662,INV-2026-00639,Kalyani Engineering,2026-04-27,2026-04-29,SBINN00000000123,544412,10888,1960,531564,payment
pay_000663,INV-2O26-00639,Kalyani Engineering,2026-04-27,2026-04-29,SBINN00000000123,1742992,34860,6275,1701857,payment
pay_000664,INV-2026-00640,Aakash Sports Goods,2026-04-27,2026-04-29,SBINN00000000123,13039312,260786,46941,12731585,payment
pay_000665,INV-2026-00640,Aakash Sports Goods,2026-04-27,2026-04-29,SBINN00000000123,3399427,67989,12238,,payment
pay_000666,INV-2026-00640,Aakash Sports Goods,2026-04-27,2026-04-29,SBINN00000000123,2771250,55425,9977,2705848,payment
pay_000667,"INV-2026-00641,INV-2026-00642,INV-2026-00643",Ashoka Timber Depot,2026-06-20,2026-06-21,UTIBN00000000124,42002894,840058,151210,41011626,payment
pay_000668,INV-2026-00644,Rudra Plastics,2026-06-20,2026-06-21,UTIBN00000000124,18787582,375752,67635,18344195,payment
pay_000669,INV-2026-00645,Everest Cold Storage,2026-06-20,2026-06-21,UTIBN00000000124,19396266,387925,69827,,payment
pay_000670,INV-2026-00646,Vertex Lab Equipment,2026-06-20,2026-06-21,UTIBN00000000124,3543096,70862,12755,,payment
pay_000671,INV-2026-00647,Indus Valley Handicrafts,2026-05-12,2026-05-14,SBINN00000000125,7228237,144565,26022,7057650,payment
pay_000672,INV-2026-00648,Konark Ceramics,2026-05-12,2026-05-14,SBINN00000000125,12129882,242598,43668,11843616,payment
pay_000673,INV-2026-00649,Sagarika Seafoods,2026-05-12,2026-05-14,SBINN00000000125,1213093,24262,4367,1184464,payment
pay_000674,"INV-2026-00650,INV-2026-00651",Indus Valley Handicrafts,2026-05-12,2026-05-14,SBINN00000000125,7765695,155314,27957,,payment
pay_000675,"INV-2026-00652,INV-2026-00653,INV-2026-00654",Kalyani Engineering,2026-05-12,2026-05-14,SBINN00000000125,56575067,1131501,203670,55239896,payment
pay_000676,INV-2026-00655,Meenakshi Traders,2026-05-12,2026-05-14,SBINN00000000125,4694208,93884,16899,4583425,payment
pay_000677,1NV-2026-00656,Meenakshi Traders,2026-04-02,2026-04-03,KKBKN00000000126,12852563,257051,46269,12549243,payment
pay_000678,INV-2026-00657,Trident Paper Mills,2026-04-02,2026-04-03,KKBKN00000000126,14026149,280523,50494,,payment
pay_000679,INV-2026-00658,Orchid Pharma Distributors,2026-04-02,2026-04-03,KKBKN00000000126,433674,8673,1561,423440,payment
pay_000680,"INV-2026-00659,INV-2026-00660,INV-2026-00661",Lotus Hospitality Services,2026-04-02,2026-04-03,KKBKN00000000126,40786465,815729,146831,39823905,payment
pay_000681,INV-2026-00662,Infinite Loop Software,2026-04-02,2026-04-03,KKBKN00000000126,12630662,252613,45470,12332579,payment
pay_000682,INV-2026-00662,Infinite Loop Software,2026-04-02,2026-04-03,KKBKN00000000126,602293,12046,2168,,payment
pay_000683,INV-2026-00663,Konark Ceramics,2026-04-01,2026-04-02,ICICN00000000127,18829760,376595,67787,18385378,payment
pay_000684,INV-2026-00663,Konark Ceramics,2026-04-01,2026-04-02,ICICN00000000127,390916,7818,1407,381691,payment
pay_000685,INV-2026-00664,Ratna Jewellers,2026-04-01,2026-04-02,ICICN00000000127,14480611,289612,52130,14138869,payment
pay_000686,"INV-2026-00665,INV-2026-00666,INV-2026-00667",Rudra Plastics,2026-04-01,2026-04-02,ICICN00000000127,36811129,736223,132520,35942386,payment
pay_000687,INV-2026-00668,Sunrise Electronics,2026-04-01,2026-04-02,ICICN00000000127,11784535,235691,42424,11506420,payment
pay_000688,INV-2026-00669,Sagarika Seafoods,2026-04-01,2026-04-02,ICICN00000000127,1555840,31117,5601,1519122,payment
pay_000689,INV-2026-00670,Infinite Loop Software,2026-04-01,2026-04-02,ICICN00000000127,719963,14399,2592,702972,payment
pay_000690,INV-2026-00670,Infinite Loop Software,2026-04-01,2026-04-02,ICICN00000000127,222779,4456,802,217521,payment
pay_000691,INV-2026-00670,Infinite Loop Software,2026-04-01,2026-04-02,ICICN00000000127,4341454,86829,15629,4238996,payment
pay_000692,INV-2026-00671,Greenleaf Organics,2026-04-01,2026-04-02,ICICN00000000127,510812,10216,1839,498757,payment
pay_000693,INV-2026-00672,Orchid Pharma Distributors,2026-04-01,2026-04-02,ICICN00000000127,813300,16266,2928,,payment
pay_000694,"INV-2026-00673,INV-2026-00674",Deccan Steel Works,2026-05-12,2026-05-13,KKBKN00000000128,24804191,496084,89295,24218812,payment
pay_000695,"INV-2026-00675,INV-2026-00676,INV-2026-00677",Rajesh Textiles Pvt Ltd,2026-05-12,2026-05-13,KKBKN00000000128,25846677,516934,93048,25236695,payment
pay_000696,INV-2026-00678,Lotus Hospitality Services,2026-05-12,2026-05-13,KKBKN00000000128,3392145,67843,12212,3312090,payment
pay_000697,INV-2026-00679,Aakash Sports Goods,2026-05-12,2026-05-13,KKBKN00000000128,3003483,60070,10813,,payment
pay_000698,#INV-2026-00680,Nirmal Water Systems,2026-05-12,2026-05-13,KKBKN00000000128,771033,15421,2776,752836,payment
pay_000699,INV-2026-00681,Konark Ceramics,2026-06-21,2026-06-23,UTIBN00000000129,5140481,102810,18506,5019165,payment
pay_000700,INV-2026-00682,Silverline Cosmetics,2026-05-20,2026-05-22,KKBKN00000000130,1697201,33944,6110,,payment
pay_000701,INV-2026-00682,Silverline Cosmetics,2026-05-20,2026-05-22,KKBKN00000000130,2844104,56882,10239,2776983,payment
pay_000702,INV-2026-00682,Silverline Cosmetics,2026-05-20,2026-05-22,KKBKN00000000130,158551,3171,571,154809,payment
pay_000703,INV-2026-00683,Ashoka Timber Depot,2026-05-20,2026-05-22,KKBKN00000000130,4920506,98410,17714,4804382,payment
pay_000704,INV-2026-00684,Rudra Plastics,2026-05-20,2026-05-22,KKBKN00000000130,2325461,46509,8372,2270580,payment
pay_000705,INV-2026-00685,Orchid Pharma Distributors,2026-05-20,2026-05-22,KKBKN00000000130,922985,18460,3323,,payment
pay_000706,INV-2026-00685,Orchid Pharma Distributors,2026-05-20,2026-05-22,KKBKN00000000130,116311,2326,419,113566,payment
pay_000707,INV-2026-00686,Zenith Office Supplies,2026-05-20,2026-05-22,KKBKN00000000130,9237074,184741,33253,9019080,payment
pay_000708,INV-2026-00687,Coastal Marine Exports,2026-05-20,2026-05-22,KKBKN00000000130,279925,5599,1008,273318,payment
pay_000709,INV-2026-00687,Coastal Marine Exports,2026-05-20,2026-05-22,KKBKN00000000130,367090,7342,1322,358426,payment
pay_000710,INV-2026-00687,Coastal Marine Exports,2026-05-20,2026-05-22,KKBKN00000000130,282051,5641,1015,275395,payment
pay_000711,INV-2026-00688,Infinite Loop Software,2026-05-20,2026-05-22,KKBKN00000000130,2716752,54335,9780,2652637,payment
pay_000712,INV-2026-00689,Chandra Printing Press,2026-05-20,2026-05-22,KKBKN00000000130,6274097,125482,22587,6126028,payment
pay_000713,INV-2026-00689,Chandra Printing Press,2026-05-20,2026-05-22,KKBKN00000000130,4623954,92479,16646,4514829,payment
pay_000714,INV-2026-00689,Chandra Printing Press,2026-05-20,2026-05-22,KKBKN00000000130,4881041,97621,17572,4765848,payment
pay_000715,INV-2026-00690,Vertex Lab Equipment,2026-06-06,2026-06-08,SBINN00000000131,13635074,272701,49086,13313287,payment
pay_000716,INV-2026-00691,Indus Valley Handicrafts,2026-06-06,2026-06-08,SBINN00000000131,10549097,210982,37977,10300138,payment
pay_000717,INV-2026-00692,Rudra Plastics,2026-06-06,2026-06-08,SBINN00000000131,1342247,26845,4832,1310570,payment
pay_000718,INV-2026-00693,Sagarika Seafoods,2026-06-06,2026-06-08,SBINN00000000131,8295050,165901,29862,8099287,payment
pay_000719,INV-2026-00694,Mahalaxmi Provisions,2026-06-06,2026-06-08,SBINN00000000131,18763338,375267,67548,18320523,payment
pay_000720,INV-2026-00695,Kaveri Agro Foods,2026-06-06,2026-06-08,SBINN00000000131,12980246,259605,46729,12673912,payment
pay_000721,INV-2026-00695,Kaveri Agro Foods,2026-06-06,2026-06-08,SBINN00000000131,425756,8515,1533,415708,payment
pay_000722,INV-2026-00696,Everest Cold Storage,2026-04-16,2026-04-17,KKBKN00000000132,6052169,121043,21788,5909338,payment
pay_000723,INV-2026-00697,Coastal Marine Exports,2026-04-16,2026-04-17,KKBKN00000000132,8441369,168827,30389,8242153,payment
pay_000724,INV- 2026-00698,Deccan Steel Works,2026-04-16,2026-04-17,KKBKN00000000132,3109870,62197,11195,3036478,payment
pay_000725,"INV-2026-00699,INV-2026-00700,INV-2026-00701",Bharat Tyre Traders,2026-04-16,2026-04-17,KKBKN00000000132,41150562,823011,148142,40179409,payment
pay_000726,INV-2026-00702,Deccan Steel Works,2026-04-16,2026-04-17,KKBKN00000000132,5086175,101724,18310,4966141,payment
pay_000727,INV-2026-00703,Greenleaf Organics,2026-04-16,2026-04-17,KKBKN00000000132,646153,12923,2326,630904,payment
pay_000728,INV-2026-00703,Greenleaf Organics,2026-04-16,2026-04-17,KKBKN00000000132,1125541,22511,4052,1098978,payment
pay_000729,INV-2026-00704,Sagarika Seafoods,2026-04-16,2026-04-17,KKBKN00000000132,3994456,79889,14380,3900187,payment
pay_000730,INV-2026-00705,Priya Garments,2026-04-11,2026-04-12,KKBKN00000000133,2439077,48782,8781,2381514,payment
pay_000731,INV-2026-00705,Priya Garments,2026-04-11,2026-04-12,KKBKN00000000133,9322085,186442,33560,9102083,payment
pay_000732,"INV-2026-00706,INV-2026-00707",Meenakshi Traders,2026-04-18,2026-04-20,ICICN00000000134,14737653,294753,53056,14389844,payment
pay_000733,"INV-2026-00708,INV-2026-00709",Konark Ceramics,2026-04-18,2026-04-20,ICICN00000000134,13402378,268048,48249,13086081,payment
pay_000734,INV-2026-00710,Everest Cold Storage,2026-04-18,2026-04-20,ICICN00000000134,7064586,141292,25433,6897861,payment
pay_000735,INV-2026-00711,Nandini Dairy Products,2026-04-18,2026-04-20,ICICN00000000134,17798503,355970,64075,,payment
pay_000736,INV-2026-00712,Chandra Printing Press,2026-04-18,2026-04-20,ICICN00000000134,9686406,193728,34871,9457807,payment
pay_000737,INV-2026-00713,Kalyani Engineering,2026-04-18,2026-04-20,ICICN00000000134,11923347,238467,42924,11641956,payment
pay_000738,"INV-2026-00714,INV-2026-00715",Everest Cold Storage,2026-05-01,2026-05-02,HDFCN00000000135,13975598,279512,50312,,payment
pay_000739,INV-2026-00716,Himalaya Packaging,2026-05-01,2026-05-02,HDFCN00000000135,10125858,202517,36453,9886888,payment
pay_000740,INV-2026-00717,Kalyani Engineering,2026-05-01,2026-05-02,HDFCN00000000135,11233118,224662,40439,10968017,payment
pay_000741,INV-2026-00718,Rudra Plastics,2026-05-01,2026-05-02,HDFCN00000000135,5943134,118863,21395,5802876,payment
pay_000742,INV-2026-00719,Trident Paper Mills,2026-05-01,2026-05-02,HDFCN00000000135,15971593,319432,57498,15594663,payment
pay_000743,INV-2026-00720,Vishal Auto Components,2026-05-01,2026-05-02,HDFCN00000000135,15505773,310115,55821,,payment
pay_000744,INV-2026-00721,Silverline Cosmetics,2026-05-01,2026-05-02,HDFCN00000000135,13939959,278799,50184,13610976,payment
pay_000745,INV-2026-00722,Sunrise Electronics,2026-05-15,2026-05-16,HDFCN00000000136,17977232,359545,64718,17552969,payment
pay_000746,INV-2026-00723,Rudra Plastics,2026-05-15,2026-05-16,HDFCN00000000136,3970655,79413,14294,3876948,payment
pay_000747,INV-2026-00724,Zenith Office Supplies,2026-05-15,2026-05-16,HDFCN00000000136,1111266,22225,4001,1085040,payment
pay_000748,INV-2026-00725,Sharma Hardware Stores,2026-05-15,2026-05-16,HDFCN00000000136,12518275,250366,45066,12222843,payment
pay_000749,1NV-2026-00726,Zenith Office Supplies,2026-05-15,2026-05-16,HDFCN00000000136,5922453,118449,21321,5782683,payment
pay_000750,INV-2026-00727,Ganesh Cement Agencies,2026-05-19,2026-05-20,ICICN00000000137,13055302,261106,46999,12747197,payment
pay_000751,INV-2026-00728,Ashoka Timber Depot,2026-05-19,2026-05-20,ICICN00000000137,182711,3654,658,178399,payment
pay_000752,INV-2026-00728,Ashoka Timber Depot,2026-05-19,2026-05-20,ICICN00000000137,1063700,21274,3829,1038597,payment
pay_000753,INV-2026-0072,Ashoka Timber Depot,2026-05-19,2026-05-20,ICICN00000000137,280989,5620,1012,274357,payment
pay_000754,INV-2026-00729,Sunrise Electronics,2026-05-19,2026-05-20,ICICN00000000137,7091252,141825,25529,6923898,payment
pay_000755,INV-2026-00730,Sagar Chemicals,2026-06-02,2026-06-04,KKBKN00000000138,2873617,57472,10345,2805800,payment
pay_000756,INV-2026-00730,Sagar Chemicals,2026-06-02,2026-06-04,KKBKN00000000138,1233966,24679,4442,,payment
pay_000757,INV-2026-00730,Sagar Chemicals,2026-06-02,2026-06-04,KKBKN00000000138,5447303,108946,19610,5318747,payment
pay_000758,inv-2026-00731,Kaveri Agro Foods,2026-06-02,2026-06-04,KKBKN00000000138,804566,16091,2896,785579,payment
pay_000759,INV-2026-00731,Kaveri Agro Foods,2026-06-02,2026-06-04,KKBKN00000000138,938456,18769,3378,916309,payment
pay_000760,INV-2026-00732,Indus Valley Handicrafts,2026-06-02,2026-06-04,KKBKN00000000138,15009782,300196,54035,14655551,payment
pay_000761,INV- 2026-00733,Zenith Office Supplies,2026-06-02,2026-06-04,KKBKN00000000138,17950783,359016,64623,17527144,payment
pay_000762,INV-2026-00734,Rudra Plastics,2026-06-02,2026-06-04,KKBKN00000000138,7643534,152871,27517,7463146,payment
pay_000763,INV-2026-00734,Rudra Plastics,2026-06-02,2026-06-04,KKBKN00000000138,8119198,162384,29229,7927585,payment
pay_000764,INV-2026-00735,Vertex Lab Equipment,2026-06-02,2026-06-04,KKBKN00000000138,4872499,97450,17541,4757508,payment
pay_000765,INV-2O26-00736,Surya Solar Solutions,2026-04-29,2026-04-30,SBINN00000000139,17093962,341879,61538,16690545,payment
pay_000766,INV-2026-00737,Kalyani Engineering,2026-04-29,2026-04-30,SBINN00000000139,10187402,203748,36675,9946979,payment
pay_000767,INV-2026-00738,Mahalaxmi Provisions,2026-04-29,2026-04-30,SBINN00000000139,8226915,164538,29617,8032760,payment
pay_000768,INV-2026-00739,Chandra Printing Press,2026-04-29,2026-04-30,SBINN00000000139,7037312,140746,25334,6871232,payment
pay_000769,INV-2026-00740,Maple Leaf Stationers,2026-04-29,2026-04-30,SBINN00000000139,19082449,381649,68697,18632103,payment
pay_000770,"INV-2026-00741,INV-2026-00742",Mahalaxmi Provisions,2026-06-17,2026-06-18,SBINN00000000140,29399935,587999,105840,28706096,payment
pay_000771,"INV-2026-00743,INV-2026-00744",Kaveri Agro Foods,2026-06-17,2026-06-18,SBINN00000000140,5029470,100589,18106,4910775,payment
pay_000772,INV-2026-00745,Sagarika Seafoods,2026-06-17,2026-06-18,SBINN00000000140,19442160,388843,69992,18983325,payment
pay_000773,INV-2026-00746,Ganesh Cement Agencies,2026-06-17,2026-06-18,SBINN00000000140,10107448,202149,36387,9868912,payment
pay_000774,INV-2026-00747,Zenith Office Supplies,2026-06-17,2026-06-18,SBINN00000000140,11601603,232032,41766,11327805,payment
pay_000775,INV-2026-00748,Ratna Jewellers,2026-05-14,2026-05-16,HDFCN00000000141,13279449,265589,47806,12966054,payment
pay_000776,INV-2026-00749,Bluewave Logistics LLP,2026-05-24,2026-05-25,ICICN00000000142,16380986,327620,58972,15994394,payment
pay_000777,INV-2026-00750,Priya Garments,2026-05-02,2026-05-04,SBINN00000000143,19442398,388848,69993,18983557,payment
pay_000778,INV-2026-00751,Ratna Jewellers,2026-05-02,2026-05-04,SBINN00000000143,13835429,276709,49808,13508912,payment
pay_000779,INV-2026-00752,Rudra Plastics,2026-05-02,2026-05-04,SBINN00000000143,19113936,382279,68810,18662847,payment
pay_000780,INV-2026-00753,Bharat Tyre Traders,2026-05-02,2026-05-04,SBINN00000000143,2208015,44160,7949,2155906,payment
pay_000781,INV-2026-00753,Bharat Tyre Traders,2026-05-02,2026-05-04,SBINN00000000143,528457,10569,1902,515986,payment
pay_000782,INV-2026-00754,Trident Paper Mills,2026-04-20,2026-04-22,KKBKN00000000144,15782626,315653,56818,,payment
pay_000783,INV-2026-00755,Maple Leaf Stationers,2026-04-18,2026-04-19,UTIBN00000000145,458085,9162,1649,447274,payment
pay_000784,INV-2026-00755,Maple Leaf Stationers,2026-04-18,2026-04-19,UTIBN00000000145,4353983,87080,15674,4251229,payment
pay_000785,INV-2026-0075,Maple Leaf Stationers,2026-04-18,2026-04-19,UTIBN00000000145,5027545,100551,18099,,payment
pay_000786,INV-2026-00756,Himalaya Packaging,2026-04-18,2026-04-19,UTIBN00000000145,238386,4768,858,232760,payment
pay_000787,INV-2026-00756,Himalaya Packaging,2026-04-18,2026-04-19,UTIBN00000000145,9046367,180927,32567,8832873,payment
pay_000788,INV-2026-00757,Maple Leaf Stationers,2026-04-18,2026-04-19,UTIBN00000000145,15037193,300744,54134,14682315,payment
pay_000789,INV-2026-00758,Priya Garments,2026-04-18,2026-04-19,UTIBN00000000145,7975418,159508,28711,7787199,payment
pay_000790,INV-2026-00759,Ashoka Timber Depot,2026-04-18,2026-04-19,UTIBN00000000145,2882043,57641,10375,2814027,payment
pay_000791,INV-2026-00760,Indus Valley Handicrafts,2026-04-18,2026-04-19,UTIBN00000000145,16691262,333825,60089,16297348,payment
pay_000792,INV-2026-00761,Everest Cold Storage,2026-04-18,2026-04-19,UTIBN00000000145,14820157,296403,53353,14470401,payment
pay_000793,INV-2026-0076,Deccan Steel Works,2026-04-18,2026-04-19,UTIBN00000000145,11628819,232576,41864,11354379,payment
pay_000794,INV-2026-00763,Ashoka Timber Depot,2026-05-10,2026-05-12,SBINN00000000146,9740258,194805,35065,9510388,payment
pay_000795,INV-2026-00764,Sagarika Seafoods,2026-05-10,2026-05-12,SBINN00000000146,17842352,356847,64232,17421273,payment
pay_000796,"INV-2026-00765,INV-2026-00766,INV-2026-00767",Meenakshi Traders,2026-05-10,2026-05-12,SBINN00000000146,30239761,604795,108863,29526103,payment
pay_000797,"INV-2026-00768,INV-2026-00769",Bluewave Logistics LLP,2026-06-06,2026-06-07,UTIBN00000000147,18549886,370998,66780,18112108,payment
pay_000798,INV-2026-00770,Lotus Hospitality Services,2026-03-31,2026-04-01,HDFCN00000000148,19044117,380882,68559,18594676,payment
pay_000799,INV-2026-00771,Priya Garments,2026-03-31,2026-04-01,HDFCN00000000148,6232840,124657,22438,,payment
pay_000800,INV-2026-00772,Vertex Lab Equipment,2026-03-31,2026-04-01,HDFCN00000000148,15265047,305301,54954,14904792,payment
pay_000801,"#INV-2026-00773,INV-2026-00774",Sagarika Seafoods,2026-06-21,2026-06-23,UTIBN00000000149,29785328,595707,107227,29082394,payment
pay_000802,INV-2026-00775,Pinnacle Interiors,2026-06-21,2026-06-23,UTIBN00000000149,3615148,72303,13015,3529830,payment
pay_000803,INV- 2026-00776,Himalaya Packaging,2026-06-21,2026-06-23,UTIBN00000000149,1051177,21024,3784,,payment
pay_000804,INV-2026-00776,Himalaya Packaging,2026-06-21,2026-06-23,UTIBN00000000149,819087,16382,2949,799756,payment
pay_000805,INV-2026-00776,Himalaya Packaging,2026-06-21,2026-06-23,UTIBN00000000149,542381,10848,1953,529580,payment
pay_000806,INV-2026-00777,Lotus Hospitality Services,2026-06-21,2026-06-22,KKBKN00000000150,16225462,324509,58412,15842541,payment
pay_000807,INV-2026-00778,Priya Garments,2026-06-18,2026-06-20,SBINN00000000151,6459002,129180,23252,6306570,payment
pay_000808,INV-2026-00779,Lotus Hospitality Services,2026-06-18,2026-06-20,SBINN00000000151,12104802,242096,43577,11819129,payment
pay_000809,INV-2026-00780,Sagarika Seafoods,2026-06-18,2026-06-20,SBINN00000000151,1247835,24957,4492,1218386,payment
pay_000810,INV-2026-00781,Maple Leaf Stationers,2026-06-18,2026-06-20,SBINN00000000151,2163681,43274,7789,2112618,payment
pay_000811,INV-2026-00782,Maple Leaf Stationers,2026-06-13,2026-06-15,ICICN00000000152,1287409,25748,4635,1257026,payment
pay_000812,INV-2026-00783,Aakash Sports Goods,2026-06-13,2026-06-15,ICICN00000000152,1586849,31737,5713,1549399,payment
pay_000813,"INV-2026-00784,INV-2026-00785,INV-2026-00786",Vishal Auto Components,2026-06-13,2026-06-15,ICICN00000000152,19454499,389090,70036,18995373,payment
pay_000814,"INV-2026-00784,INV-2026-00785,INV-2026-00786",Vishal Auto Components,2026-06-13,2026-06-15,ICICN00000000152,2156061,50000,9000,-2215061,chargeback
pay_000815,INV-2026-00787,Ganesh Cement Agencies,2026-04-03,2026-04-04,KKBKN00000000153,5869937,117399,21132,5731406,payment
pay_000816,INV-2026-00788,Orchid Pharma Distributors,2026-04-03,2026-04-04,KKBKN00000000153,13980267,279605,50329,13650333,payment
pay_000817,INV-2026-00789,Bharat Tyre Traders,2026-04-03,2026-04-04,KKBKN00000000153,8225356,164507,29611,8031238,payment
pay_000818,INV-2026-00790,Meenakshi Traders,2026-04-03,2026-04-04,KKBKN00000000153,262333,5247,944,256142,payment
pay_000819,1NV-2026-00790,Meenakshi Traders,2026-04-03,2026-04-04,KKBKN00000000153,12408530,248171,44671,12115688,payment
pay_000820,INV-2026-00791,Priya Garments,2026-04-03,2026-04-04,KKBKN00000000153,19972290,399446,71900,19500944,payment
pay_000821,INV-2026-00792,Everest Cold Storage,2026-04-03,2026-04-04,KKBKN00000000153,16022328,320447,57680,15644201,payment
pay_000822,INV-2026-00793,Rajesh Textiles Pvt Ltd,2026-04-09,2026-04-11,UTIBN00000000154,3992908,79858,14374,3898676,payment
pay_000823,INV-2026-00794,Nandini Dairy Products,2026-04-09,2026-04-11,UTIBN00000000154,18160092,363202,65376,17731514,payment
pay_000824,INV-2026-00795,Vertex Lab Equipment,2026-04-09,2026-04-11,UTIBN00000000154,7032969,140659,25319,6866991,payment
pay_000825,INV-2026-00796,Coastal Marine Exports,2026-04-09,2026-04-11,UTIBN00000000154,2958322,59166,10650,2888506,payment
pay_000826,INV-2026-00796,Coastal Marine Exports,2026-04-09,2026-04-11,UTIBN00000000154,13010331,260207,46837,12703287,payment
pay_000827,INV-2026-00797,Kaveri Agro Foods,2026-04-09,2026-04-11,UTIBN00000000154,7082665,141653,25498,6915514,payment
pay_000828,1NV-2026-00798,Trident Paper Mills,2026-04-09,2026-04-11,UTIBN00000000154,15255111,305102,54918,14895091,payment
pay_000829,INV202600799,Silverline Cosmetics,2026-04-09,2026-04-11,UTIBN00000000154,540015,10800,1944,527271,payment
pay_000830,INV-2026-00799,Silverline Cosmetics,2026-04-09,2026-04-11,UTIBN00000000154,485252,9705,1747,473800,payment
pay_000831,INV-2026-00799,Silverline Cosmetics,2026-04-09,2026-04-11,UTIBN00000000154,39785870,50000,9000,-39844870,chargeback
pay_000832,INV-2026-00800,Maple Leaf Stationers,2026-05-12,2026-05-13,ICICN00000000155,4913422,98268,17688,4797466,payment
pay_000833,INV-2026-00801,Prakash Lighting Co,2026-05-12,2026-05-13,ICICN00000000155,12582079,251642,45296,,payment
pay_000834,INV-2026-00802,Coastal Marine Exports,2026-05-12,2026-05-13,ICICN00000000155,6835071,136701,24606,6673764,payment
pay_000835,INV-2026-00803,Meenakshi Traders,2026-05-12,2026-05-13,ICICN00000000155,9465513,189310,34076,9242127,payment
pay_000836,INV-2026-00804,Vertex Lab Equipment,2026-05-12,2026-05-13,ICICN00000000155,11578497,231570,41683,11305244,payment
pay_000837,INV-2026-00805,Anand Furniture House,2026-05-12,2026-05-13,ICICN00000000155,5752088,115042,20708,5616338,payment
pay_000838,INV-2026-00806,Konark Ceramics,2026-05-12,2026-05-13,ICICN00000000155,13864230,277285,49911,13537034,payment
pay_000839,INV-2026-00807,Aakash Sports Goods,2026-05-12,2026-05-13,ICICN00000000155,19900160,398003,71641,19430516,payment
pay_000840,#INV-2026-00808,Meenakshi Traders,2026-04-16,2026-04-18,HDFCN00000000156,16968692,339374,61087,16568231,payment
pay_000841,"INV- 2026-00809,INV-2026-00810,INV-2026-00811",Sharma Hardware Stores,2026-06-12,2026-06-14,UTIBN00000000157,40574559,811491,146068,39617000,payment
pay_000842,INV-2026-00812,Vertex Lab Equipment,2026-06-12,2026-06-14,UTIBN00000000157,13651637,273033,49146,13329458,payment
pay_000843,INV-2026-00813,Bharat Tyre Traders,2026-06-12,2026-06-14,UTIBN00000000157,95756,1915,345,93496,payment
pay_000844,INV-2026-00814,Bluewave Logistics LLP,2026-06-12,2026-06-14,UTIBN00000000157,11220476,224410,40394,10955672,payment
pay_000845,INV-2026-00815,Bharat Tyre Traders,2026-05-14,2026-05-15,SBINN00000000158,580616,11612,2090,566914,payment
pay_000846,INV-2026-00815,Bharat Tyre Traders,2026-05-14,2026-05-15,SBINN00000000158,278110,5562,1001,,payment
pay_000847,INV- 2026-00815,Bharat Tyre Traders,2026-05-14,2026-05-15,SBINN00000000158,1439619,28792,5183,1405644,payment
pay_000848,INV-2026-00816,Maple Leaf Stationers,2026-05-14,2026-05-15,SBINN00000000158,7089517,141790,25522,6922205,payment
pay_000849,INV-2026-00817,Infinite Loop Software,2026-05-14,2026-05-15,SBINN00000000158,16946870,338937,61009,,payment
pay_000850,"INV-2026-00818,INV-2026-00819",Sagar Chemicals,2026-05-14,2026-05-15,SBINN00000000158,32106255,642125,115583,,payment
pay_000851,INV-2026-00820,Orchid Pharma Distributors,2026-05-14,2026-05-15,SBINN00000000158,17929662,358593,64547,17506522,payment
pay_000852,INV-2026-00821,Sagarika Seafoods,2026-05-14,2026-05-15,SBINN00000000158,2252096,45042,8108,2198946,payment
pay_000853,INV-2026-00821,Sagarika Seafoods,2026-05-14,2026-05-15,SBINN00000000158,30737412,0,0,-30737412,refund
pay_000854,INV-2026-00822,Silverline Cosmetics,2026-04-09,2026-04-11,HDFCN00000000159,11683329,233667,42060,11407602,payment
pay_000855,INV-2026-00823,Sunrise Electronics,2026-04-09,2026-04-11,HDFCN00000000159,789426,15789,2842,770795,payment
pay_000856,INV-2026-00824,Infinite Loop Software,2026-04-09,2026-04-11,HDFCN00000000159,11320174,226403,40753,11053018,payment
pay_000857,INV-2026-00825,Trident Paper Mills,2026-04-09,2026-04-11,HDFCN00000000159,10999026,219981,39597,10739448,payment
pay_000858,INV-2026-00826,Ashoka Timber Depot,2026-04-09,2026-04-11,HDFCN00000000159,15418167,308363,55505,15054299,payment
pay_000859,INV-2026-00827,Vishal Auto Components,2026-04-09,2026-04-11,HDFCN00000000159,5812541,116251,20925,5675365,payment
pay_000860,INV-2026-00828,Infinite Loop Software,2026-04-09,2026-04-11,HDFCN00000000159,1637760,32755,5896,1599109,payment
pay_000861,"INV-2026-00829,INV-2026-00830",Orchid Pharma Distributors,2026-04-05,2026-04-06,ICICN00000000160,13081561,261631,47094,12772836,payment
pay_000862,INV-2026-00831,Ganesh Cement Agencies,2026-04-05,2026-04-06,ICICN00000000160,10684867,213697,38465,10432705,payment
pay_000863,INV-2026-00832,Greenleaf Organics,2026-04-05,2026-04-06,ICICN00000000160,5505870,110117,19821,,payment
pay_000864,INV-2026-00833,Orchid Pharma Distributors,2026-04-05,2026-04-06,ICICN00000000160,16807650,336153,60508,16410989,payment
pay_000865,INV-2026-00834,Orchid Pharma Distributors,2026-04-16,2026-04-18,ICICN00000000161,4728269,94565,17022,4616682,payment
pay_000866,INV-2026-00835,Orchid Pharma Distributors,2026-04-16,2026-04-18,ICICN00000000161,7444215,148884,26799,,payment
pay_000867,INV-2026-00836,Sharma Hardware Stores,2026-04-16,2026-04-18,ICICN00000000161,6598138,131963,23753,6442422,payment
pay_000868,INV-2026-00837,Infinite Loop Software,2026-04-16,2026-04-18,ICICN00000000161,9375688,187514,33753,9154421,payment
pay_000869,INV-2026-00838,Sharma Hardware Stores,2026-04-16,2026-04-18,ICICN00000000161,2981883,59638,10735,2911510,payment
pay_000870,INV-2026-00839,Mahalaxmi Provisions,2026-04-16,2026-04-18,ICICN00000000161,12115426,242309,43616,11829501,payment
pay_000871,INV-2026-00839,Mahalaxmi Provisions,2026-04-16,2026-04-18,ICICN00000000161,5099539,101991,18358,4979190,payment
pay_000872,INV-2026-00840,Pinnacle Interiors,2026-05-06,2026-05-08,SBINN00000000162,4733114,94662,17039,,payment
pay_000873,"INV-2026-00841,INV-2026-00842",Indus Valley Handicrafts,2026-05-06,2026-05-08,SBINN00000000162,27280091,545602,98208,26636281,payment
pay_000874,"INV-2026-00843,INV-2026-00844",Lotus Hospitality Services,2026-05-06,2026-05-08,SBINN00000000162,15139829,302797,54503,14782529,payment
pay_000875,INV-2026-00845,Sunrise Electronics,2026-04-26,2026-04-28,KKBKN00000000163,8863978,177280,31910,8654788,payment
pay_000876,INV-2026-00846,Chandra Printing Press,2026-04-26,2026-04-28,KKBKN00000000163,3009467,60189,10834,2938444,payment
pay_000877,INV-2026-00846,Chandra Printing Press,2026-04-26,2026-04-28,KKBKN00000000163,6693775,133876,24098,6535801,payment
pay_000878,"INV-2026-00847,INV-2026-00848",Ratna Jewellers,2026-04-26,2026-04-28,KKBKN00000000163,14477547,289551,52119,,payment
pay_000879,INV-2026-00849,Rudra Plastics,2026-04-26,2026-04-28,KKBKN00000000163,16023275,320466,57684,15645125,payment
pay_000880,"INV-2026-00850,INV-2026-00851",Surya Solar Solutions,2026-06-22,2026-06-24,UTIBN00000000164,9181221,183624,33052,8964545,payment
pay_000881,INV-2026-00852,Priya Garments,2026-06-22,2026-06-24,UTIBN00000000164,5658150,113163,20369,5524618,payment
pay_000882,INV-2026-00853,Kalyani Engineering,2026-06-22,2026-06-24,UTIBN00000000164,10152310,203046,36548,9912716,payment
pay_000883,"INV-2026-00854,INV-2026-00855,INV-2026-00856",Bharat Tyre Traders,2026-06-22,2026-06-24,UTIBN00000000164,19010432,380209,68438,18561785,payment
pay_000884,INV-2026-00857,Aakash Sports Goods,2026-06-22,2026-06-24,UTIBN00000000164,3486573,69731,12552,3404290,payment
pay_000885,INV-2026-00858,Nirmal Water Systems,2026-06-22,2026-06-24,UTIBN00000000164,18795358,375907,67663,18351788,payment
pay_000886,INV-2026-00859,Ashoka Timber Depot,2026-06-22,2026-06-24,UTIBN00000000164,18542277,370846,66752,18104679,payment
pay_000887,"INV-2026-00860,INV-2026-00861",Zenith Office Supplies,2026-04-13,2026-04-15,KKBKN00000000165,9195727,183915,33105,8978707,payment
pay_000888,INV- 2026-00862,Zenith Office Supplies,2026-04-13,2026-04-15,KKBKN00000000165,468696,9374,1687,457635,payment
pay_000889,INV-2026-00862,Zenith Office Supplies,2026-04-13,2026-04-15,KKBKN00000000165,2218848,44377,7988,2166483,payment
pay_000890,INV-2026-0086,Meenakshi Traders,2026-04-13,2026-04-15,KKBKN00000000165,1988711,39774,7159,,payment
pay_000891,INV-2026-0086,Meenakshi Traders,2026-04-13,2026-04-15,KKBKN00000000165,13751180,275024,49504,13426652,payment
pay_000892,INV-2026-00863,Meenakshi Traders,2026-04-13,2026-04-15,KKBKN00000000165,1539611,30792,5543,1503276,payment
pay_000893,INV-2026-00864,Nirmal Water Systems,2026-04-15,2026-04-17,UTIBN00000000166,8164217,163284,29391,7971542,payment
pay_000894,"INV-2026-00865,INV-2026-00866,INV-2026-00867",Bluewave Logistics LLP,2026-04-15,2026-04-17,UTIBN00000000166,14327750,286555,51580,13989615,payment
pay_000895,INV-2026-00868,Deccan Steel Works,2026-04-15,2026-04-17,UTIBN00000000166,195254,3905,703,,payment
pay_000896,INV-2026-00869,Everest Cold Storage,2026-05-12,2026-05-13,SBINN00000000167,925499,18510,3332,903657,payment
pay_000897,INV-2026-00869,Everest Cold Storage,2026-05-12,2026-05-13,SBINN00000000167,3272345,65447,11780,3195118,payment
pay_000898,INV- 2026-00870,Bharat Tyre Traders,2026-05-12,2026-05-13,SBINN00000000167,1412597,28252,5085,1379260,payment
pay_000899,INV-2026-00871,Orchid Pharma Distributors,2026-05-12,2026-05-13,SBINN00000000167,10519214,210384,37869,10270961,payment
pay_000900,INV-2026-00872,Sagarika Seafoods,2026-05-12,2026-05-13,SBINN00000000167,9800559,196011,35282,,payment
pay_000901,INV-2026-00873,Mahalaxmi Provisions,2026-04-24,2026-04-25,HDFCN00000000168,3463229,69265,12468,3381496,payment
pay_000902,"INV-2026-00874,INV-2026-00875",Deccan Steel Works,2026-04-24,2026-04-25,HDFCN00000000168,20385415,407708,73387,19904320,payment
pay_000903,INV-2026-00876,Pinnacle Interiors,2026-04-24,2026-04-25,HDFCN00000000168,19575948,391519,70473,19113956,payment
pay_000904,INV-2026-00876,Pinnacle Interiors,2026-04-24,2026-04-25,HDFCN00000000168,26869351,50000,9000,-26928351,chargeback
pay_000905,INV-2026-00877,Kaveri Agro Foods,2026-04-10,2026-04-11,ICICN00000000169,947543,18951,3411,,payment
pay_000906,INV-2026-00878,Lotus Hospitality Services,2026-04-10,2026-04-11,ICICN00000000169,5174991,103500,18630,,payment
pay_000907,INV-2026-00879,Pinnacle Interiors,2026-04-21,2026-04-22,KKBKN00000000170,12922482,258450,46521,12617511,payment
pay_000908,INV-2026-00880,Mahalaxmi Provisions,2026-04-30,2026-05-01,SBINN00000000171,12726787,254536,45816,12426435,payment
pay_000909,INV-2026-00881,Pinnacle Interiors,2026-04-09,2026-04-11,UTIBN00000000172,13872063,277441,49939,13544683,payment
pay_000910,INV-2026-00882,Ratna Jewellers,2026-04-09,2026-04-11,UTIBN00000000172,10522322,210446,37880,10273996,payment
pay_000911,INV- 2026-00883,Lotus Hospitality Services,2026-06-27,2026-06-28,SBINN00000000173,19261209,385224,69340,18806645,payment
pay_000912,INV-2026-00884,Nandini Dairy Products,2026-06-27,2026-06-28,SBINN00000000173,11323197,226464,40764,11055969,payment
pay_000913,INV-2026-00885,Trident Paper Mills,2026-06-27,2026-06-28,SBINN00000000173,3385048,67701,12186,,payment
pay_000914,INV-2026-00885,Trident Paper Mills,2026-06-27,2026-06-28,SBINN00000000173,8856428,177129,31883,,payment
pay_000915,INV-2026-00886,Bluewave Logistics LLP,2026-06-27,2026-06-28,SBINN00000000173,7233336,144667,26040,7062629,payment
pay_000916,INV-2026-00887,Kaveri Agro Foods,2026-06-27,2026-06-28,SBINN00000000173,13539799,270796,48743,13220260,payment
pay_000917,INV-2026-00888/PART,Prakash Lighting Co,2026-06-27,2026-06-28,SBINN00000000173,19450946,389019,70023,18991904,payment
pay_000918,INV-2026-00888/PART,Prakash Lighting Co,2026-06-27,2026-06-28,SBINN00000000173,18355210,0,0,-18355210,refund
pay_000919,INV-2026-00889,Himalaya Packaging,2026-05-19,2026-05-21,ICICN00000000174,18423148,368463,66323,17988362,payment
pay_000920,INV-2026-00890,Sunrise Electronics,2026-05-19,2026-05-21,ICICN00000000174,6309208,126184,22713,6160311,payment
pay_000921,INV-2026-00891,Ganesh Cement Agencies,2026-05-19,2026-05-21,ICICN00000000174,15729828,314597,56627,15358604,payment
pay_000922,INV-2026-00892,Silverline Cosmetics,2026-05-19,2026-05-21,ICICN00000000174,14603378,292068,52572,14258738,payment
pay_000923,INV-2026-00893,Kaveri Agro Foods,2026-05-19,2026-05-21,ICICN00000000174,15568478,311370,56047,,payment
pay_000924,INV-2026-00894,Greenleaf Organics,2026-05-19,2026-05-21,ICICN00000000174,10125579,202512,36452,9886615,payment
pay_000925,INV-2026-00895,Everest Cold Storage,2026-05-19,2026-05-21,ICICN00000000174,6880274,137605,24769,6717900,payment
pay_000926,INV-2026-0089,Meenakshi Traders,2026-04-30,2026-05-02,SBINN00000000175,4627852,92557,16660,4518635,payment
pay_000927,INV-2026-00897,Konark Ceramics,2026-04-30,2026-05-02,SBINN00000000175,928337,18567,3342,906428,payment
pay_000928,INV-2026-00897,Konark Ceramics,2026-04-30,2026-05-02,SBINN00000000175,15423814,308476,55526,15059812,payment
pay_000929,INV-2026-00898,Zenith Office Supplies,2026-04-30,2026-05-02,SBINN00000000175,12244829,244897,44081,11955851,payment
pay_000930,INV-2026-00899,Sharma Hardware Stores,2026-04-30,2026-05-02,SBINN00000000175,4766416,95328,17159,4653929,payment
pay_000931,INV-2026-00900,Rudra Plastics,2026-04-30,2026-05-02,SBINN00000000175,17563989,351280,63230,17149479,payment
pay_000932,INV-2026-00901,Maple Leaf Stationers,2026-04-30,2026-05-02,SBINN00000000175,8499276,169986,30597,8298693,payment
pay_000933,INV-2026-00902,Sharma Hardware Stores,2026-04-30,2026-05-02,SBINN00000000175,10566305,211326,38039,10316940,payment
pay_000934,INV-2026-00903,Orchid Pharma Distributors,2026-04-14,2026-04-16,HDFCN00000000176,15983460,319669,57540,15606251,payment
pay_000935,INV-2026-00904,Sagar Chemicals,2026-04-14,2026-04-16,HDFCN00000000176,12230192,244604,44029,,payment
pay_000936,INV-2026-00905,Bharat Tyre Traders,2026-04-14,2026-04-16,HDFCN00000000176,1218010,24360,4385,1189265,payment
pay_000937,INV-2026-00906,Kaveri Agro Foods,2026-04-14,2026-04-16,HDFCN00000000176,8092186,161844,29132,7901210,payment
pay_000938,INV-2026-00907,Lotus Hospitality Services,2026-04-14,2026-04-16,HDFCN00000000176,12225396,244508,44011,11936877,payment
pay_000939,INV-2026-00908,Orchid Pharma Distributors,2026-04-14,2026-04-16,HDFCN00000000176,14894574,297891,53620,14543063,payment
pay_000940,INV-2026-00909,Sharma Hardware Stores,2026-05-20,2026-05-21,SBINN00000000177,15857200,317144,57086,15482970,payment
pay_000941,INV-2026-00910,Trident Paper Mills,2026-05-20,2026-05-21,SBINN00000000177,5430229,108605,19549,5302075,payment
pay_000942,"INV-2026-00911,INV-2026-00912",Nirmal Water Systems,2026-05-20,2026-05-21,SBINN00000000177,29443218,588864,105996,28748358,payment
pay_000943,INV-2026-00913,Sunrise Electronics,2026-05-20,2026-05-21,SBINN00000000177,6215278,124306,22375,6068597,payment
pay_000944,"INV 2026 00914,INV 2026 00915",Vishal Auto Components,2026-05-20,2026-05-21,SBINN00000000177,29673429,593469,106824,,payment
pay_000945,INV-2026-00916,Anand Furniture House,2026-06-12,2026-06-13,UTIBN00000000178,6601836,132037,23767,6446032,payment
pay_000946,INV-2026-00916,Anand Furniture House,2026-06-12,2026-06-13,UTIBN00000000178,5782758,115655,20818,5646285,payment
pay_000947,INV-2026-00917,Rudra Plastics,2026-06-12,2026-06-13,UTIBN00000000178,18791156,375823,67648,,payment
pay_000948,INV-2026-00918,Infinite Loop Software,2026-06-12,2026-06-13,UTIBN00000000178,6702709,134054,24130,6544525,payment
pay_000949,"INV-2026-00919,INV-2026-00920,INV-2026-00921",Deccan Steel Works,2026-06-12,2026-06-13,UTIBN00000000178,17576222,351524,63274,17161424,payment
pay_000950,"INV-2026-00922,INV-2026-00923,INV-2026-00924",Orchid Pharma Distributors,2026-06-12,2026-06-13,UTIBN00000000178,39487230,789745,142154,,payment
pay_000951,INV-2026-00925,Coastal Marine Exports,2026-06-12,2026-06-13,UTIBN00000000178,8982285,179646,32336,8770303,payment
pay_000952,INV-2026-00926,Prakash Lighting Co,2026-06-25,2026-06-27,UTIBN00000000179,12452984,249060,44831,12159093,payment
pay_000953,"INV-2026-00927,INV-2026-00928",Vertex Lab Equipment,2026-06-25,2026-06-27,UTIBN00000000179,24286057,485721,87430,23712906,payment
pay_000954,#INV-2026-00929,Lotus Hospitality Services,2026-06-25,2026-06-27,UTIBN00000000179,8647504,172950,31131,8443423,payment
pay_000955,"#INV-2026-00930,INV-2026-00931",Kaveri Agro Foods,2026-06-25,2026-06-27,UTIBN00000000179,13515516,270310,48656,13196550,payment
pay_000956,INV-2026-00932,Kalyani Engineering,2026-05-17,2026-05-18,SBINN00000000180,4807875,96158,17308,4694409,payment
pay_000957,"INV-2026-00933,INV-2026-00934",Kalyani Engineering,2026-05-17,2026-05-18,SBINN00000000180,21628283,432566,77862,21117855,payment
pay_000958,INV-2026-00935,Coastal Marine Exports,2026-06-09,2026-06-11,KKBKN00000000181,3944822,78896,14201,,payment
pay_000959,INV-2026-00935,Coastal Marine Exports,2026-06-09,2026-06-11,KKBKN00000000181,2250381,45008,8101,2197272,payment
pay_000960,INV-2026-00936,Ashoka Timber Depot,2026-05-26,2026-05-27,KKBKN00000000182,14022702,280454,50482,13691766,payment
pay_000961,INV-2026-00937,Vertex Lab Equipment,2026-05-19,2026-05-20,ICICN00000000183,16151265,323025,58145,15770095,payment
pay_000962,INV-2026-00938,Sagar Chemicals,2026-05-19,2026-05-20,ICICN00000000183,11103733,222075,39974,10841684,payment
pay_000963,INV-2026-0093,Bluewave Logistics LLP,2026-04-07,2026-04-09,UTIBN00000000184,12847356,256947,46250,12544159,payment
pay_000964,INV-2026-00940,Surya Solar Solutions,2026-04-27,2026-04-29,SBINN00000000185,17251787,345036,62106,16844645,payment
pay_000965,INV-2026-00941,Sagarika Seafoods,2026-04-27,2026-04-29,SBINN00000000185,9058673,181173,32611,8844889,payment
pay_000966,"INV-2026-00942,INV-2026-00943",Pinnacle Interiors,2026-04-27,2026-04-29,SBINN00000000185,18709014,374180,67352,18267482,payment
pay_000967,INV-2026-00944,Chandra Printing Press,2026-05-22,2026-05-24,SBINN00000000186,10130041,202601,36468,9890972,payment
pay_000968,INV-2026-00945,Ashoka Timber Depot,2026-05-22,2026-05-24,SBINN00000000186,1651495,33030,5945,1612520,payment
pay_000969,INV-2026-00946,Priya Garments,2026-06-26,2026-06-28,HDFCN00000000187,2844767,56895,10241,2777631,payment
pay_000970,INV-2026-00947,Zenith Office Supplies,2026-06-26,2026-06-28,HDFCN00000000187,15317204,306344,55142,14955718,payment
pay_000971,INV-2026-00948,Sagarika Seafoods,2026-06-26,2026-06-28,HDFCN00000000187,11503281,230066,41412,11231803,payment
pay_000972,INV-2026-00949,Indus Valley Handicrafts,2026-04-06,2026-04-08,SBINN00000000188,12154049,243081,43755,11867213,payment
pay_000973,INV-2026-00950,Mahalaxmi Provisions,2026-04-06,2026-04-08,SBINN00000000188,4247306,84946,15290,4147070,payment
pay_000974,INV-2026-00951,Coastal Marine Exports,2026-04-06,2026-04-08,SBINN00000000188,1755244,35105,6319,1713820,payment
pay_000975,INV-2026-00951,Coastal Marine Exports,2026-04-06,2026-04-08,SBINN00000000188,4610408,92208,16597,,payment
pay_000976,INV-2026-00952,Ratna Jewellers,2026-04-06,2026-04-08,SBINN00000000188,18121831,362437,65239,17694155,payment
pay_000977,INV-2026-00953,Zenith Office Supplies,2026-04-06,2026-04-08,SBINN00000000188,15954434,319089,57436,15577909,payment
pay_000978,INV- 2026-00954,Orchid Pharma Distributors,2026-04-06,2026-04-08,SBINN00000000188,7910376,158208,28477,7723691,payment
pay_000979,INV-2026-00954,Orchid Pharma Distributors,2026-04-06,2026-04-08,SBINN00000000188,7080269,141605,25489,6913175,payment
pay_000980,INV-2026-00955,Coastal Marine Exports,2026-04-06,2026-04-08,SBINN00000000188,1758664,35173,6331,1717160,payment
pay_000981,"INV-2026-00956,INV-2026-00957,INV-2026-00958",Konark Ceramics,2026-04-22,2026-04-24,HDFCN00000000189,44270415,885408,159373,43225634,payment
pay_000982,"INV-2026-00959,INV-2026-00960",Pinnacle Interiors,2026-04-22,2026-04-24,HDFCN00000000189,18086808,361736,65112,17659960,payment
pay_000983,INV-2026-00961,Nirmal Water Systems,2026-04-22,2026-04-24,HDFCN00000000189,11430086,228602,41148,11160336,payment
pay_000984,INV-2026-00962,Vertex Lab Equipment,2026-04-22,2026-04-24,HDFCN00000000189,11292966,225859,40655,11026452,payment
pay_000985,INV-2026-00962,Vertex Lab Equipment,2026-04-22,2026-04-24,HDFCN00000000189,1855718,37114,6681,1811923,payment
pay_000986,INV-2026-00963,Chandra Printing Press,2026-04-22,2026-04-24,HDFCN00000000189,7002766,140055,25210,6837501,payment
pay_000987,INV-2026-00964,Sharma Hardware Stores,2026-04-22,2026-04-24,HDFCN00000000189,5864684,117294,21113,5726277,payment
pay_000988,INV-2026-00965,Bluewave Logistics LLP,2026-04-04,2026-04-05,ICICN00000000190,7656462,153129,27563,7475770,payment
pay_000989,INV-2026-00966,Vertex Lab Equipment,2026-04-13,2026-04-14,HDFCN00000000191,3772221,75444,13580,3683197,payment
pay_000990,INV-2O26-00967,Prakash Lighting Co,2026-04-13,2026-04-14,HDFCN00000000191,18923457,378469,68124,18476864,payment
pay_000991,INV-2026-00968,Deccan Steel Works,2026-04-13,2026-04-14,HDFCN00000000191,12184572,243691,43864,11897017,payment
pay_000992,INV-2026-00969,Anand Furniture House,2026-04-13,2026-04-14,HDFCN00000000191,17025073,340501,61290,16623282,payment
pay_000993,INV-2026-00970,Nandini Dairy Products,2026-04-13,2026-04-14,HDFCN00000000191,2063420,41268,7428,2014724,payment
pay_000994,INV-2026-00970,Nandini Dairy Products,2026-04-13,2026-04-14,HDFCN00000000191,9214145,184283,33171,8996691,payment
pay_000995,INV-2026-00971,Everest Cold Storage,2026-04-13,2026-04-14,HDFCN00000000191,8281441,165629,29813,,payment
pay_000996,INV-2026-00972/PART,Chandra Printing Press,2026-04-13,2026-04-14,HDFCN00000000191,5796592,115932,20868,5659792,payment
pay_000997,INV-2026-00973,Everest Cold Storage,2026-04-13,2026-04-14,HDFCN00000000191,8285978,165720,29830,8090428,payment
pay_000998,INV-2026-00974,Ashoka Timber Depot,2026-06-26,2026-06-27,SBINN00000000192,11401586,228032,41046,11132508,payment
pay_000999,INV-2026-00975,Kalyani Engineering,2026-05-22,2026-05-24,SBINN00000000193,9437883,188758,33976,,payment
pay_001000,INV-2026-00976,Prakash Lighting Co,2026-05-22,2026-05-24,SBINN00000000193,13603912,272078,48974,13282860,payment
pay_001001,INV-2026-00977,Ganesh Cement Agencies,2026-05-22,2026-05-24,SBINN00000000193,14885884,297718,53589,14534577,payment
pay_001002,INV-2026-00978/PART,Mahalaxmi Provisions,2026-05-22,2026-05-24,SBINN00000000193,2877998,57560,10361,2810077,payment
pay_001003,INV-2026-00979,Lotus Hospitality Services,2026-05-22,2026-05-24,SBINN00000000193,4278047,85561,15401,4177085,payment
pay_001004,INV-2026-00979,Lotus Hospitality Services,2026-05-22,2026-05-24,SBINN00000000193,18155908,0,0,-18155908,refund
pay_001005,INV-2026-00980,Bharat Tyre Traders,2026-05-22,2026-05-23,SBINN00000000194,11944151,238883,42999,11662269,payment
pay_001006,INV-2026-00980,Bharat Tyre Traders,2026-05-22,2026-05-23,SBINN00000000194,10931337,50000,9000,-10990337,chargeback
pay_001007,INV-2026-00981,Zenith Office Supplies,2026-04-05,2026-04-06,KKBKN00000000195,19268828,385377,69368,,payment
pay_001008,INV-2026-00982,Lotus Hospitality Services,2026-04-05,2026-04-06,KKBKN00000000195,3580829,71617,12891,3496321,payment
pay_001009,INV-2026-00983,Maple Leaf Stationers,2026-04-05,2026-04-06,KKBKN00000000195,1644063,32881,5919,1605263,payment
pay_001010,INV-2026-00983,Maple Leaf Stationers,2026-04-05,2026-04-06,KKBKN00000000195,10528063,210561,37901,10279601,payment
pay_001011,"INV-2026-00984,INV-2026-00985",Everest Cold Storage,2026-04-05,2026-04-06,KKBKN00000000195,11671168,233423,42016,,payment
pay_001012,INV-2026-00986,Bharat Tyre Traders,2026-04-05,2026-04-06,KKBKN00000000195,19788040,395761,71237,19321042,payment
pay_001013,INV-2026-00987,Mahalaxmi Provisions,2026-04-05,2026-04-06,KKBKN00000000195,16787866,335757,60436,16391673,payment
pay_001014,"INV-2026-00988,INV-2026-00989/PART",Chandra Printing Press,2026-04-23,2026-04-24,HDFCN00000000196,26203734,524075,94334,25585325,payment
pay_001015,INV-2026-0099,Rudra Plastics,2026-04-23,2026-04-24,HDFCN00000000196,5194045,103881,18699,,payment
pay_001016,INV-2026-00991,Bharat Tyre Traders,2026-04-23,2026-04-24,HDFCN00000000196,988778,19776,3560,965442,payment
pay_001017,INV-2026-00992,Greenleaf Organics,2026-04-23,2026-04-24,HDFCN00000000196,1682458,33649,6057,1642752,payment
pay_001018,INV-2026-00993,Zenith Office Supplies,2026-04-23,2026-04-24,HDFCN00000000196,6193049,123861,22295,6046893,payment
pay_001019,"INV-2026-00994,INV-2026-00995,INV-2026-00996",Aakash Sports Goods,2026-04-23,2026-04-24,HDFCN00000000196,35657258,713145,128366,34815747,payment
pay_001020,INV-2026-00997,Sagarika Seafoods,2026-04-23,2026-04-24,HDFCN00000000196,12710276,254206,45757,12410313,payment
pay_001021,INV-2026-00998,Indus Valley Handicrafts,2026-04-23,2026-04-24,HDFCN00000000196,15097225,301945,54350,14740930,payment
pay_001022,INV-2026-00998,Indus Valley Handicrafts,2026-04-23,2026-04-24,HDFCN00000000196,369326,7387,1330,360609,payment
pay_001023,INV-2026-00998,Indus Valley Handicrafts,2026-04-23,2026-04-24,HDFCN00000000196,1520513,30410,5474,1484629,payment
pay_001024,INV-2026-00999,Rudra Plastics,2026-04-08,2026-04-09,HDFCN00000000197,10413221,208264,37488,10167469,payment
pay_001025,INV-2026-01000,Sagar Chemicals,2026-06-27,2026-06-28,HDFCN00000000198,19496563,389931,70188,19036444,payment
pay_001026,INV-2026-01001,Nandini Dairy Products,2026-05-12,2026-05-13,UTIBN00000000199,4882987,97660,17579,4767748,payment
pay_001027,INV-2026-01002,Sharma Hardware Stores,2026-05-12,2026-05-13,UTIBN00000000199,5154693,103094,18557,5033042,payment
pay_001028,INV-2026-01002,Sharma Hardware Stores,2026-05-12,2026-05-13,UTIBN00000000199,572416,11448,2061,558907,payment
pay_001029,INV-2026-01003,Nirmal Water Systems,2026-04-14,2026-04-15,KKBKN00000000200,3911490,78230,14081,,payment
pay_001030,INV-2026-01004,Kalyani Engineering,2026-04-14,2026-04-15,KKBKN00000000200,2246413,44928,8087,2193398,payment
pay_001031,INV-2026-01005,Everest Cold Storage,2026-04-14,2026-04-15,KKBKN00000000200,9081502,181630,32693,8867179,payment
pay_001032,INV-2026-01006,Maple Leaf Stationers,2026-04-14,2026-04-15,KKBKN00000000200,18662893,373258,67186,18222449,payment
pay_001033,#INV-2026-01007,Vishal Auto Components,2026-04-14,2026-04-15,KKBKN00000000200,15014681,300294,54053,14660334,payment
pay_001034,INV-2026-01008,Ganesh Cement Agencies,2026-04-14,2026-04-15,KKBKN00000000200,12576044,251521,45274,12279249,payment
pay_001035,INV-2026-01009,Deccan Steel Works,2026-04-14,2026-04-15,KKBKN00000000200,14268772,285375,51368,13932029,payment
pay_001036,INV-2026-01010,Konark Ceramics,2026-04-14,2026-04-15,KKBKN00000000200,15641135,312823,56308,15272004,payment
pay_001037,INV-2026-01011,Deccan Steel Works,2026-06-01,2026-06-03,KKBKN00000000201,2396636,47933,8628,2340075,payment
pay_001038,INV-2026-01012,Ratna Jewellers,2026-04-08,2026-04-10,UTIBN00000000202,11513194,230264,41448,11241482,payment
pay_001039,INV-2026-01013,Indus Valley Handicrafts,2026-04-08,2026-04-10,UTIBN00000000202,4537091,90742,16334,4430015,payment
pay_001040,INV-2026-01014,Rajesh Textiles Pvt Ltd,2026-04-08,2026-04-10,UTIBN00000000202,371404,7428,1337,362639,payment
pay_001041,INV-2026-01015,Everest Cold Storage,2026-04-08,2026-04-10,UTIBN00000000202,16457335,329147,59246,16068942,payment
pay_001042,"INV-2026-01016,INV-2026-01017,INV-2026-01018",Silverline Cosmetics,2026-04-08,2026-04-10,UTIBN00000000202,18727323,374546,67418,18285359,payment
pay_001043,INV-2026-01019,Sunrise Electronics,2026-06-05,2026-06-06,SBINN00000000203,12056481,241130,43403,11771948,payment
pay_001044,INV-2026-01020,Prakash Lighting Co,2026-06-05,2026-06-06,SBINN00000000203,7470484,149410,26894,7294180,payment
pay_001045,INV-2026-01021,Aakash Sports Goods,2026-06-05,2026-06-06,SBINN00000000203,9470620,189412,34094,,payment
pay_001046,INV-2026-0102,Indus Valley Handicrafts,2026-06-05,2026-06-06,SBINN00000000203,13340446,266809,48026,13025611,payment
pay_001047,INV-2026-01023,Coastal Marine Exports,2026-06-13,2026-06-14,UTIBN00000000204,17932549,358651,64557,17509341,payment
pay_001048,INV-2026-01024,Konark Ceramics,2026-06-13,2026-06-14,UTIBN00000000204,14381583,287632,51774,,payment
pay_001049,INV-2026-01025,Kaveri Agro Foods,2026-06-13,2026-06-14,UTIBN00000000204,14563908,291278,52430,14220200,payment
pay_001050,INV-2026-01026,Everest Cold Storage,2026-06-13,2026-06-14,UTIBN00000000204,17441103,348822,62788,17029493,payment
pay_001051,inv-2026-01027,Bharat Tyre Traders,2026-06-13,2026-06-14,UTIBN00000000204,7584587,151692,27305,7405590,payment
pay_001052,INV-2026-01028,Pinnacle Interiors,2026-04-10,2026-04-11,HDFCN00000000205,11267331,225347,40562,11001422,payment
pay_001053,INV-2026-01029,Ratna Jewellers,2026-04-10,2026-04-11,HDFCN00000000205,5596785,111936,20148,5464701,payment
pay_001054,INV-2026-01029,Ratna Jewellers,2026-04-10,2026-04-11,HDFCN00000000205,5888631,117773,21199,5749659,payment
pay_001055,INV-2026-01030,Bluewave Logistics LLP,2026-04-10,2026-04-11,HDFCN00000000205,14764607,295292,53153,14416162,payment
pay_001056,INV-2026-01031,Sagarika Seafoods,2026-04-10,2026-04-11,HDFCN00000000205,2086315,41726,7511,2037078,payment
pay_001057,INV-2026-01032,Lotus Hospitality Services,2026-04-10,2026-04-11,HDFCN00000000205,2231984,44640,8035,2179309,payment
pay_001058,INV-2026-01033,Kaveri Agro Foods,2026-04-10,2026-04-11,HDFCN00000000205,1888408,37768,6798,1843842,payment
pay_001059,"inv-2026-01034,inv-2026-01035,inv-2026-01036",Pinnacle Interiors,2026-04-10,2026-04-11,HDFCN00000000205,42289597,845792,152243,41291562,payment
pay_001060,INV-2026-01037,Infinite Loop Software,2026-04-10,2026-04-11,HDFCN00000000205,405896,8118,1461,396317,payment
pay_001061,INV-2026-01038,Nirmal Water Systems,2026-06-21,2026-06-22,KKBKN00000000206,16203080,324062,58331,15820687,payment
pay_001062,INV-2026-01039,Sagarika Seafoods,2026-06-21,2026-06-22,KKBKN00000000206,267865,5357,964,261544,payment
pay_001063,INV-2026-01039,Sagarika Seafoods,2026-06-21,2026-06-22,KKBKN00000000206,1260905,25218,4539,1231148,payment
pay_001064,INV-2026-01040,Surya Solar Solutions,2026-06-21,2026-06-22,KKBKN00000000206,4936353,98727,17771,4819855,payment
pay_001065,INV-2026-01041,Coastal Marine Exports,2026-06-22,2026-06-24,SBINN00000000207,2345249,46905,8443,2289901,payment
pay_001066,INV-2026-01042,Chandra Printing Press,2026-06-22,2026-06-24,SBINN00000000207,11161396,223228,40181,10897987,payment
pay_001067,INV-2026-01043,Rudra Plastics,2026-06-22,2026-06-24,SBINN00000000207,10103967,202079,36374,9865514,payment
pay_001068,INV-2026-01044,Deccan Steel Works,2026-06-22,2026-06-24,SBINN00000000207,460227,9205,1657,449365,payment
pay_001069,INV-2026-01044,Deccan Steel Works,2026-06-22,2026-06-24,SBINN00000000207,1005506,20110,3620,981776,payment
pay_001070,"INV-2026-01045,INV-2026-01046",Surya Solar Solutions,2026-06-29,2026-06-30,UTIBN00000000208,16373216,327464,58944,15986808,payment
pay_001071,"INV-2026-01047,INV-2026-01048",Bharat Tyre Traders,2026-06-29,2026-06-30,UTIBN00000000208,12581295,251626,45293,,payment
pay_001072,INV-2026-01049,Zenith Office Supplies,2026-05-11,2026-05-13,HDFCN00000000209,12544001,250880,45158,12247963,payment
pay_001073,INV-2026-01050,Ashoka Timber Depot,2026-05-11,2026-05-13,HDFCN00000000209,14603163,292063,52571,14258529,payment
pay_001074,INV-2026-01051,Bluewave Logistics LLP,2026-05-11,2026-05-13,HDFCN00000000209,4467492,89350,16083,4362059,payment
pay_001075,INV-2026-01051,Bluewave Logistics LLP,2026-05-11,2026-05-13,HDFCN00000000209,1945808,38916,7005,1899887,payment
pay_001076,INV-2026-01052,Indus Valley Handicrafts,2026-05-11,2026-05-13,HDFCN00000000209,8255724,165114,29721,,payment
pay_001077,INV-2026-01052,Indus Valley Handicrafts,2026-05-11,2026-05-13,HDFCN00000000209,19717386,0,0,-19717386,refund
pay_001078,INV-2026-01053,Nirmal Water Systems,2026-06-19,2026-06-20,SBINN00000000210,17134524,342690,61684,16730150,payment
pay_001079,INV-2026-01054,Ashoka Timber Depot,2026-06-19,2026-06-20,SBINN00000000210,12595288,251906,45343,12298039,payment
pay_001080,INV-2026-01055,Chandra Printing Press,2026-06-19,2026-06-20,SBINN00000000210,15946685,318934,57408,15570343,payment
pay_001081,INV-2026-01056,Himalaya Packaging,2026-05-12,2026-05-13,KKBKN00000000211,2869516,57390,10330,2801796,payment
pay_001082,INV-2026-01057,Ashoka Timber Depot,2026-05-12,2026-05-13,KKBKN00000000211,1430527,28611,5150,1396766,payment
pay_001083,INV-2026-01058,Prakash Lighting Co,2026-05-12,2026-05-13,KKBKN00000000211,15738407,314768,56658,15366981,payment
pay_001084,INV-2026-01059,Bharat Tyre Traders,2026-05-12,2026-05-13,KKBKN00000000211,9211013,184220,33160,8993633,payment
pay_001085,INV-2026-01060,Priya Garments,2026-05-12,2026-05-13,KKBKN00000000211,2596393,51928,9347,2535118,payment
pay_001086,INV-2026-01061,Sharma Hardware Stores,2026-05-12,2026-05-13,KKBKN00000000211,17256410,345128,62123,,payment
pay_001087,INV-2026-01062,Silverline Cosmetics,2026-04-03,2026-04-04,UTIBN00000000212,10098685,201974,36355,9860356,payment
pay_001088,INV-2026-01063,Surya Solar Solutions,2026-04-03,2026-04-04,UTIBN00000000212,13664995,273300,49194,,payment
pay_001089,INV-2026-01064,Rajesh Textiles Pvt Ltd,2026-04-03,2026-04-04,UTIBN00000000212,5059043,101181,18213,4939649,payment
pay_001090,INV-2026-01064,Rajesh Textiles Pvt Ltd,2026-04-03,2026-04-04,UTIBN00000000212,3828133,0,0,-3828133,refund
pay_001091,INV-2026-01065,Sagarika Seafoods,2026-06-04,2026-06-06,SBINN00000000213,1060125,21203,3817,1035105,payment
pay_001092,INV-2026-01066,Rudra Plastics,2026-06-04,2026-06-06,SBINN00000000213,374845,7497,1349,365999,payment
pay_001093,INV-2026-01067,Surya Solar Solutions,2026-06-04,2026-06-06,SBINN00000000213,14334770,286695,51605,,payment
pay_001094,INV-2026-01068,Mahalaxmi Provisions,2026-06-04,2026-06-06,SBINN00000000213,18088997,361780,65120,17662097,payment
pay_001095,INV-2026-01069,Silverline Cosmetics,2026-05-11,2026-05-13,ICICN00000000214,3695298,73906,13303,,payment
pay_001096,INV-2026-01070,Sagarika Seafoods,2026-05-11,2026-05-13,ICICN00000000214,3178665,63573,11443,3103649,payment
pay_001097,INV-2026-01071,Mahalaxmi Provisions,2026-06-27,2026-06-29,ICICN00000000215,3510004,70200,12636,3427168,payment
pay_001098,INV-2026-01071,Mahalaxmi Provisions,2026-06-27,2026-06-29,ICICN00000000215,501957,10039,1807,490111,payment
pay_001099,INV-2026-01071,Mahalaxmi Provisions,2026-06-27,2026-06-29,ICICN00000000215,371180,7424,1336,362420,payment
pay_001100,INV-2026-01072,Ganesh Cement Agencies,2026-06-27,2026-06-29,ICICN00000000215,7965587,159312,28676,7777599,payment
pay_001101,INV-2026-01072,Ganesh Cement Agencies,2026-06-27,2026-06-29,ICICN00000000215,2478139,49563,8921,2419655,payment
pay_001102,INV-2026-01073,Zenith Office Supplies,2026-06-27,2026-06-29,ICICN00000000215,15450022,309000,55620,15085402,payment
pay_001103,INV-2026-01074,Rajesh Textiles Pvt Ltd,2026-06-27,2026-06-29,ICICN00000000215,2196478,43930,7907,2144641,payment
pay_001104,INV-2026-01075,Indus Valley Handicrafts,2026-06-27,2026-06-29,ICICN00000000215,11085766,221715,39909,10824142,payment
pay_001105,INV-2026-01076,Aakash Sports Goods,2026-06-27,2026-06-29,ICICN00000000215,1361467,27229,4901,,payment
pay_001106,INV-2026-01077,Anand Furniture House,2026-06-27,2026-06-29,ICICN00000000215,11686067,233721,42070,11410276,payment
pay_001107,INV-2026-01078,Meenakshi Traders,2026-04-06,2026-04-07,ICICN00000000216,9236407,184728,33251,9018428,payment
pay_001108,INV-2026-01079,Silverline Cosmetics,2026-04-06,2026-04-07,ICICN00000000216,7339863,146797,26423,7166643,payment
pay_001109,INV-2026-01080,Everest Cold Storage,2026-04-06,2026-04-07,ICICN00000000216,4117824,82356,14824,4020644,payment
pay_001110,INV-2026-01081,Bluewave Logistics LLP,2026-04-06,2026-04-07,ICICN00000000216,10989185,219784,39561,10729840,payment
pay_001111,INV-2026-01082,Deccan Steel Works,2026-04-06,2026-04-07,ICICN00000000216,1547707,30954,5572,1511181,payment
pay_001112,INV-2026-01083,Bluewave Logistics LLP,2026-04-06,2026-04-07,ICICN00000000216,15548925,310979,55976,15181970,payment
pay_001113,INV-2O26-01084,Mahalaxmi Provisions,2026-04-06,2026-04-07,ICICN00000000216,1317507,26350,4743,1286414,payment
pay_001114,1NV-2026-01085,Indus Valley Handicrafts,2026-05-25,2026-05-26,ICICN00000000217,1413189,28264,5088,1379837,payment
pay_001115,INV-2026-01085,Indus Valley Handicrafts,2026-05-25,2026-05-26,ICICN00000000217,1865594,37312,6716,1821566,payment
pay_001116,INV-2026-01085,Indus Valley Handicrafts,2026-05-25,2026-05-26,ICICN00000000217,937046,18741,3373,914932,payment
pay_001117,INV-2026-01086,Kaveri Agro Foods,2026-06-15,2026-06-17,SBINN00000000218,12713292,254266,45768,12413258,payment
pay_001118,inv-2026-01087,Ratna Jewellers,2026-06-15,2026-06-17,SBINN00000000218,6760406,135208,24337,6600861,payment
pay_001119,INV-2026-01088,Sunrise Electronics,2026-06-15,2026-06-17,SBINN00000000218,6497545,129951,23391,6344203,payment
pay_001120,INV-2026-01089,Bluewave Logistics LLP,2026-06-15,2026-06-17,SBINN00000000218,5683214,113664,20460,5549090,payment
pay_001121,INV-2026-01090,Meenakshi Traders,2026-06-15,2026-06-17,SBINN00000000218,11027046,220541,39697,10766808,payment
pay_001122,INV-2026-01091,Coastal Marine Exports,2026-06-15,2026-06-17,SBINN00000000218,13306145,266123,47902,12992120,payment
pay_001123,INV-2026-01092,Orchid Pharma Distributors,2026-06-15,2026-06-17,SBINN00000000218,12014716,240294,43253,11731169,payment
pay_001124,INV-2026-01093,Rajesh Textiles Pvt Ltd,2026-06-15,2026-06-17,SBINN00000000218,452028,9041,1627,441360,payment
pay_001125,INV-2026-01093,Rajesh Textiles Pvt Ltd,2026-06-15,2026-06-17,SBINN00000000218,15403965,0,0,-15403965,refund
pay_001126,INV-2026-01094,Nandini Dairy Products,2026-04-22,2026-04-23,KKBKN00000000219,13088092,261762,47117,,payment
pay_001127,INV-2026-01095,Vishal Auto Components,2026-04-22,2026-04-23,KKBKN00000000219,10719201,214384,38589,10466228,payment
pay_001128,"INV-2026-01096,INV-2026-01097",Chandra Printing Press,2026-04-22,2026-04-23,KKBKN00000000219,32560836,651217,117219,31792400,payment
pay_001129,INV-2026-01098,Infinite Loop Software,2026-04-22,2026-04-23,KKBKN00000000219,495994,9920,1786,,payment
pay_001130,INV-2026-01099,Prakash Lighting Co,2026-04-22,2026-04-23,KKBKN00000000219,10413240,208265,37488,10167487,payment
pay_001131,INV-2026-01100,Sagar Chemicals,2026-04-13,2026-04-15,SBINN00000000220,1379006,27580,4964,1346462,payment
pay_001132,INV-2026-01101,Everest Cold Storage,2026-04-13,2026-04-15,SBINN00000000220,845016,16900,3042,825074,payment
pay_001133,INV202601102,Trident Paper Mills,2026-04-13,2026-04-15,SBINN00000000220,18146299,362926,65327,17718046,payment
pay_001134,INV-2026-01103,Priya Garments,2026-06-11,2026-06-12,ICICN00000000221,6907631,138153,24868,6744610,payment
pay_001135,INV-2026-01104,Sharma Hardware Stores,2026-06-11,2026-06-12,ICICN00000000221,10500963,210019,37803,10253141,payment
pay_001136,INV-2026-01105,Chandra Printing Press,2026-05-13,2026-05-15,SBINN00000000222,14593513,291870,52537,14249106,payment
pay_001137,"INV-2026-01106,INV-2026-01107",Chandra Printing Press,2026-05-13,2026-05-15,SBINN00000000222,12966930,259339,46681,12660910,payment
pay_001138,INV-2026-01108,Greenleaf Organics,2026-05-13,2026-05-15,SBINN00000000222,8683277,173666,31260,8478351,payment
pay_001139,INV-2026-01109,Everest Cold Storage,2026-04-25,2026-04-27,UTIBN00000000223,12570665,251413,45254,,payment
pay_001140,INV-2026-01110,Zenith Office Supplies,2026-04-25,2026-04-27,UTIBN00000000223,2440228,48805,8785,2382638,payment
pay_001141,INV-2026-01111,Meenakshi Traders,2026-04-25,2026-04-27,UTIBN00000000223,12962618,259252,46665,12656701,payment
pay_001142,INV-2026-01112,Deccan Steel Works,2026-04-25,2026-04-27,UTIBN00000000223,5848279,116966,21054,5710259,payment
pay_001143,INV-2026-01112,Deccan Steel Works,2026-04-25,2026-04-27,UTIBN00000000223,2701630,54033,9726,,payment
pay_001144,INV-2026-01112,Deccan Steel Works,2026-04-25,2026-04-27,UTIBN00000000223,65142,1303,235,,payment
pay_001145,INV-2026-01113,Kaveri Agro Foods,2026-04-25,2026-04-27,UTIBN00000000223,8330959,166619,29991,8134349,payment
pay_001146,INV-2026-01114,Meenakshi Traders,2026-04-25,2026-04-27,UTIBN00000000223,998116,19962,3593,974561,payment
pay_001147,INV-2026-01115,Greenleaf Organics,2026-04-25,2026-04-27,UTIBN00000000223,4994829,99897,17981,4876951,payment
pay_001148,INV-2026-01116,Zenith Office Supplies,2026-05-05,2026-05-07,ICICN00000000224,12894254,257885,46419,12589950,payment
pay_001149,INV-2026-01117,Everest Cold Storage,2026-05-05,2026-05-07,ICICN00000000224,3032097,60642,10916,2960539,payment
pay_001150,INV-2026-01118,Surya Solar Solutions,2026-05-05,2026-05-07,ICICN00000000224,7080510,141610,25490,6913410,payment
pay_001151,INV-2026-01119,Mahalaxmi Provisions,2026-05-05,2026-05-07,ICICN00000000224,5700522,114010,20522,5565990,payment
pay_001152,"INV-2026-01120,INV-2026-01121,INV-2026-01122",Rajesh Textiles Pvt Ltd,2026-05-05,2026-05-07,ICICN00000000224,41900162,838003,150841,40911318,payment
pay_001153,INV-2O26-01123,Prakash Lighting Co,2026-06-04,2026-06-06,UTIBN00000000225,2459015,49180,8852,2400983,payment
pay_001154,INV-2026-01123,Prakash Lighting Co,2026-06-04,2026-06-06,UTIBN00000000225,3165253,63305,11395,,payment
pay_001155,"INV-2026-01124,INV-2026-0112",Trident Paper Mills,2026-06-04,2026-06-06,UTIBN00000000225,19763013,395260,71147,19296606,payment
pay_001156,#INV-2026-01126,Rajesh Textiles Pvt Ltd,2026-06-04,2026-06-06,UTIBN00000000225,1454566,29091,5236,1420239,payment
pay_001157,INV-2026-01127,Rajesh Textiles Pvt Ltd,2026-06-04,2026-06-06,UTIBN00000000225,8969969,179399,32292,8758278,payment
pay_001158,INV-2026-01128,Chandra Printing Press,2026-06-04,2026-06-06,UTIBN00000000225,14460072,289201,52056,14118815,payment
pay_001159,INV-2026-01129,Trident Paper Mills,2026-06-04,2026-06-06,UTIBN00000000225,12170217,243404,43813,11883000,payment
pay_001160,INV-2026-01130,Lotus Hospitality Services,2026-06-04,2026-06-06,UTIBN00000000225,11131527,222631,40074,10868822,payment
pay_001161,INV-2026-01131,Rajesh Textiles Pvt Ltd,2026-06-04,2026-06-06,UTIBN00000000225,13532451,270649,48717,13213085,payment
pay_001162,INV-2026-01132,Sunrise Electronics,2026-05-08,2026-05-09,ICICN00000000226,10972813,219456,39502,10713855,payment
pay_001163,INV-2026-01133,Infinite Loop Software,2026-05-08,2026-05-09,ICICN00000000226,2780298,55606,10009,2714683,payment
pay_001164,INV-2026-01134,Chandra Printing Press,2026-05-08,2026-05-09,ICICN00000000226,3420734,68415,12315,3340004,payment
pay_001165,INV-2026-01135,Anand Furniture House,2026-05-08,2026-05-09,ICICN00000000226,4853700,97074,17473,4739153,payment
pay_001166,INV- 2026-01136,Rudra Plastics,2026-05-08,2026-05-09,ICICN00000000226,16982795,339656,61138,16582001,payment
pay_001167,INV-2026-01137,Sharma Hardware Stores,2026-05-08,2026-05-09,ICICN00000000226,18462882,369258,66466,18027158,payment
pay_001168,INV-2026-01138,Sagar Chemicals,2026-06-25,2026-06-27,ICICN00000000227,16032053,320641,57715,15653697,payment
pay_001169,INV-2026-01139/PART,Orchid Pharma Distributors,2026-06-25,2026-06-27,ICICN00000000227,16557397,331148,59607,16166642,payment
pay_001170,INV-2026-01140,Infinite Loop Software,2026-06-25,2026-06-27,ICICN00000000227,2219865,44397,7991,2167477,payment
pay_001171,INV-2026-01141,Lotus Hospitality Services,2026-06-25,2026-06-27,ICICN00000000227,12856065,257121,46282,12552662,payment
pay_001172,INV-2026-01142,Konark Ceramics,2026-06-25,2026-06-27,ICICN00000000227,7880512,157610,28370,7694532,payment
pay_001173,INV-2026-01143,Orchid Pharma Distributors,2026-06-25,2026-06-27,ICICN00000000227,3041022,60820,10948,2969254,payment
pay_001174,INV-2026-01144,Maple Leaf Stationers,2026-06-25,2026-06-27,ICICN00000000227,3945878,78918,14205,3852755,payment
pay_001175,"INV-2026-01145,INV-2026-01146",Mahalaxmi Provisions,2026-05-14,2026-05-15,ICICN00000000228,12300559,246011,44282,12010266,payment
pay_001176,INV-2026-01147,Vertex Lab Equipment,2026-05-14,2026-05-15,ICICN00000000228,288197,5764,1038,281395,payment
pay_001177,INV-2026-01147,Vertex Lab Equipment,2026-05-14,2026-05-15,ICICN00000000228,2397426,47949,8631,2340846,payment
pay_001178,INV-2026-01147,Vertex Lab Equipment,2026-05-14,2026-05-15,ICICN00000000228,2258985,45180,8132,2205673,payment
pay_001179,INV-2026-01148,Aakash Sports Goods,2026-06-03,2026-06-04,ICICN00000000229,5391638,107833,19410,5264395,payment
pay_001180,INV-2026-01149,Konark Ceramics,2026-06-03,2026-06-04,ICICN00000000229,15935393,318708,57367,15559318,payment
pay_001181,INV-2026-01150,Mahalaxmi Provisions,2026-06-03,2026-06-04,ICICN00000000229,9547242,190945,34370,9321927,payment
pay_001182,INV-2026-01151,Chandra Printing Press,2026-04-07,2026-04-08,ICICN00000000230,7088590,141772,25519,6921299,payment
pay_001183,INV-2026-01152,Coastal Marine Exports,2026-04-07,2026-04-08,ICICN00000000230,12204280,244086,43935,11916259,payment
pay_001184,INV-2026-01153,Rudra Plastics,2026-04-07,2026-04-08,ICICN00000000230,3582967,71659,12899,3498409,payment
pay_001185,INV-2026-01153,Rudra Plastics,2026-04-07,2026-04-08,ICICN00000000230,1419850,28397,5111,1386342,payment
pay_001186,"INV-2026-01154,INV-2026-01155",Kaveri Agro Foods,2026-04-07,2026-04-08,ICICN00000000230,19155806,383116,68961,18703729,payment
pay_001187,INV-2026-01156,Maple Leaf Stationers,2026-04-07,2026-04-08,ICICN00000000230,13605789,272116,48981,13284692,payment
pay_001188,INV-2026-01157,Orchid Pharma Distributors,2026-04-07,2026-04-08,ICICN00000000230,10206577,204132,36744,9965701,payment
pay_001189,INV-2026-01158,Priya Garments,2026-04-07,2026-04-08,ICICN00000000230,3056851,61137,11005,2984709,payment
pay_001190,INV-2026-01159,Lotus Hospitality Services,2026-04-07,2026-04-08,ICICN00000000230,14985691,299714,53949,,payment
pay_001191,INV-2026-01160,Pinnacle Interiors,2026-04-14,2026-04-16,ICICN00000000231,3386694,67734,12192,3306768,payment
pay_001192,INV-2026-01161,Silverline Cosmetics,2026-04-14,2026-04-16,ICICN00000000231,583171,11663,2099,569409,payment
pay_001193,INV-2026-01161,Silverline Cosmetics,2026-04-14,2026-04-16,ICICN00000000231,129407,2588,466,126353,payment
pay_001194,INV-2026-01162,Ashoka Timber Depot,2026-04-14,2026-04-16,ICICN00000000231,19669999,393400,70812,19205787,payment
pay_001195,INV-2026-01163,Orchid Pharma Distributors,2026-04-14,2026-04-16,ICICN00000000231,3986809,79736,14352,3892721,payment
pay_001196,INV-2026-01164,Indus Valley Handicrafts,2026-04-14,2026-04-16,ICICN00000000231,18663373,373267,67188,18222918,payment
pay_001197,INV-2026-0116,Kalyani Engineering,2026-04-14,2026-04-16,ICICN00000000231,5409418,108188,19474,5281756,payment
pay_001198,INV-2026-01165,Kalyani Engineering,2026-04-14,2026-04-16,ICICN00000000231,13937099,278742,50174,,payment
pay_001199,"INV-2026-01166,INV-2026-01167",Meenakshi Traders,2026-04-14,2026-04-16,ICICN00000000231,28386555,567731,102192,27716632,payment
pay_001200,INV-2026-01168,Rajesh Textiles Pvt Ltd,2026-04-14,2026-04-16,ICICN00000000231,17479617,349592,62927,17067098,payment
pay_001201,INV-2026-01169,Zenith Office Supplies,2026-05-30,2026-05-31,HDFCN00000000232,4553273,91065,16392,4445816,payment
pay_001202,INV-2026-01170,Ganesh Cement Agencies,2026-05-30,2026-05-31,HDFCN00000000232,4361479,87230,15701,4258548,payment
pay_001203,"INV-2026-01171,INV-2026-01172",Pinnacle Interiors,2026-05-30,2026-05-31,HDFCN00000000232,18390576,367812,66206,17956558,payment
pay_001204,INV-2026-01173,Greenleaf Organics,2026-05-13,2026-05-14,KKBKN00000000233,14600112,292002,52560,14255550,payment
pay_001205,INV-2026-01174,Indus Valley Handicrafts,2026-05-13,2026-05-14,KKBKN00000000233,4231594,84632,15234,,payment
pay_001206,INV-2026-01175,Konark Ceramics,2026-05-13,2026-05-14,KKBKN00000000233,3035477,60710,10928,2963839,payment
pay_001207,INV-2026-01176,Trident Paper Mills,2026-05-13,2026-05-14,KKBKN00000000233,7625432,152509,27452,7445471,payment
pay_001208,INV-2026-01177,Nandini Dairy Products,2026-05-13,2026-05-14,KKBKN00000000233,12754793,255096,45917,12453780,payment
pay_001209,INV-2026-01178,Orchid Pharma Distributors,2026-05-13,2026-05-14,KKBKN00000000233,1603004,32060,5771,1565173,payment
pay_001210,INV-2026-01178,Orchid Pharma Distributors,2026-05-13,2026-05-14,KKBKN00000000233,6611533,132231,23802,6455500,payment
pay_001211,INV-2026-01178,Orchid Pharma Distributors,2026-05-13,2026-05-14,KKBKN00000000233,2121559,42431,7638,2071490,payment
pay_001212,INV-2026-01179,Konark Ceramics,2026-05-13,2026-05-14,KKBKN00000000233,1659380,33188,5974,1620218,payment
pay_001213,INV-2026-01180/PART,Greenleaf Organics,2026-06-28,2026-06-29,KKBKN00000000234,9021445,180429,32477,8808539,payment
pay_001214,INV-2026-01181,Ratna Jewellers,2026-06-28,2026-06-29,KKBKN00000000234,15410769,308215,55479,15047075,payment
pay_001215,INV-2026-01182,Surya Solar Solutions,2026-06-28,2026-06-29,KKBKN00000000234,9674070,193481,34827,9445762,payment
pay_001216,INV-2026-01183,Sharma Hardware Stores,2026-04-09,2026-04-10,HDFCN00000000235,1199045,23981,4317,1170747,payment
pay_001217,INV-2026-01183,Sharma Hardware Stores,2026-04-09,2026-04-10,HDFCN00000000235,1125369,22507,4051,1098811,payment
pay_001218,inv-2026-01183,Sharma Hardware Stores,2026-04-09,2026-04-10,HDFCN00000000235,563791,11276,2030,550485,payment
pay_001219,INV-2026-01184,Nirmal Water Systems,2026-04-09,2026-04-10,HDFCN00000000235,16144582,322892,58121,15763569,payment
pay_001220,INV-2026-01185,Silverline Cosmetics,2026-04-09,2026-04-10,HDFCN00000000235,516415,10328,1859,504228,payment
pay_001221,INV-2026-01186,Rajesh Textiles Pvt Ltd,2026-04-09,2026-04-10,HDFCN00000000235,17978965,359579,64724,17554662,payment
pay_001222,INV-2026-01187,Bharat Tyre Traders,2026-04-23,2026-04-24,ICICN00000000236,11904496,238090,42856,11623550,payment
pay_001223,INV-2026-01188,Pinnacle Interiors,2026-04-23,2026-04-24,ICICN00000000236,12575322,251506,45271,,payment
pay_001224,INV-2026-01189,Nirmal Water Systems,2026-04-18,2026-04-19,SBINN00000000237,15587613,311752,56115,15219746,payment
pay_001225,"INV-2026-01190,INV-2026-01191",Aakash Sports Goods,2026-04-18,2026-04-19,SBINN00000000237,25557898,511158,92008,24954732,payment
pay_001226,INV-2026-01192,Rajesh Textiles Pvt Ltd,2026-04-18,2026-04-19,SBINN00000000237,6296416,125928,22667,6147821,payment
pay_001227,INV-2026-01193,Rajesh Textiles Pvt Ltd,2026-04-18,2026-04-19,SBINN00000000237,4438483,88770,15979,4333734,payment
pay_001228,INV-2026-01193,Rajesh Textiles Pvt Ltd,2026-04-18,2026-04-19,SBINN00000000237,2240008,44800,8064,2187144,payment
pay_001229,INV-2026-01194,Orchid Pharma Distributors,2026-04-18,2026-04-19,SBINN00000000237,5272089,105442,18980,5147667,payment
pay_001230,INV-2026-0119,Surya Solar Solutions,2026-06-11,2026-06-13,UTIBN00000000238,6709367,134187,24154,6551026,payment
pay_001231,INV-2026-01196,Mahalaxmi Provisions,2026-04-20,2026-04-21,SBINN00000000239,13097590,261952,47151,12788487,payment
pay_001232,INV-2026-01197,Nandini Dairy Products,2026-04-20,2026-04-21,SBINN00000000239,5269123,105382,18969,5144772,payment
pay_001233,INV-2026-01198,Rajesh Textiles Pvt Ltd,2026-04-20,2026-04-21,SBINN00000000239,1796167,35923,6466,1753778,payment
pay_001234,INV-2026-01199,Trident Paper Mills,2026-04-20,2026-04-21,SBINN00000000239,319404,6388,1150,311866,payment
pay_001235,INV-2026-01200,Anand Furniture House,2026-04-20,2026-04-21,SBINN00000000239,14443238,288865,51996,14102377,payment
pay_001236,INV-2026-01201,Greenleaf Organics,2026-04-20,2026-04-21,SBINN00000000239,8420716,168414,30315,8221987,payment
