invoice_id,customer_id,customer_name,invoice_date,due_date,gross_amount_paise,status
INV-2026-00001,cust_002,Sunrise Electronics,2026-06-01,2026-07-01,940399,paid
INV-2026-00002,cust_002,Sunrise Electronics,2026-05-31,2026-06-30,6721884,paid
INV-2026-00003,cust_007,Nandini Dairy Products,2026-05-14,2026-06-13,11591238,paid
INV-2026-00004,cust_007,Nandini Dairy Products,2026-05-06,2026-06-05,8925847,paid
INV-2026-00005,cust_030,Vertex Lab Equipment,2026-05-13,2026-06-12,2694095,paid
INV-2026-00006,cust_040,Prakash Lighting Co,2026-05-14,2026-06-13,19422723,paid
INV-2026-00007,cust_005,Bluewave Logistics LLP,2026-05-01,2026-05-31,9760248,paid
INV-2026-00008,cust_005,Bluewave Logistics LLP,2026-05-23,2026-06-22,7861165,paid
INV-2026-00009,cust_025,Lotus Hospitality Services,2026-05-05,2026-06-04,12291736,paid
INV-2026-00010,cust_023,Surya Solar Solutions,2026-05-17,2026-06-16,2445870,paid
INV-2026-00011,cust_021,Kalyani Engineering,2026-05-17,2026-06-16,7129409,paid
INV-2026-00012,cust_038,Maple Leaf Stationers,2026-05-21,2026-06-20,4691643,paid
INV-2026-00013,cust_006,Sharma Hardware Stores,2026-05-25,2026-06-24,5178503,paid
INV-2026-00014,cust_028,Pinnacle Interiors,2026-05-16,2026-06-15,12855018,paid
INV-2026-00015,cust_030,Vertex Lab Equipment,2026-05-11,2026-06-10,435239,paid
INV-2026-00016,cust_008,Orchid Pharma Distributors,2026-05-11,2026-06-10,9003167,paid
INV-2026-00017,cust_022,Trident Paper Mills,2026-05-15,2026-06-14,5356893,paid
INV-2026-00018,cust_017,Himalaya Packaging,2026-05-04,2026-06-03,6044562,paid
INV-2026-00019,cust_002,Sunrise Electronics,2026-04-11,2026-05-11,10368461,paid
INV-2026-00020,cust_006,Sharma Hardware Stores,2026-04-20,2026-05-20,17924652,paid
INV-2026-00021,cust_006,Sharma Hardware Stores,2026-03-29,2026-04-28,4269822,paid
INV-2026-00022,cust_031,Chandra Printing Press,2026-04-17,2026-05-17,8943824,paid
INV-2026-00023,cust_039,Indus Valley Handicrafts,2026-04-16,2026-05-16,18145773,paid
INV-2026-00024,cust_013,Coastal Marine Exports,2026-04-10,2026-05-10,12579912,paid
INV-2026-00025,cust_034,Ashoka Timber Depot,2026-04-15,2026-05-15,7589591,paid
INV-2026-00026,cust_038,Maple Leaf Stationers,2026-04-04,2026-05-04,7439269,paid
INV-2026-00027,cust_015,Infinite Loop Software,2026-04-12,2026-05-12,2427578,paid
INV-2026-00028,cust_015,Infinite Loop Software,2026-04-06,2026-05-06,8036110,paid
INV-2026-00029,cust_023,Surya Solar Solutions,2026-05-22,2026-06-21,1867683,paid
INV-2026-00030,cust_007,Nandini Dairy Products,2026-05-26,2026-06-25,3716460,paid
INV-2026-00031,cust_007,Nandini Dairy Products,2026-05-29,2026-06-28,6478696,paid
INV-2026-00032,cust_007,Nandini Dairy Products,2026-05-30,2026-06-29,18044763,paid
INV-2026-00033,cust_028,Pinnacle Interiors,2026-05-22,2026-06-21,8432113,paid
INV-2026-00034,cust_007,Nandini Dairy Products,2026-06-05,2026-07-05,3179379,paid
INV-2026-00035,cust_007,Nandini Dairy Products,2026-05-12,2026-06-11,7981579,paid
INV-2026-00036,cust_007,Nandini Dairy Products,2026-05-31,2026-06-30,13686992,paid
INV-2026-00037,cust_014,Ganesh Cement Agencies,2026-06-04,2026-07-04,5574305,paid
INV-2026-00038,cust_025,Lotus Hospitality Services,2026-05-11,2026-06-10,15317547,paid
INV-2026-00039,cust_036,Konark Ceramics,2026-05-21,2026-06-20,5244119,paid
INV-2026-00040,cust_005,Bluewave Logistics LLP,2026-05-19,2026-06-18,7942133,paid
INV-2026-00041,cust_037,Rudra Plastics,2026-05-21,2026-06-20,1383508,paid
INV-2026-00042,cust_027,Everest Cold Storage,2026-05-22,2026-06-21,17591677,paid
INV-2026-00043,cust_005,Bluewave Logistics LLP,2026-06-03,2026-07-03,8948649,paid
INV-2026-00044,cust_023,Surya Solar Solutions,2026-06-12,2026-07-12,12449271,paid
INV-2026-00045,cust_008,Orchid Pharma Distributors,2026-04-29,2026-05-29,18613105,paid
INV-2026-00046,cust_019,Anand Furniture House,2026-04-30,2026-05-30,11555153,paid
INV-2026-00047,cust_017,Himalaya Packaging,2026-05-14,2026-06-13,1754528,paid
INV-2026-00048,cust_018,Sagar Chemicals,2026-04-28,2026-05-28,4439579,paid
INV-2026-00049,cust_018,Sagar Chemicals,2026-05-02,2026-06-01,8839760,paid
INV-2026-00050,cust_029,Sagarika Seafoods,2026-05-09,2026-06-08,18870911,paid
INV-2026-00051,cust_023,Surya Solar Solutions,2026-05-02,2026-06-01,5235949,paid
INV-2026-00052,cust_016,Ratna Jewellers,2026-04-20,2026-05-20,5990891,paid
INV-2026-00053,cust_031,Chandra Printing Press,2026-03-17,2026-04-16,11782589,paid
INV-2026-00054,cust_008,Orchid Pharma Distributors,2026-04-16,2026-05-16,6041741,paid
INV-2026-00055,cust_005,Bluewave Logistics LLP,2026-04-11,2026-05-11,10583261,paid
INV-2026-00056,cust_008,Orchid Pharma Distributors,2026-04-12,2026-05-12,17066207,paid
INV-2026-00057,cust_027,Everest Cold Storage,2026-03-30,2026-04-29,9970542,paid
INV-2026-00058,cust_013,Coastal Marine Exports,2026-04-09,2026-05-09,5889388,paid
INV-2026-00059,cust_020,Zenith Office Supplies,2026-04-21,2026-05-21,10246351,paid
INV-2026-00060,cust_028,Pinnacle Interiors,2026-04-02,2026-05-02,10862889,paid
INV-2026-00061,cust_029,Sagarika Seafoods,2026-04-05,2026-05-05,15927493,paid
INV-2026-00062,cust_002,Sunrise Electronics,2026-05-02,2026-06-01,2493709,paid
INV-2026-00063,cust_002,Sunrise Electronics,2026-05-07,2026-06-06,13956332,paid
INV-2026-00064,cust_037,Rudra Plastics,2026-04-29,2026-05-29,12934179,paid
INV-2026-00065,cust_001,Rajesh Textiles Pvt Ltd,2026-04-27,2026-05-27,3626476,paid
INV-2026-00066,cust_040,Prakash Lighting Co,2026-04-14,2026-05-14,14369043,paid
INV-2026-00067,cust_036,Konark Ceramics,2026-04-25,2026-05-25,15977431,paid
INV-2026-00068,cust_016,Ratna Jewellers,2026-04-22,2026-05-22,17541919,paid
INV-2026-00069,cust_016,Ratna Jewellers,2026-04-28,2026-05-28,9637445,paid
INV-2026-00070,cust_022,Trident Paper Mills,2026-04-13,2026-05-13,2753737,paid
INV-2026-00071,cust_015,Infinite Loop Software,2026-04-26,2026-05-26,7229067,paid
INV-2026-00072,cust_022,Trident Paper Mills,2026-04-17,2026-05-17,2139290,paid
INV-2026-00073,cust_027,Everest Cold Storage,2026-04-06,2026-05-06,19648452,paid
INV-2026-00074,cust_015,Infinite Loop Software,2026-04-06,2026-05-06,1023911,paid
INV-2026-00075,cust_026,Mahalaxmi Provisions,2026-04-07,2026-05-07,4332478,paid
INV-2026-00076,cust_035,Silverline Cosmetics,2026-04-03,2026-05-03,18987852,paid
INV-2026-00077,cust_035,Silverline Cosmetics,2026-03-31,2026-04-30,959393,paid
INV-2026-00078,cust_009,Vishal Auto Components,2026-04-16,2026-05-16,1737272,paid
INV-2026-00079,cust_021,Kalyani Engineering,2026-04-11,2026-05-11,11374639,paid
INV-2026-00080,cust_025,Lotus Hospitality Services,2026-04-08,2026-05-08,8514827,paid
INV-2026-00081,cust_031,Chandra Printing Press,2026-04-20,2026-05-20,11792720,paid
INV-2026-00082,cust_031,Chandra Printing Press,2026-04-14,2026-05-14,2352450,paid
INV-2026-00083,cust_031,Chandra Printing Press,2026-03-28,2026-04-27,1400838,paid
INV-2026-00084,cust_016,Ratna Jewellers,2026-04-21,2026-05-21,5163103,paid
INV-2026-00085,cust_037,Rudra Plastics,2026-06-04,2026-07-04,13359514,paid
INV-2026-00086,cust_013,Coastal Marine Exports,2026-05-27,2026-06-26,8198673,paid
INV-2026-00087,cust_013,Coastal Marine Exports,2026-06-13,2026-07-13,10169435,paid
INV-2026-00088,cust_013,Coastal Marine Exports,2026-05-26,2026-06-25,4111933,paid
INV-2026-00089,cust_037,Rudra Plastics,2026-06-05,2026-07-05,17925964,paid
INV-2026-00090,cust_024,Bharat Tyre Traders,2026-06-06,2026-07-06,474535,paid
INV-2026-00091,cust_024,Bharat Tyre Traders,2026-06-03,2026-07-03,16498439,paid
INV-2026-00092,cust_024,Bharat Tyre Traders,2026-06-13,2026-07-13,14596631,paid
INV-2026-00093,cust_030,Vertex Lab Equipment,2026-06-03,2026-07-03,5960175,paid
INV-2026-00094,cust_016,Ratna Jewellers,2026-05-10,2026-06-09,12766770,paid
INV-2026-00095,cust_032,Aakash Sports Goods,2026-05-23,2026-06-22,16409461,paid
INV-2026-00096,cust_017,Himalaya Packaging,2026-05-09,2026-06-08,9320035,paid
INV-2026-00097,cust_034,Ashoka Timber Depot,2026-05-26,2026-06-25,8148565,paid
INV-2026-00098,cust_032,Aakash Sports Goods,2026-05-21,2026-06-20,16025033,paid
INV-2026-00099,cust_032,Aakash Sports Goods,2026-05-28,2026-06-27,3172352,paid
INV-2026-00100,cust_026,Mahalaxmi Provisions,2026-05-19,2026-06-18,19563767,paid
INV-2026-00101,cust_036,Konark Ceramics,2026-05-15,2026-06-14,18517972,paid
INV-2026-00102,cust_018,Sagar Chemicals,2026-05-13,2026-06-12,17653892,paid
INV-2026-00103,cust_007,Nandini Dairy Products,2026-05-28,2026-06-27,7683068,paid
INV-2026-00104,cust_020,Zenith Office Supplies,2026-06-02,2026-07-02,9254360,paid
INV-2026-00105,cust_020,Zenith Office Supplies,2026-06-05,2026-07-05,1879589,paid
INV-2026-00106,cust_020,Zenith Office Supplies,2026-05-20,2026-06-19,9852479,paid
INV-2026-00107,cust_009,Vishal Auto Components,2026-05-13,2026-06-12,16521155,paid
INV-2026-00108,cust_037,Rudra Plastics,2026-05-22,2026-06-21,14829680,paid
INV-2026-00109,cust_004,Kaveri Agro Foods,2026-05-22,2026-06-21,3878129,paid
INV-2026-00110,cust_026,Mahalaxmi Provisions,2026-05-19,2026-06-18,1848822,paid
INV-2026-00111,cust_037,Rudra Plastics,2026-06-04,2026-07-04,8377906,paid
INV-2026-00112,cust_014,Ganesh Cement Agencies,2026-04-28,2026-05-28,2774199,paid
INV-2026-00113,cust_012,Priya Garments,2026-05-01,2026-05-31,139782,paid
INV-2026-00114,cust_008,Orchid Pharma Distributors,2026-05-07,2026-06-06,5049254,paid
INV-2026-00115,cust_010,Greenleaf Organics,2026-05-02,2026-06-01,10371739,paid
INV-2026-00116,cust_010,Greenleaf Organics,2026-05-08,2026-06-07,19149419,paid
INV-2026-00117,cust_029,Sagarika Seafoods,2026-05-05,2026-06-04,10253607,paid
INV-2026-00118,cust_028,Pinnacle Interiors,2026-05-08,2026-06-07,8450952,paid
INV-2026-00119,cust_037,Rudra Plastics,2026-05-27,2026-06-26,9093289,paid
INV-2026-00120,cust_012,Priya Garments,2026-05-07,2026-06-06,14888756,paid
INV-2026-00121,cust_012,Priya Garments,2026-05-14,2026-06-13,16549579,paid
INV-2026-00122,cust_006,Sharma Hardware Stores,2026-04-29,2026-05-29,3939683,paid
INV-2026-00123,cust_026,Mahalaxmi Provisions,2026-05-09,2026-06-08,18256419,paid
INV-2026-00124,cust_004,Kaveri Agro Foods,2026-04-28,2026-05-28,16776652,paid
INV-2026-00125,cust_029,Sagarika Seafoods,2026-04-24,2026-05-24,4124383,paid
INV-2026-00126,cust_016,Ratna Jewellers,2026-04-30,2026-05-30,18533090,paid
INV-2026-00127,cust_006,Sharma Hardware Stores,2026-05-06,2026-06-05,15533621,paid
INV-2026-00128,cust_010,Greenleaf Organics,2026-04-17,2026-05-17,9843248,paid
INV-2026-00129,cust_018,Sagar Chemicals,2026-04-24,2026-05-24,15895066,paid
INV-2026-00130,cust_019,Anand Furniture House,2026-04-18,2026-05-18,19508999,paid
INV-2026-00131,cust_027,Everest Cold Storage,2026-05-20,2026-06-19,12841994,paid
INV-2026-00132,cust_027,Everest Cold Storage,2026-05-23,2026-06-22,5153807,paid
INV-2026-00133,cust_027,Everest Cold Storage,2026-05-20,2026-06-19,1292172,paid
INV-2026-00134,cust_038,Maple Leaf Stationers,2026-06-01,2026-07-01,14824224,paid
INV-2026-00135,cust_001,Rajesh Textiles Pvt Ltd,2026-05-22,2026-06-21,5229503,paid
INV-2026-00136,cust_022,Trident Paper Mills,2026-05-23,2026-06-22,2744934,paid
INV-2026-00137,cust_028,Pinnacle Interiors,2026-03-17,2026-04-16,3422463,paid
INV-2026-00138,cust_020,Zenith Office Supplies,2026-04-09,2026-05-09,10934207,paid
INV-2026-00139,cust_015,Infinite Loop Software,2026-04-02,2026-05-02,15470627,paid
INV-2026-00140,cust_001,Rajesh Textiles Pvt Ltd,2026-03-27,2026-04-26,9701317,paid
INV-2026-00141,cust_011,Deccan Steel Works,2026-03-23,2026-04-22,10087950,paid
INV-2026-00142,cust_011,Deccan Steel Works,2026-03-21,2026-04-20,14287445,paid
INV-2026-00143,cust_018,Sagar Chemicals,2026-03-08,2026-04-07,1695651,paid
INV-2026-00144,cust_018,Sagar Chemicals,2026-03-13,2026-04-12,16717401,paid
INV-2026-00145,cust_018,Sagar Chemicals,2026-03-23,2026-04-22,7771491,paid
INV-2026-00146,cust_023,Surya Solar Solutions,2026-03-26,2026-04-25,8459639,paid
INV-2026-00147,cust_009,Vishal Auto Components,2026-03-12,2026-04-11,1372802,paid
INV-2026-00148,cust_029,Sagarika Seafoods,2026-03-09,2026-04-08,4459448,paid
INV-2026-00149,cust_029,Sagarika Seafoods,2026-03-30,2026-04-29,9952263,paid
INV-2026-00150,cust_027,Everest Cold Storage,2026-03-28,2026-04-27,18149520,paid
INV-2026-00151,cust_011,Deccan Steel Works,2026-03-17,2026-04-16,9953303,paid
INV-2026-00152,cust_022,Trident Paper Mills,2026-03-18,2026-04-17,2576627,paid
INV-2026-00153,cust_024,Bharat Tyre Traders,2026-06-07,2026-07-07,8846677,paid
INV-2026-00154,cust_024,Bharat Tyre Traders,2026-06-21,2026-07-21,15870138,paid
INV-2026-00155,cust_040,Prakash Lighting Co,2026-06-26,2026-07-26,15628233,paid
INV-2026-00156,cust_020,Zenith Office Supplies,2026-06-25,2026-07-25,4740138,paid
INV-2026-00157,cust_020,Zenith Office Supplies,2026-06-25,2026-07-25,3311222,paid
INV-2026-00158,cust_035,Silverline Cosmetics,2026-06-14,2026-07-14,12499080,paid
INV-2026-00159,cust_010,Greenleaf Organics,2026-06-08,2026-07-08,3372614,paid
INV-2026-00160,cust_040,Prakash Lighting Co,2026-06-20,2026-07-20,1147776,paid
INV-2026-00161,cust_013,Coastal Marine Exports,2026-04-30,2026-05-30,3126049,paid
INV-2026-00162,cust_039,Indus Valley Handicrafts,2026-05-13,2026-06-12,11240710,paid
INV-2026-00163,cust_009,Vishal Auto Components,2026-05-08,2026-06-07,2352174,paid
INV-2026-00164,cust_036,Konark Ceramics,2026-05-08,2026-06-07,7868138,paid
INV-2026-00165,cust_010,Greenleaf Organics,2026-04-25,2026-05-25,145145,paid
INV-2026-00166,cust_012,Priya Garments,2026-05-25,2026-06-24,14175092,paid
INV-2026-00167,cust_002,Sunrise Electronics,2026-03-24,2026-04-23,14353369,paid
INV-2026-00168,cust_002,Sunrise Electronics,2026-03-15,2026-04-14,3672597,paid
INV-2026-00169,cust_029,Sagarika Seafoods,2026-03-26,2026-04-25,5027257,paid
INV-2026-00170,cust_029,Sagarika Seafoods,2026-04-03,2026-05-03,4284287,paid
INV-2026-00171,cust_038,Maple Leaf Stationers,2026-03-26,2026-04-25,12831030,paid
INV-2026-00172,cust_034,Ashoka Timber Depot,2026-03-20,2026-04-19,14485094,paid
INV-2026-00173,cust_036,Konark Ceramics,2026-03-30,2026-04-29,14480752,paid
INV-2026-00174,cust_015,Infinite Loop Software,2026-03-22,2026-04-21,13429164,paid
INV-2026-00175,cust_007,Nandini Dairy Products,2026-03-26,2026-04-25,8602682,paid
INV-2026-00176,cust_010,Greenleaf Organics,2026-03-21,2026-04-20,2302620,paid
INV-2026-00177,cust_028,Pinnacle Interiors,2026-03-12,2026-04-11,1776243,paid
INV-2026-00178,cust_039,Indus Valley Handicrafts,2026-04-01,2026-05-01,19441727,paid
INV-2026-00179,cust_010,Greenleaf Organics,2026-03-28,2026-04-27,3681206,paid
INV-2026-00180,cust_036,Konark Ceramics,2026-03-11,2026-04-10,9397198,paid
INV-2026-00181,cust_028,Pinnacle Interiors,2026-03-11,2026-04-10,18731086,paid
INV-2026-00182,cust_002,Sunrise Electronics,2026-03-13,2026-04-12,10417805,paid
INV-2026-00183,cust_037,Rudra Plastics,2026-06-07,2026-07-07,5270395,paid
INV-2026-00184,cust_040,Prakash Lighting Co,2026-05-31,2026-06-30,14918404,paid
INV-2026-00185,cust_040,Prakash Lighting Co,2026-05-18,2026-06-17,14277574,paid
INV-2026-00186,cust_029,Sagarika Seafoods,2026-06-02,2026-07-02,17241489,paid
INV-2026-00187,cust_008,Orchid Pharma Distributors,2026-05-18,2026-06-17,19952282,paid
INV-2026-00188,cust_020,Zenith Office Supplies,2026-05-20,2026-06-19,1888177,paid
INV-2026-00189,cust_020,Zenith Office Supplies,2026-06-08,2026-07-08,6909301,paid
INV-2026-00190,cust_014,Ganesh Cement Agencies,2026-05-15,2026-06-14,8623811,paid
INV-2026-00191,cust_037,Rudra Plastics,2026-06-15,2026-07-15,14065483,paid
INV-2026-00192,cust_026,Mahalaxmi Provisions,2026-06-22,2026-07-22,15488290,paid
INV-2026-00193,cust_026,Mahalaxmi Provisions,2026-06-05,2026-07-05,12191761,paid
INV-2026-00194,cust_016,Ratna Jewellers,2026-06-15,2026-07-15,17631265,paid
INV-2026-00195,cust_022,Trident Paper Mills,2026-06-03,2026-07-03,5691597,paid
INV-2026-00196,cust_034,Ashoka Timber Depot,2026-06-03,2026-07-03,11773088,paid
INV-2026-00197,cust_010,Greenleaf Organics,2026-06-23,2026-07-23,8638868,paid
INV-2026-00198,cust_010,Greenleaf Organics,2026-03-31,2026-04-30,14888040,paid
INV-2026-00199,cust_018,Sagar Chemicals,2026-04-04,2026-05-04,17073401,paid
INV-2026-00200,cust_029,Sagarika Seafoods,2026-04-06,2026-05-06,2624665,paid
INV-2026-00201,cust_029,Sagarika Seafoods,2026-03-26,2026-04-25,3079847,paid
INV-2026-00202,cust_033,Nirmal Water Systems,2026-03-28,2026-04-27,18649770,paid
INV-2026-00203,cust_003,Meenakshi Traders,2026-03-21,2026-04-20,19231615,paid
INV-2026-00204,cust_021,Kalyani Engineering,2026-03-30,2026-04-29,5112057,paid
INV-2026-00205,cust_024,Bharat Tyre Traders,2026-04-22,2026-05-22,13766024,paid
INV-2026-00206,cust_039,Indus Valley Handicrafts,2026-04-14,2026-05-14,11278968,paid
INV-2026-00207,cust_039,Indus Valley Handicrafts,2026-05-02,2026-06-01,11112586,paid
INV-2026-00208,cust_039,Indus Valley Handicrafts,2026-05-01,2026-05-31,18772138,paid
INV-2026-00209,cust_019,Anand Furniture House,2026-04-13,2026-05-13,5095691,paid
INV-2026-00210,cust_038,Maple Leaf Stationers,2026-04-23,2026-05-23,10459649,paid
INV-2026-00211,cust_026,Mahalaxmi Provisions,2026-04-12,2026-05-12,2892698,paid
INV-2026-00212,cust_009,Vishal Auto Components,2026-04-11,2026-05-11,17712829,paid
INV-2026-00213,cust_007,Nandini Dairy Products,2026-05-26,2026-06-25,17717469,paid
INV-2026-00214,cust_040,Prakash Lighting Co,2026-05-31,2026-06-30,5225863,paid
INV-2026-00215,cust_011,Deccan Steel Works,2026-06-11,2026-07-11,13836127,paid
INV-2026-00216,cust_016,Ratna Jewellers,2026-05-24,2026-06-23,9610594,paid
INV-2026-00217,cust_029,Sagarika Seafoods,2026-06-05,2026-07-05,10434019,paid
INV-2026-00218,cust_013,Coastal Marine Exports,2026-04-21,2026-05-21,8438715,paid
INV-2026-00219,cust_024,Bharat Tyre Traders,2026-04-22,2026-05-22,17361046,paid
INV-2026-00220,cust_019,Anand Furniture House,2026-04-17,2026-05-17,15126651,paid
INV-2026-00221,cust_019,Anand Furniture House,2026-04-09,2026-05-09,4994200,paid
INV-2026-00222,cust_015,Infinite Loop Software,2026-05-08,2026-06-07,11300477,paid
INV-2026-00223,cust_015,Infinite Loop Software,2026-05-05,2026-06-04,4950601,paid
INV-2026-00224,cust_019,Anand Furniture House,2026-05-15,2026-06-14,4707109,paid
INV-2026-00225,cust_031,Chandra Printing Press,2026-05-30,2026-06-29,2708375,paid
INV-2026-00226,cust_010,Greenleaf Organics,2026-05-07,2026-06-06,17759073,paid
INV-2026-00227,cust_019,Anand Furniture House,2026-05-27,2026-06-26,1652205,paid
INV-2026-00228,cust_040,Prakash Lighting Co,2026-05-27,2026-06-26,16821485,paid
INV-2026-00229,cust_034,Ashoka Timber Depot,2026-03-10,2026-04-09,17082987,paid
INV-2026-00230,cust_025,Lotus Hospitality Services,2026-04-03,2026-05-03,13031582,paid
INV-2026-00231,cust_012,Priya Garments,2026-05-21,2026-06-20,15640157,paid
INV-2026-00232,cust_031,Chandra Printing Press,2026-05-17,2026-06-16,4574901,paid
INV-2026-00233,cust_003,Meenakshi Traders,2026-06-10,2026-07-10,6743096,paid
INV-2026-00234,cust_021,Kalyani Engineering,2026-05-26,2026-06-25,13412181,paid
INV-2026-00235,cust_035,Silverline Cosmetics,2026-06-10,2026-07-10,6462367,paid
INV-2026-00236,cust_004,Kaveri Agro Foods,2026-06-01,2026-07-01,9217628,paid
INV-2026-00237,cust_006,Sharma Hardware Stores,2026-04-19,2026-05-19,18353083,paid
INV-2026-00238,cust_007,Nandini Dairy Products,2026-04-15,2026-05-15,10334294,paid
INV-2026-00239,cust_007,Nandini Dairy Products,2026-04-10,2026-05-10,14348082,paid
INV-2026-00240,cust_007,Nandini Dairy Products,2026-04-19,2026-05-19,14945093,paid
INV-2026-00241,cust_003,Meenakshi Traders,2026-04-13,2026-05-13,14644181,paid
INV-2026-00242,cust_004,Kaveri Agro Foods,2026-04-12,2026-05-12,12240698,paid
INV-2026-00243,cust_004,Kaveri Agro Foods,2026-04-08,2026-05-08,5418263,paid
INV-2026-00244,cust_004,Kaveri Agro Foods,2026-04-24,2026-05-24,4840883,paid
INV-2026-00245,cust_029,Sagarika Seafoods,2026-04-17,2026-05-17,12341943,paid
INV-2026-00246,cust_029,Sagarika Seafoods,2026-04-13,2026-05-13,12896461,paid
INV-2026-00247,cust_003,Meenakshi Traders,2026-04-03,2026-05-03,15146896,paid
INV-2026-00248,cust_024,Bharat Tyre Traders,2026-04-22,2026-05-22,19307619,paid
INV-2026-00249,cust_029,Sagarika Seafoods,2026-03-30,2026-04-29,9632369,paid
INV-2026-00250,cust_032,Aakash Sports Goods,2026-04-14,2026-05-14,2534774,paid
INV-2026-00251,cust_029,Sagarika Seafoods,2026-03-24,2026-04-23,10773586,paid
INV-2026-00252,cust_005,Bluewave Logistics LLP,2026-04-09,2026-05-09,10114875,paid
INV-2026-00253,cust_012,Priya Garments,2026-04-02,2026-05-02,7574300,paid
INV-2026-00254,cust_020,Zenith Office Supplies,2026-05-22,2026-06-21,16111335,paid
INV-2026-00255,cust_027,Everest Cold Storage,2026-06-11,2026-07-11,4255268,paid
INV-2026-00256,cust_034,Ashoka Timber Depot,2026-06-08,2026-07-08,5484709,paid
INV-2026-00257,cust_019,Anand Furniture House,2026-06-05,2026-07-05,6636799,paid
INV-2026-00258,cust_002,Sunrise Electronics,2026-05-14,2026-06-13,19403231,paid
INV-2026-00259,cust_002,Sunrise Electronics,2026-05-30,2026-06-29,7123555,paid
INV-2026-00260,cust_002,Sunrise Electronics,2026-05-14,2026-06-13,19247738,paid
INV-2026-00261,cust_011,Deccan Steel Works,2026-05-07,2026-06-06,15634092,paid
INV-2026-00262,cust_016,Ratna Jewellers,2026-04-17,2026-05-17,15135938,paid
INV-2026-00263,cust_007,Nandini Dairy Products,2026-04-06,2026-05-06,14080273,paid
INV-2026-00264,cust_007,Nandini Dairy Products,2026-04-18,2026-05-18,5408631,paid
INV-2026-00265,cust_037,Rudra Plastics,2026-04-19,2026-05-19,5396644,paid
INV-2026-00266,cust_033,Nirmal Water Systems,2026-04-16,2026-05-16,16738977,paid
INV-2026-00267,cust_033,Nirmal Water Systems,2026-04-18,2026-05-18,7269048,paid
INV-2026-00268,cust_004,Kaveri Agro Foods,2026-04-06,2026-05-06,15840274,paid
INV-2026-00269,cust_004,Kaveri Agro Foods,2026-04-16,2026-05-16,18058353,paid
INV-2026-00270,cust_025,Lotus Hospitality Services,2026-04-19,2026-05-19,18500142,paid
INV-2026-00271,cust_040,Prakash Lighting Co,2026-05-10,2026-06-09,4367226,paid
INV-2026-00272,cust_022,Trident Paper Mills,2026-06-08,2026-07-08,15383991,paid
INV-2026-00273,cust_033,Nirmal Water Systems,2026-06-05,2026-07-05,10738094,paid
INV-2026-00274,cust_020,Zenith Office Supplies,2026-06-08,2026-07-08,17153167,paid
INV-2026-00275,cust_038,Maple Leaf Stationers,2026-03-09,2026-04-08,1773193,paid
INV-2026-00276,cust_011,Deccan Steel Works,2026-03-09,2026-04-08,12807070,paid
INV-2026-00277,cust_016,Ratna Jewellers,2026-03-29,2026-04-28,6451659,paid
INV-2026-00278,cust_016,Ratna Jewellers,2026-04-01,2026-05-01,14848798,paid
INV-2026-00279,cust_016,Ratna Jewellers,2026-03-22,2026-04-21,14101935,paid
INV-2026-00280,cust_014,Ganesh Cement Agencies,2026-03-08,2026-04-07,15874453,paid
INV-2026-00281,cust_004,Kaveri Agro Foods,2026-03-16,2026-04-15,7007233,paid
INV-2026-00282,cust_016,Ratna Jewellers,2026-03-24,2026-04-23,7595285,paid
INV-2026-00283,cust_020,Zenith Office Supplies,2026-03-11,2026-04-10,7005088,paid
INV-2026-00284,cust_032,Aakash Sports Goods,2026-03-22,2026-04-21,18856842,paid
INV-2026-00285,cust_018,Sagar Chemicals,2026-03-15,2026-04-14,18276461,paid
INV-2026-00286,cust_013,Coastal Marine Exports,2026-04-25,2026-05-25,18908195,paid
INV-2026-00287,cust_009,Vishal Auto Components,2026-04-10,2026-05-10,19740764,paid
INV-2026-00288,cust_015,Infinite Loop Software,2026-04-23,2026-05-23,15901244,paid
INV-2026-00289,cust_015,Infinite Loop Software,2026-04-30,2026-05-30,4662628,paid
INV-2026-00290,cust_011,Deccan Steel Works,2026-04-18,2026-05-18,16070513,paid
INV-2026-00291,cust_003,Meenakshi Traders,2026-06-12,2026-07-12,16672325,paid
INV-2026-00292,cust_019,Anand Furniture House,2026-06-24,2026-07-24,10062381,paid
INV-2026-00293,cust_007,Nandini Dairy Products,2026-06-14,2026-07-14,9598304,paid
INV-2026-00294,cust_022,Trident Paper Mills,2026-04-14,2026-05-14,6531417,paid
INV-2026-00295,cust_016,Ratna Jewellers,2026-05-20,2026-06-19,11110389,paid
INV-2026-00296,cust_037,Rudra Plastics,2026-05-17,2026-06-16,7978998,paid
INV-2026-00297,cust_037,Rudra Plastics,2026-05-27,2026-06-26,4016967,paid
INV-2026-00298,cust_037,Rudra Plastics,2026-05-14,2026-06-13,10344712,paid
INV-2026-00299,cust_033,Nirmal Water Systems,2026-05-06,2026-06-05,10484688,paid
INV-2026-00300,cust_019,Anand Furniture House,2026-05-21,2026-06-20,7402735,paid
INV-2026-00301,cust_031,Chandra Printing Press,2026-05-05,2026-06-04,12586769,paid
INV-2026-00302,cust_035,Silverline Cosmetics,2026-05-22,2026-06-21,8353561,paid
INV-2026-00303,cust_039,Indus Valley Handicrafts,2026-05-26,2026-06-25,17683077,paid
INV-2026-00304,cust_014,Ganesh Cement Agencies,2026-05-03,2026-06-02,3101495,paid
INV-2026-00305,cust_029,Sagarika Seafoods,2026-05-04,2026-06-03,4477317,paid
INV-2026-00306,cust_028,Pinnacle Interiors,2026-05-31,2026-06-30,18208433,paid
INV-2026-00307,cust_006,Sharma Hardware Stores,2026-04-20,2026-05-20,18145914,paid
INV-2026-00308,cust_023,Surya Solar Solutions,2026-04-24,2026-05-24,13238859,paid
INV-2026-00309,cust_020,Zenith Office Supplies,2026-04-18,2026-05-18,18318554,paid
INV-2026-00310,cust_025,Lotus Hospitality Services,2026-05-04,2026-06-03,15506019,paid
INV-2026-00311,cust_018,Sagar Chemicals,2026-04-18,2026-05-18,3836437,paid
INV-2026-00312,cust_002,Sunrise Electronics,2026-05-09,2026-06-08,3435531,paid
INV-2026-00313,cust_029,Sagarika Seafoods,2026-04-19,2026-05-19,1683306,paid
INV-2026-00314,cust_020,Zenith Office Supplies,2026-03-26,2026-04-25,17540283,paid
INV-2026-00315,cust_020,Zenith Office Supplies,2026-03-30,2026-04-29,19903054,paid
INV-2026-00316,cust_012,Priya Garments,2026-04-03,2026-05-03,18701253,paid
INV-2026-00317,cust_023,Surya Solar Solutions,2026-03-26,2026-04-25,12839427,paid
INV-2026-00318,cust_036,Konark Ceramics,2026-03-17,2026-04-16,18749440,paid
INV-2026-00319,cust_039,Indus Valley Handicrafts,2026-06-02,2026-07-02,6363712,paid
INV-2026-00320,cust_038,Maple Leaf Stationers,2026-05-18,2026-06-17,7331866,paid
INV-2026-00321,cust_022,Trident Paper Mills,2026-06-04,2026-07-04,7157089,paid
INV-2026-00322,cust_008,Orchid Pharma Distributors,2026-05-11,2026-06-10,16119917,paid
INV-2026-00323,cust_039,Indus Valley Handicrafts,2026-05-23,2026-06-22,8080614,paid
INV-2026-00324,cust_019,Anand Furniture House,2026-05-18,2026-06-17,12104750,paid
INV-2026-00325,cust_024,Bharat Tyre Traders,2026-05-20,2026-06-19,15686501,paid
INV-2026-00326,cust_010,Greenleaf Organics,2026-04-08,2026-05-08,12795307,paid
INV-2026-00327,cust_032,Aakash Sports Goods,2026-03-26,2026-04-25,16511656,paid
INV-2026-00328,cust_023,Surya Solar Solutions,2026-03-23,2026-04-22,18389051,paid
INV-2026-00329,cust_004,Kaveri Agro Foods,2026-04-13,2026-05-13,1677872,paid
INV-2026-00330,cust_027,Everest Cold Storage,2026-03-26,2026-04-25,7815616,paid
INV-2026-00331,cust_034,Ashoka Timber Depot,2026-04-03,2026-05-03,9669671,paid
INV-2026-00332,cust_037,Rudra Plastics,2026-05-27,2026-06-26,7628511,paid
INV-2026-00333,cust_006,Sharma Hardware Stores,2026-05-29,2026-06-28,1113155,paid
INV-2026-00334,cust_025,Lotus Hospitality Services,2026-06-17,2026-07-17,367095,paid
INV-2026-00335,cust_006,Sharma Hardware Stores,2026-06-05,2026-07-05,11165597,paid
INV-2026-00336,cust_007,Nandini Dairy Products,2026-06-17,2026-07-17,7759684,paid
INV-2026-00337,cust_037,Rudra Plastics,2026-06-17,2026-07-17,2544706,paid
INV-2026-00338,cust_018,Sagar Chemicals,2026-05-31,2026-06-30,1154000,paid
INV-2026-00339,cust_021,Kalyani Engineering,2026-05-31,2026-06-30,4888265,paid
INV-2026-00340,cust_021,Kalyani Engineering,2026-05-25,2026-06-24,13414596,paid
INV-2026-00341,cust_007,Nandini Dairy Products,2026-06-09,2026-07-09,11478396,paid
INV-2026-00342,cust_012,Priya Garments,2026-04-23,2026-05-23,12803124,paid
INV-2026-00343,cust_019,Anand Furniture House,2026-04-22,2026-05-22,2516475,paid
INV-2026-00344,cust_025,Lotus Hospitality Services,2026-04-24,2026-05-24,5226673,paid
INV-2026-00345,cust_021,Kalyani Engineering,2026-05-12,2026-06-11,224322,paid
INV-2026-00346,cust_029,Sagarika Seafoods,2026-05-06,2026-06-05,3480317,paid
INV-2026-00347,cust_012,Priya Garments,2026-04-27,2026-05-27,18663985,paid
INV-2026-00348,cust_007,Nandini Dairy Products,2026-04-27,2026-05-27,3172718,paid
INV-2026-00349,cust_007,Nandini Dairy Products,2026-04-25,2026-05-25,10936075,paid
INV-2026-00350,cust_018,Sagar Chemicals,2026-03-19,2026-04-18,4946760,paid
INV-2026-00351,cust_018,Sagar Chemicals,2026-03-19,2026-04-18,2631052,paid
INV-2026-00352,cust_016,Ratna Jewellers,2026-03-19,2026-04-18,19974836,paid
INV-2026-00353,cust_021,Kalyani Engineering,2026-04-26,2026-05-26,6789457,paid
INV-2026-00354,cust_012,Priya Garments,2026-05-08,2026-06-07,9829377,paid
INV-2026-00355,cust_032,Aakash Sports Goods,2026-04-23,2026-05-23,8184409,paid
INV-2026-00356,cust_018,Sagar Chemicals,2026-05-06,2026-06-05,12297889,paid
INV-2026-00357,cust_013,Coastal Marine Exports,2026-05-01,2026-05-31,6087355,paid
INV-2026-00358,cust_039,Indus Valley Handicrafts,2026-04-24,2026-05-24,17980394,paid
INV-2026-00359,cust_027,Everest Cold Storage,2026-04-11,2026-05-11,12113807,paid
INV-2026-00360,cust_035,Silverline Cosmetics,2026-05-04,2026-06-03,3719828,paid
INV-2026-00361,cust_023,Surya Solar Solutions,2026-04-17,2026-05-17,1536350,paid
INV-2026-00362,cust_028,Pinnacle Interiors,2026-05-03,2026-06-02,8731819,paid
INV-2026-00363,cust_037,Rudra Plastics,2026-04-25,2026-05-25,13174284,paid
INV-2026-00364,cust_038,Maple Leaf Stationers,2026-05-02,2026-06-01,11625184,paid
INV-2026-00365,cust_031,Chandra Printing Press,2026-04-23,2026-05-23,2930809,paid
INV-2026-00366,cust_007,Nandini Dairy Products,2026-03-26,2026-04-25,8234360,paid
INV-2026-00367,cust_036,Konark Ceramics,2026-03-14,2026-04-13,14356582,paid
INV-2026-00368,cust_012,Priya Garments,2026-03-18,2026-04-17,13323542,paid
INV-2026-00369,cust_013,Coastal Marine Exports,2026-03-18,2026-04-17,13097163,paid
INV-2026-00370,cust_014,Ganesh Cement Agencies,2026-03-09,2026-04-08,2149291,paid
INV-2026-00371,cust_035,Silverline Cosmetics,2026-03-21,2026-04-20,6662715,paid
INV-2026-00372,cust_021,Kalyani Engineering,2026-05-29,2026-06-28,3974154,paid
INV-2026-00373,cust_027,Everest Cold Storage,2026-05-20,2026-06-19,12925169,paid
INV-2026-00374,cust_032,Aakash Sports Goods,2026-05-16,2026-06-15,5862795,paid
INV-2026-00375,cust_032,Aakash Sports Goods,2026-05-21,2026-06-20,16448034,paid
INV-2026-00376,cust_037,Rudra Plastics,2026-05-26,2026-06-25,1147065,paid
INV-2026-00377,cust_037,Rudra Plastics,2026-05-27,2026-06-26,7594493,paid
INV-2026-00378,cust_011,Deccan Steel Works,2026-05-17,2026-06-16,16669957,paid
INV-2026-00379,cust_008,Orchid Pharma Distributors,2026-05-27,2026-06-26,18273619,paid
INV-2026-00380,cust_024,Bharat Tyre Traders,2026-05-11,2026-06-10,1446217,paid
INV-2026-00381,cust_029,Sagarika Seafoods,2026-05-22,2026-06-21,3486525,paid
INV-2026-00382,cust_016,Ratna Jewellers,2026-06-03,2026-07-03,15140513,paid
INV-2026-00383,cust_040,Prakash Lighting Co,2026-03-24,2026-04-23,6993845,paid
INV-2026-00384,cust_035,Silverline Cosmetics,2026-03-08,2026-04-07,9869191,paid
INV-2026-00385,cust_007,Nandini Dairy Products,2026-03-06,2026-04-05,13860877,paid
INV-2026-00386,cust_005,Bluewave Logistics LLP,2026-05-01,2026-05-31,3173742,paid
INV-2026-00387,cust_018,Sagar Chemicals,2026-05-14,2026-06-13,15307054,paid
INV-2026-00388,cust_021,Kalyani Engineering,2026-05-01,2026-05-31,3175315,paid
INV-2026-00389,cust_030,Vertex Lab Equipment,2026-05-03,2026-06-02,12069960,paid
INV-2026-00390,cust_035,Silverline Cosmetics,2026-05-12,2026-06-11,7158555,paid
INV-2026-00391,cust_021,Kalyani Engineering,2026-05-15,2026-06-14,18414694,paid
INV-2026-00392,cust_037,Rudra Plastics,2026-04-30,2026-05-30,11583987,paid
INV-2026-00393,cust_004,Kaveri Agro Foods,2026-04-30,2026-05-30,15471005,paid
INV-2026-00394,cust_004,Kaveri Agro Foods,2026-05-25,2026-06-24,4218707,paid
INV-2026-00395,cust_004,Kaveri Agro Foods,2026-05-20,2026-06-19,14857099,paid
INV-2026-00396,cust_024,Bharat Tyre Traders,2026-03-17,2026-04-16,5604100,paid
INV-2026-00397,cust_015,Infinite Loop Software,2026-04-04,2026-05-04,3243834,paid
INV-2026-00398,cust_015,Infinite Loop Software,2026-04-12,2026-05-12,3486885,paid
INV-2026-00399,cust_020,Zenith Office Supplies,2026-04-11,2026-05-11,4517646,paid
INV-2026-00400,cust_028,Pinnacle Interiors,2026-06-09,2026-07-09,8364331,paid
INV-2026-00401,cust_006,Sharma Hardware Stores,2026-05-25,2026-06-24,9610355,paid
INV-2026-00402,cust_002,Sunrise Electronics,2026-05-23,2026-06-22,10171672,paid
INV-2026-00403,cust_039,Indus Valley Handicrafts,2026-05-21,2026-06-20,13194982,paid
INV-2026-00404,cust_004,Kaveri Agro Foods,2026-05-19,2026-06-18,8080953,paid
INV-2026-00405,cust_008,Orchid Pharma Distributors,2026-05-24,2026-06-23,19978976,paid
INV-2026-00406,cust_017,Himalaya Packaging,2026-06-19,2026-07-19,13403825,paid
INV-2026-00407,cust_035,Silverline Cosmetics,2026-06-01,2026-07-01,2268454,paid
INV-2026-00408,cust_028,Pinnacle Interiors,2026-06-12,2026-07-12,1993001,paid
INV-2026-00409,cust_028,Pinnacle Interiors,2026-05-31,2026-06-30,1896454,paid
INV-2026-00410,cust_018,Sagar Chemicals,2026-06-05,2026-07-05,19399219,paid
INV-2026-00411,cust_032,Aakash Sports Goods,2026-06-02,2026-07-02,1910227,paid
INV-2026-00412,cust_037,Rudra Plastics,2026-06-08,2026-07-08,8610275,paid
INV-2026-00413,cust_003,Meenakshi Traders,2026-06-13,2026-07-13,8255785,paid
INV-2026-00414,cust_025,Lotus Hospitality Services,2026-06-08,2026-07-08,1236604,paid
INV-2026-00415,cust_027,Everest Cold Storage,2026-06-06,2026-07-06,14017253,paid
INV-2026-00416,cust_021,Kalyani Engineering,2026-06-11,2026-07-11,19227564,paid
INV-2026-00417,cust_036,Konark Ceramics,2026-05-12,2026-06-11,6783406,paid
INV-2026-00418,cust_020,Zenith Office Supplies,2026-05-16,2026-06-15,15616796,paid
INV-2026-00419,cust_025,Lotus Hospitality Services,2026-03-16,2026-04-15,10368344,paid
INV-2026-00420,cust_033,Nirmal Water Systems,2026-05-01,2026-05-31,2560894,paid
INV-2026-00421,cust_017,Himalaya Packaging,2026-04-18,2026-05-18,13235303,paid
INV-2026-00422,cust_008,Orchid Pharma Distributors,2026-04-08,2026-05-08,7017115,paid
INV-2026-00423,cust_030,Vertex Lab Equipment,2026-04-29,2026-05-29,3084021,paid
INV-2026-00424,cust_020,Zenith Office Supplies,2026-04-10,2026-05-10,1403243,paid
INV-2026-00425,cust_021,Kalyani Engineering,2026-04-10,2026-05-10,8378840,paid
INV-2026-00426,cust_017,Himalaya Packaging,2026-04-27,2026-05-27,1092941,paid
INV-2026-00427,cust_029,Sagarika Seafoods,2026-04-15,2026-05-15,8433663,paid
INV-2026-00428,cust_009,Vishal Auto Components,2026-05-01,2026-05-31,7508752,paid
INV-2026-00429,cust_003,Meenakshi Traders,2026-06-11,2026-07-11,5686782,paid
INV-2026-00430,cust_028,Pinnacle Interiors,2026-05-31,2026-06-30,16697239,paid
INV-2026-00431,cust_004,Kaveri Agro Foods,2026-05-18,2026-06-17,14117186,paid
INV-2026-00432,cust_004,Kaveri Agro Foods,2026-05-16,2026-06-15,17693392,paid
INV-2026-00433,cust_035,Silverline Cosmetics,2026-05-10,2026-06-09,12099802,paid
INV-2026-00434,cust_032,Aakash Sports Goods,2026-05-04,2026-06-03,16907520,paid
INV-2026-00435,cust_018,Sagar Chemicals,2026-05-12,2026-06-11,7399098,paid
INV-2026-00436,cust_034,Ashoka Timber Depot,2026-05-04,2026-06-03,7860200,paid
INV-2026-00437,cust_007,Nandini Dairy Products,2026-05-15,2026-06-14,8993162,paid
INV-2026-00438,cust_004,Kaveri Agro Foods,2026-05-15,2026-06-14,19367021,paid
INV-2026-00439,cust_025,Lotus Hospitality Services,2026-05-17,2026-06-16,5958947,paid
INV-2026-00440,cust_032,Aakash Sports Goods,2026-04-19,2026-05-19,7392009,paid
INV-2026-00441,cust_032,Aakash Sports Goods,2026-04-26,2026-05-26,17714680,paid
INV-2026-00442,cust_022,Trident Paper Mills,2026-04-20,2026-05-20,4428502,paid
INV-2026-00443,cust_012,Priya Garments,2026-04-16,2026-05-16,2048366,paid
INV-2026-00444,cust_009,Vishal Auto Components,2026-05-24,2026-06-23,14708870,paid
INV-2026-00445,cust_032,Aakash Sports Goods,2026-06-11,2026-07-11,18906829,paid
INV-2026-00446,cust_040,Prakash Lighting Co,2026-06-09,2026-07-09,19811887,paid
INV-2026-00447,cust_025,Lotus Hospitality Services,2026-05-25,2026-06-24,9932359,paid
INV-2026-00448,cust_001,Rajesh Textiles Pvt Ltd,2026-05-29,2026-06-28,13189963,paid
INV-2026-00449,cust_037,Rudra Plastics,2026-06-06,2026-07-06,7462014,paid
INV-2026-00450,cust_037,Rudra Plastics,2026-05-27,2026-06-26,19026717,paid
INV-2026-00451,cust_037,Rudra Plastics,2026-06-13,2026-07-13,16699207,paid
INV-2026-00452,cust_014,Ganesh Cement Agencies,2026-05-16,2026-06-15,11810196,paid
INV-2026-00453,cust_007,Nandini Dairy Products,2026-05-17,2026-06-16,12999900,paid
INV-2026-00454,cust_027,Everest Cold Storage,2026-05-05,2026-06-04,16595086,paid
INV-2026-00455,cust_023,Surya Solar Solutions,2026-05-15,2026-06-14,16138989,paid
INV-2026-00456,cust_037,Rudra Plastics,2026-04-27,2026-05-27,7619300,paid
INV-2026-00457,cust_039,Indus Valley Handicrafts,2026-05-25,2026-06-24,1089959,paid
INV-2026-00458,cust_011,Deccan Steel Works,2026-05-27,2026-06-26,5321528,paid
INV-2026-00459,cust_014,Ganesh Cement Agencies,2026-05-27,2026-06-26,18642927,paid
INV-2026-00460,cust_035,Silverline Cosmetics,2026-05-31,2026-06-30,10029109,paid
INV-2026-00461,cust_004,Kaveri Agro Foods,2026-05-23,2026-06-22,16523490,paid
INV-2026-00462,cust_024,Bharat Tyre Traders,2026-05-31,2026-06-30,16167146,paid
INV-2026-00463,cust_024,Bharat Tyre Traders,2026-06-03,2026-07-03,3304340,paid
INV-2026-00464,cust_024,Bharat Tyre Traders,2026-03-27,2026-04-26,6310684,paid
INV-2026-00465,cust_017,Himalaya Packaging,2026-03-30,2026-04-29,7641431,paid
INV-2026-00466,cust_037,Rudra Plastics,2026-03-17,2026-04-16,3294801,paid
INV-2026-00467,cust_037,Rudra Plastics,2026-04-05,2026-05-05,11585724,paid
INV-2026-00468,cust_037,Rudra Plastics,2026-03-13,2026-04-12,18218013,paid
INV-2026-00469,cust_006,Sharma Hardware Stores,2026-03-25,2026-04-24,1215294,paid
INV-2026-00470,cust_034,Ashoka Timber Depot,2026-03-26,2026-04-25,4997522,paid
INV-2026-00471,cust_029,Sagarika Seafoods,2026-04-11,2026-05-11,7159853,paid
INV-2026-00472,cust_028,Pinnacle Interiors,2026-03-27,2026-04-26,5011970,paid
INV-2026-00473,cust_017,Himalaya Packaging,2026-03-24,2026-04-23,2298548,paid
INV-2026-00474,cust_010,Greenleaf Organics,2026-04-18,2026-05-18,3412288,paid
INV-2026-00475,cust_037,Rudra Plastics,2026-04-11,2026-05-11,9649683,paid
INV-2026-00476,cust_023,Surya Solar Solutions,2026-04-28,2026-05-28,12902806,paid
INV-2026-00477,cust_018,Sagar Chemicals,2026-05-18,2026-06-17,11386904,paid
INV-2026-00478,cust_020,Zenith Office Supplies,2026-05-03,2026-06-02,3345628,paid
INV-2026-00479,cust_015,Infinite Loop Software,2026-04-25,2026-05-25,14918324,paid
INV-2026-00480,cust_006,Sharma Hardware Stores,2026-05-12,2026-06-11,13712370,paid
INV-2026-00481,cust_005,Bluewave Logistics LLP,2026-05-02,2026-06-01,13585359,paid
INV-2026-00482,cust_034,Ashoka Timber Depot,2026-05-18,2026-06-17,5879658,paid
INV-2026-00483,cust_013,Coastal Marine Exports,2026-05-11,2026-06-10,1159680,paid
INV-2026-00484,cust_024,Bharat Tyre Traders,2026-05-10,2026-06-09,12409839,paid
INV-2026-00485,cust_019,Anand Furniture House,2026-05-10,2026-06-09,19251794,paid
INV-2026-00486,cust_019,Anand Furniture House,2026-04-21,2026-05-21,7241338,paid
INV-2026-00487,cust_015,Infinite Loop Software,2026-05-07,2026-06-06,13790781,paid
INV-2026-00488,cust_023,Surya Solar Solutions,2026-03-24,2026-04-23,15709786,paid
INV-2026-00489,cust_034,Ashoka Timber Depot,2026-03-18,2026-04-17,19662134,paid
INV-2026-00490,cust_024,Bharat Tyre Traders,2026-03-11,2026-04-10,9535062,paid
INV-2026-00491,cust_007,Nandini Dairy Products,2026-03-20,2026-04-19,9327238,paid
INV-2026-00492,cust_018,Sagar Chemicals,2026-03-08,2026-04-07,10075766,paid
INV-2026-00493,cust_034,Ashoka Timber Depot,2026-03-29,2026-04-28,13609293,paid
INV-2026-00494,cust_009,Vishal Auto Components,2026-03-10,2026-04-09,16739062,paid
INV-2026-00495,cust_033,Nirmal Water Systems,2026-03-28,2026-04-27,18781696,paid
INV-2026-00496,cust_007,Nandini Dairy Products,2026-03-10,2026-04-09,8728915,paid
INV-2026-00497,cust_036,Konark Ceramics,2026-03-28,2026-04-27,11311956,paid
INV-2026-00498,cust_015,Infinite Loop Software,2026-03-10,2026-04-09,10354071,paid
INV-2026-00499,cust_022,Trident Paper Mills,2026-03-15,2026-04-14,9916718,paid
INV-2026-00500,cust_008,Orchid Pharma Distributors,2026-03-13,2026-04-12,19631514,paid
INV-2026-00501,cust_027,Everest Cold Storage,2026-05-27,2026-06-26,4855805,paid
INV-2026-00502,cust_012,Priya Garments,2026-05-26,2026-06-25,11211192,paid
INV-2026-00503,cust_012,Priya Garments,2026-06-09,2026-07-09,208158,paid
INV-2026-00504,cust_014,Ganesh Cement Agencies,2026-06-05,2026-07-05,19386711,paid
INV-2026-00505,cust_032,Aakash Sports Goods,2026-05-17,2026-06-16,3004177,paid
INV-2026-00506,cust_028,Pinnacle Interiors,2026-05-29,2026-06-28,14445705,paid
INV-2026-00507,cust_033,Nirmal Water Systems,2026-05-16,2026-06-15,2240668,paid
INV-2026-00508,cust_020,Zenith Office Supplies,2026-05-07,2026-06-06,17507982,paid
INV-2026-00509,cust_022,Trident Paper Mills,2026-04-30,2026-05-30,4539228,paid
INV-2026-00510,cust_032,Aakash Sports Goods,2026-05-15,2026-06-14,5582572,paid
INV-2026-00511,cust_026,Mahalaxmi Provisions,2026-04-28,2026-05-28,4452535,paid
INV-2026-00512,cust_026,Mahalaxmi Provisions,2026-05-15,2026-06-14,785287,paid
INV-2026-00513,cust_011,Deccan Steel Works,2026-04-29,2026-05-29,1303708,paid
INV-2026-00514,cust_039,Indus Valley Handicrafts,2026-04-30,2026-05-30,3677685,paid
INV-2026-00515,cust_007,Nandini Dairy Products,2026-04-01,2026-05-01,4652444,paid
INV-2026-00516,cust_007,Nandini Dairy Products,2026-03-21,2026-04-20,4000516,paid
INV-2026-00517,cust_007,Nandini Dairy Products,2026-03-21,2026-04-20,6752477,paid
INV-2026-00518,cust_034,Ashoka Timber Depot,2026-03-29,2026-04-28,13799137,paid
INV-2026-00519,cust_003,Meenakshi Traders,2026-04-03,2026-05-03,16178405,paid
INV-2026-00520,cust_001,Rajesh Textiles Pvt Ltd,2026-04-06,2026-05-06,19315369,paid
INV-2026-00521,cust_001,Rajesh Textiles Pvt Ltd,2026-03-19,2026-04-18,16629380,paid
INV-2026-00522,cust_006,Sharma Hardware Stores,2026-04-07,2026-05-07,3448744,paid
INV-2026-00523,cust_007,Nandini Dairy Products,2026-05-12,2026-06-11,374549,paid
INV-2026-00524,cust_011,Deccan Steel Works,2026-04-29,2026-05-29,9052969,paid
INV-2026-00525,cust_004,Kaveri Agro Foods,2026-05-02,2026-06-01,3530034,paid
INV-2026-00526,cust_038,Maple Leaf Stationers,2026-04-19,2026-05-19,14752304,paid
INV-2026-00527,cust_025,Lotus Hospitality Services,2026-04-18,2026-05-18,1016912,paid
INV-2026-00528,cust_034,Ashoka Timber Depot,2026-03-13,2026-04-12,3245795,paid
INV-2026-00529,cust_016,Ratna Jewellers,2026-03-14,2026-04-13,12964316,paid
INV-2026-00530,cust_036,Konark Ceramics,2026-03-16,2026-04-15,1880935,paid
INV-2026-00531,cust_033,Nirmal Water Systems,2026-03-20,2026-04-19,5600033,paid
INV-2026-00532,cust_021,Kalyani Engineering,2026-03-27,2026-04-26,1739489,paid
INV-2026-00533,cust_036,Konark Ceramics,2026-03-23,2026-04-22,7935291,paid
INV-2026-00534,cust_039,Indus Valley Handicrafts,2026-06-05,2026-07-05,10270611,paid
INV-2026-00535,cust_036,Konark Ceramics,2026-06-04,2026-07-04,15357797,paid
INV-2026-00536,cust_023,Surya Solar Solutions,2026-03-12,2026-04-11,9847342,paid
INV-2026-00537,cust_024,Bharat Tyre Traders,2026-04-05,2026-05-05,5558140,paid
INV-2026-00538,cust_027,Everest Cold Storage,2026-03-18,2026-04-17,6624033,paid
INV-2026-00539,cust_030,Vertex Lab Equipment,2026-03-31,2026-04-30,11389168,paid
INV-2026-00540,cust_003,Meenakshi Traders,2026-03-16,2026-04-15,19807222,paid
INV-2026-00541,cust_029,Sagarika Seafoods,2026-03-19,2026-04-18,16968063,paid
INV-2026-00542,cust_027,Everest Cold Storage,2026-03-14,2026-04-13,8379511,paid
INV-2026-00543,cust_022,Trident Paper Mills,2026-03-22,2026-04-21,4525216,paid
INV-2026-00544,cust_039,Indus Valley Handicrafts,2026-03-13,2026-04-12,17239755,paid
INV-2026-00545,cust_036,Konark Ceramics,2026-03-14,2026-04-13,18625114,paid
INV-2026-00546,cust_013,Coastal Marine Exports,2026-03-14,2026-04-13,9800229,paid
INV-2026-00547,cust_009,Vishal Auto Components,2026-03-16,2026-04-15,6016404,paid
INV-2026-00548,cust_021,Kalyani Engineering,2026-03-12,2026-04-11,11869139,paid
INV-2026-00549,cust_025,Lotus Hospitality Services,2026-06-07,2026-07-07,1949341,paid
INV-2026-00550,cust_016,Ratna Jewellers,2026-04-08,2026-05-08,9701551,paid
INV-2026-00551,cust_004,Kaveri Agro Foods,2026-04-21,2026-05-21,14027643,paid
INV-2026-00552,cust_021,Kalyani Engineering,2026-05-02,2026-06-01,485041,paid
INV-2026-00553,cust_013,Coastal Marine Exports,2026-04-09,2026-05-09,14916755,paid
INV-2026-00554,cust_024,Bharat Tyre Traders,2026-04-16,2026-05-16,6642408,paid
INV-2026-00555,cust_013,Coastal Marine Exports,2026-04-28,2026-05-28,2548764,paid
INV-2026-00556,cust_012,Priya Garments,2026-04-30,2026-05-30,12706672,paid
INV-2026-00557,cust_032,Aakash Sports Goods,2026-05-02,2026-06-01,12065358,paid
INV-2026-00558,cust_034,Ashoka Timber Depot,2026-05-14,2026-06-13,17518648,paid
INV-2026-00559,cust_011,Deccan Steel Works,2026-05-02,2026-06-01,13586430,paid
INV-2026-00560,cust_014,Ganesh Cement Agencies,2026-05-09,2026-06-08,12156366,paid
INV-2026-00561,cust_040,Prakash Lighting Co,2026-05-02,2026-06-01,345403,paid
INV-2026-00562,cust_002,Sunrise Electronics,2026-05-21,2026-06-20,12631504,paid
INV-2026-00563,cust_033,Nirmal Water Systems,2026-06-13,2026-07-13,9996673,paid
INV-2026-00564,cust_013,Coastal Marine Exports,2026-06-12,2026-07-12,3269763,paid
INV-2026-00565,cust_035,Silverline Cosmetics,2026-05-25,2026-06-24,2246869,paid
INV-2026-00566,cust_014,Ganesh Cement Agencies,2026-06-01,2026-07-01,3537205,paid
INV-2026-00567,cust_037,Rudra Plastics,2026-06-14,2026-07-14,13727886,paid
INV-2026-00568,cust_026,Mahalaxmi Provisions,2026-06-22,2026-07-22,13119513,paid
INV-2026-00569,cust_011,Deccan Steel Works,2026-05-08,2026-06-07,13169533,paid
INV-2026-00570,cust_035,Silverline Cosmetics,2026-04-22,2026-05-22,4884372,paid
INV-2026-00571,cust_024,Bharat Tyre Traders,2026-05-12,2026-06-11,18623189,paid
INV-2026-00572,cust_010,Greenleaf Organics,2026-05-12,2026-06-11,19267247,paid
INV-2026-00573,cust_023,Surya Solar Solutions,2026-04-22,2026-05-22,17248414,paid
INV-2026-00574,cust_012,Priya Garments,2026-05-04,2026-06-03,6570505,paid
INV-2026-00575,cust_004,Kaveri Agro Foods,2026-04-25,2026-05-25,15527491,paid
INV-2026-00576,cust_005,Bluewave Logistics LLP,2026-05-10,2026-06-09,8461680,paid
INV-2026-00577,cust_038,Maple Leaf Stationers,2026-04-09,2026-05-09,12280370,paid
INV-2026-00578,cust_015,Infinite Loop Software,2026-04-07,2026-05-07,14683895,paid
INV-2026-00579,cust_024,Bharat Tyre Traders,2026-04-04,2026-05-04,11175406,paid
INV-2026-00580,cust_032,Aakash Sports Goods,2026-04-22,2026-05-22,2800580,paid
INV-2026-00581,cust_009,Vishal Auto Components,2026-04-21,2026-05-21,8882689,paid
INV-2026-00582,cust_010,Greenleaf Organics,2026-05-25,2026-06-24,19833718,paid
INV-2026-00583,cust_019,Anand Furniture House,2026-05-16,2026-06-15,17176584,paid
INV-2026-00584,cust_040,Prakash Lighting Co,2026-05-08,2026-06-07,17301564,paid
INV-2026-00585,cust_011,Deccan Steel Works,2026-05-14,2026-06-13,4955626,paid
INV-2026-00586,cust_015,Infinite Loop Software,2026-05-16,2026-06-15,12171584,paid
INV-2026-00587,cust_015,Infinite Loop Software,2026-05-20,2026-06-19,15809651,paid
INV-2026-00588,cust_003,Meenakshi Traders,2026-05-22,2026-06-21,3513656,paid
INV-2026-00589,cust_003,Meenakshi Traders,2026-05-10,2026-06-09,17544371,paid
INV-2026-00590,cust_003,Meenakshi Traders,2026-05-12,2026-06-11,9226979,paid
INV-2026-00591,cust_017,Himalaya Packaging,2026-05-14,2026-06-13,5883431,paid
INV-2026-00592,cust_025,Lotus Hospitality Services,2026-05-12,2026-06-11,2661792,paid
INV-2026-00593,cust_011,Deccan Steel Works,2026-06-13,2026-07-13,9472403,paid
INV-2026-00594,cust_012,Priya Garments,2026-06-10,2026-07-10,4020503,paid
INV-2026-00595,cust_031,Chandra Printing Press,2026-06-11,2026-07-11,5460526,paid
INV-2026-00596,cust_027,Everest Cold Storage,2026-06-25,2026-07-25,19293014,paid
INV-2026-00597,cust_027,Everest Cold Storage,2026-06-11,2026-07-11,5456596,paid
INV-2026-00598,cust_033,Nirmal Water Systems,2026-06-25,2026-07-25,1926095,paid
INV-2026-00599,cust_033,Nirmal Water Systems,2026-06-24,2026-07-24,8715755,paid
INV-2026-00600,cust_033,Nirmal Water Systems,2026-06-24,2026-07-24,17385584,paid
INV-2026-00601,cust_039,Indus Valley Handicrafts,2026-06-09,2026-07-09,674784,paid
INV-2026-00602,cust_019,Anand Furniture House,2026-06-23,2026-07-23,15122763,paid
INV-2026-00603,cust_031,Chandra Printing Press,2026-06-24,2026-07-24,7410628,paid
INV-2026-00604,cust_025,Lotus Hospitality Services,2026-04-29,2026-05-29,605749,paid
INV-2026-00605,cust_033,Nirmal Water Systems,2026-04-28,2026-05-28,3281244,paid
INV-2026-00606,cust_040,Prakash Lighting Co,2026-04-07,2026-05-07,17881830,paid
INV-2026-00607,cust_008,Orchid Pharma Distributors,2026-04-28,2026-05-28,18145434,paid
INV-2026-00608,cust_008,Orchid Pharma Distributors,2026-05-02,2026-06-01,14528630,paid
INV-2026-00609,cust_008,Orchid Pharma Distributors,2026-04-16,2026-05-16,14165813,paid
INV-2026-00610,cust_009,Vishal Auto Components,2026-03-08,2026-04-07,7851837,paid
INV-2026-00611,cust_006,Sharma Hardware Stores,2026-03-15,2026-04-14,13761908,paid
INV-2026-00612,cust_001,Rajesh Textiles Pvt Ltd,2026-03-07,2026-04-06,288708,paid
INV-2026-00613,cust_008,Orchid Pharma Distributors,2026-03-20,2026-04-19,6942707,paid
INV-2026-00614,cust_021,Kalyani Engineering,2026-03-29,2026-04-28,5243507,paid
INV-2026-00615,cust_038,Maple Leaf Stationers,2026-03-15,2026-04-14,14262367,paid
INV-2026-00616,cust_040,Prakash Lighting Co,2026-03-11,2026-04-10,13386348,paid
INV-2026-00617,cust_015,Infinite Loop Software,2026-03-09,2026-04-08,5478943,paid
INV-2026-00618,cust_026,Mahalaxmi Provisions,2026-03-06,2026-04-05,18524272,paid
INV-2026-00619,cust_006,Sharma Hardware Stores,2026-05-29,2026-06-28,12945840,paid
INV-2026-00620,cust_026,Mahalaxmi Provisions,2026-06-05,2026-07-05,9662312,paid
INV-2026-00621,cust_039,Indus Valley Handicrafts,2026-06-01,2026-07-01,16638250,paid
INV-2026-00622,cust_039,Indus Valley Handicrafts,2026-06-07,2026-07-07,409381,paid
INV-2026-00623,cust_034,Ashoka Timber Depot,2026-06-20,2026-07-20,17181143,paid
INV-2026-00624,cust_015,Infinite Loop Software,2026-05-31,2026-06-30,1260010,paid
INV-2026-00625,cust_001,Rajesh Textiles Pvt Ltd,2026-06-19,2026-07-19,9308904,paid
INV-2026-00626,cust_018,Sagar Chemicals,2026-04-12,2026-05-12,15309180,paid
INV-2026-00627,cust_037,Rudra Plastics,2026-04-05,2026-05-05,17036531,paid
INV-2026-00628,cust_037,Rudra Plastics,2026-04-15,2026-05-15,18794536,paid
INV-2026-00629,cust_022,Trident Paper Mills,2026-03-24,2026-04-23,17273043,paid
INV-2026-00630,cust_035,Silverline Cosmetics,2026-03-31,2026-04-30,8443355,paid
INV-2026-00631,cust_025,Lotus Hospitality Services,2026-03-25,2026-04-24,8212895,paid
INV-2026-00632,cust_030,Vertex Lab Equipment,2026-03-31,2026-04-30,967737,paid
INV-2026-00633,cust_019,Anand Furniture House,2026-03-29,2026-04-28,11525376,paid
INV-2026-00634,cust_019,Anand Furniture House,2026-04-19,2026-05-19,18657660,paid
INV-2026-00635,cust_019,Anand Furniture House,2026-04-16,2026-05-16,16040547,paid
INV-2026-00636,cust_014,Ganesh Cement Agencies,2026-04-13,2026-05-13,6183228,paid
INV-2026-00637,cust_013,Coastal Marine Exports,2026-04-15,2026-05-15,7930639,paid
INV-2026-00638,cust_017,Himalaya Packaging,2026-04-15,2026-05-15,8428388,paid
INV-2026-00639,cust_040,Prakash Lighting Co,2026-04-02,2026-05-02,9268510,paid
INV-2026-00640,cust_033,Nirmal Water Systems,2026-04-13,2026-05-13,19399672,paid
INV-2026-00641,cust_034,Ashoka Timber Depot,2026-04-05,2026-05-05,18195161,paid
INV-2026-00642,cust_026,Mahalaxmi Provisions,2026-03-27,2026-04-26,5915326,paid
INV-2026-00643,cust_008,Orchid Pharma Distributors,2026-04-06,2026-05-06,10641498,paid
INV-2026-00644,cust_001,Rajesh Textiles Pvt Ltd,2026-04-08,2026-05-08,19545400,paid
INV-2026-00645,cust_018,Sagar Chemicals,2026-04-18,2026-05-18,4450300,paid
INV-2026-00646,cust_015,Infinite Loop Software,2026-04-13,2026-05-13,9107988,paid
INV-2026-00647,cust_036,Konark Ceramics,2026-04-24,2026-05-24,6628789,paid
INV-2026-00648,cust_010,Greenleaf Organics,2026-05-06,2026-06-05,5975956,paid
INV-2026-00649,cust_009,Vishal Auto Components,2026-04-16,2026-05-16,17397875,paid
INV-2026-00650,cust_021,Kalyani Engineering,2026-04-27,2026-05-27,8471291,paid
INV-2026-00651,cust_037,Rudra Plastics,2026-04-14,2026-05-14,5530844,paid
INV-2026-00652,cust_037,Rudra Plastics,2026-05-05,2026-06-04,7279883,paid
INV-2026-00653,cust_023,Surya Solar Solutions,2026-04-26,2026-05-26,6725926,paid
INV-2026-00654,cust_035,Silverline Cosmetics,2026-04-21,2026-05-21,9599884,paid
INV-2026-00655,cust_006,Sharma Hardware Stores,2026-05-09,2026-06-08,10568712,paid
INV-2026-00656,cust_026,Mahalaxmi Provisions,2026-05-02,2026-06-01,12235789,paid
INV-2026-00657,cust_026,Mahalaxmi Provisions,2026-03-30,2026-04-29,15927480,paid
INV-2026-00658,cust_007,Nandini Dairy Products,2026-03-28,2026-04-27,2879016,paid
INV-2026-00659,cust_025,Lotus Hospitality Services,2026-03-25,2026-04-24,9585340,paid
INV-2026-00660,cust_035,Silverline Cosmetics,2026-04-01,2026-05-01,15369055,paid
INV-2026-00661,cust_035,Silverline Cosmetics,2026-04-09,2026-05-09,16211548,paid
INV-2026-00662,cust_006,Sharma Hardware Stores,2026-04-09,2026-05-09,13881264,paid
INV-2026-00663,cust_013,Coastal Marine Exports,2026-03-28,2026-04-27,14716855,paid
INV-2026-00664,cust_011,Deccan Steel Works,2026-03-25,2026-04-24,13126942,paid
INV-2026-00665,cust_015,Infinite Loop Software,2026-04-01,2026-05-01,8088360,paid
INV-2026-00666,cust_040,Prakash Lighting Co,2026-03-24,2026-04-23,9172279,paid
INV-2026-00667,cust_035,Silverline Cosmetics,2026-04-01,2026-05-01,6358254,paid
INV-2026-00668,cust_012,Priya Garments,2026-04-11,2026-05-11,15328776,paid
INV-2026-00669,cust_003,Meenakshi Traders,2026-04-26,2026-05-26,4951894,paid
INV-2026-00670,cust_005,Bluewave Logistics LLP,2026-05-15,2026-06-14,6498903,paid
INV-2026-00671,cust_017,Himalaya Packaging,2026-05-20,2026-06-19,4142350,paid
INV-2026-00672,cust_016,Ratna Jewellers,2026-05-06,2026-06-05,8343386,paid
INV-2026-00673,cust_003,Meenakshi Traders,2026-04-27,2026-05-27,3202784,paid
INV-2026-00674,cust_021,Kalyani Engineering,2026-04-27,2026-05-27,1465524,paid
INV-2026-00675,cust_024,Bharat Tyre Traders,2026-04-29,2026-05-29,7357760,paid
INV-2026-00676,cust_016,Ratna Jewellers,2026-05-10,2026-06-09,555588,paid
INV-2026-00677,cust_011,Deccan Steel Works,2026-05-20,2026-06-19,11405561,paid
INV-2026-00678,cust_004,Kaveri Agro Foods,2026-06-06,2026-07-06,18047031,paid
INV-2026-00679,cust_004,Kaveri Agro Foods,2026-05-16,2026-06-15,3653466,paid
INV-2026-00680,cust_004,Kaveri Agro Foods,2026-06-06,2026-07-06,16419290,paid
INV-2026-00681,cust_036,Konark Ceramics,2026-05-17,2026-06-16,11704049,paid
INV-2026-00682,cust_029,Sagarika Seafoods,2026-06-10,2026-07-10,12725822,paid
INV-2026-00683,cust_018,Sagar Chemicals,2026-04-01,2026-05-01,18656614,paid
INV-2026-00684,cust_034,Ashoka Timber Depot,2026-04-11,2026-05-11,8886535,paid
INV-2026-00685,cust_002,Sunrise Electronics,2026-04-09,2026-05-09,8062347,paid
INV-2026-00686,cust_005,Bluewave Logistics LLP,2026-04-03,2026-05-03,13052035,paid
INV-2026-00687,cust_032,Aakash Sports Goods,2026-04-16,2026-05-16,9550235,paid
INV-2026-00688,cust_021,Kalyani Engineering,2026-04-04,2026-05-04,2287404,paid
INV-2026-00689,cust_032,Aakash Sports Goods,2026-04-19,2026-05-19,19209989,paid
INV-2026-00690,cust_024,Bharat Tyre Traders,2026-03-29,2026-04-28,2428135,paid
INV-2026-00691,cust_005,Bluewave Logistics LLP,2026-05-10,2026-06-09,7294403,paid
INV-2026-00692,cust_037,Rudra Plastics,2026-04-04,2026-05-04,14380258,paid
INV-2026-00693,cust_011,Deccan Steel Works,2026-04-01,2026-05-01,13524022,paid
INV-2026-00694,cust_037,Rudra Plastics,2026-04-25,2026-05-25,18512947,paid
INV-2026-00695,cust_017,Himalaya Packaging,2026-04-23,2026-05-23,15065601,paid
INV-2026-00696,cust_001,Rajesh Textiles Pvt Ltd,2026-04-28,2026-05-28,597019,paid
INV-2026-00697,cust_020,Zenith Office Supplies,2026-05-01,2026-05-31,10616447,paid
INV-2026-00698,cust_020,Zenith Office Supplies,2026-05-07,2026-06-06,9309584,paid
INV-2026-00699,cust_020,Zenith Office Supplies,2026-03-29,2026-04-28,7345984,paid
INV-2026-00700,cust_020,Zenith Office Supplies,2026-03-24,2026-04-23,2640454,paid
INV-2026-00701,cust_031,Chandra Printing Press,2026-03-25,2026-04-24,19385152,paid
INV-2026-00702,cust_004,Kaveri Agro Foods,2026-04-06,2026-05-06,11724600,paid
INV-2026-00703,cust_028,Pinnacle Interiors,2026-04-13,2026-05-13,7657382,paid
INV-2026-00704,cust_039,Indus Valley Handicrafts,2026-03-27,2026-04-26,12884132,paid
INV-2026-00705,cust_028,Pinnacle Interiors,2026-04-21,2026-05-21,5016472,paid
INV-2026-00706,cust_006,Sharma Hardware Stores,2026-04-10,2026-05-10,1704605,paid
INV-2026-00707,cust_017,Himalaya Packaging,2026-04-20,2026-05-20,4424664,paid
INV-2026-00708,cust_017,Himalaya Packaging,2026-04-09,2026-05-09,4575511,paid
INV-2026-00709,cust_017,Himalaya Packaging,2026-04-18,2026-05-18,18816865,paid
INV-2026-00710,cust_026,Mahalaxmi Provisions,2026-04-27,2026-05-27,18879660,paid
INV-2026-00711,cust_021,Kalyani Engineering,2026-04-15,2026-05-15,862246,paid
INV-2026-00712,cust_011,Deccan Steel Works,2026-04-16,2026-05-16,14888108,paid
INV-2026-00713,cust_029,Sagarika Seafoods,2026-04-29,2026-05-29,12593344,paid
INV-2026-00714,cust_029,Sagarika Seafoods,2026-05-01,2026-05-31,2929454,paid
INV-2026-00715,cust_016,Ratna Jewellers,2026-05-01,2026-05-31,9703109,paid
INV-2026-00716,cust_038,Maple Leaf Stationers,2026-03-26,2026-04-25,1509014,paid
INV-2026-00717,cust_004,Kaveri Agro Foods,2026-03-17,2026-04-16,9152695,paid
INV-2026-00718,cust_005,Bluewave Logistics LLP,2026-04-03,2026-05-03,12136948,paid
INV-2026-00719,cust_002,Sunrise Electronics,2026-03-22,2026-04-21,13019567,paid
INV-2026-00720,cust_025,Lotus Hospitality Services,2026-03-20,2026-04-19,3392145,paid
INV-2026-00721,cust_032,Aakash Sports Goods,2026-03-25,2026-04-24,3003483,paid
INV-2026-00722,cust_033,Nirmal Water Systems,2026-03-25,2026-04-24,771033,paid
INV-2026-00723,cust_025,Lotus Hospitality Services,2026-04-26,2026-05-26,18670674,paid
INV-2026-00724,cust_015,Infinite Loop Software,2026-04-14,2026-05-14,4655704,paid
INV-2026-00725,cust_015,Infinite Loop Software,2026-04-08,2026-05-08,5175411,paid
INV-2026-00726,cust_020,Zenith Office Supplies,2026-04-16,2026-05-16,15121616,paid
INV-2026-00727,cust_014,Ganesh Cement Agencies,2026-04-08,2026-05-08,18214820,paid
INV-2026-00728,cust_005,Bluewave Logistics LLP,2026-05-19,2026-06-18,4022418,paid
INV-2026-00729,cust_010,Greenleaf Organics,2026-05-18,2026-06-17,10743376,paid
INV-2026-00730,cust_027,Everest Cold Storage,2026-06-02,2026-07-02,14914763,paid
INV-2026-00731,cust_018,Sagar Chemicals,2026-06-05,2026-07-05,3632654,paid
INV-2026-00732,cust_039,Indus Valley Handicrafts,2026-06-04,2026-07-04,7840753,paid
INV-2026-00733,cust_002,Sunrise Electronics,2026-05-20,2026-06-19,16042116,paid
INV-2026-00734,cust_015,Infinite Loop Software,2026-05-01,2026-05-31,6913965,paid
INV-2026-00735,cust_040,Prakash Lighting Co,2026-04-27,2026-05-27,15402660,paid
INV-2026-00736,cust_028,Pinnacle Interiors,2026-05-06,2026-06-05,12813239,paid
INV-2026-00737,cust_026,Mahalaxmi Provisions,2026-04-14,2026-05-14,19240935,paid
INV-2026-00738,cust_034,Ashoka Timber Depot,2026-04-15,2026-05-15,1342247,paid
INV-2026-00739,cust_029,Sagarika Seafoods,2026-05-06,2026-06-05,8295050,paid
INV-2026-00740,cust_026,Mahalaxmi Provisions,2026-05-06,2026-06-05,18763338,paid
INV-2026-00741,cust_029,Sagarika Seafoods,2026-06-20,2026-07-20,6082126,paid
INV-2026-00742,cust_029,Sagarika Seafoods,2026-05-30,2026-06-29,19694365,paid
INV-2026-00743,cust_029,Sagarika Seafoods,2026-06-01,2026-07-01,18384380,paid
INV-2026-00744,cust_027,Everest Cold Storage,2026-06-23,2026-07-23,6052169,paid
INV-2026-00745,cust_013,Coastal Marine Exports,2026-06-21,2026-07-21,8441369,paid
INV-2026-00746,cust_011,Deccan Steel Works,2026-06-20,2026-07-20,3109870,paid
INV-2026-00747,cust_024,Bharat Tyre Traders,2026-06-11,2026-07-11,17218677,paid
INV-2026-00748,cust_024,Bharat Tyre Traders,2026-06-04,2026-07-04,5415342,paid
INV-2026-00749,cust_024,Bharat Tyre Traders,2026-06-11,2026-07-11,18516543,paid
INV-2026-00750,cust_011,Deccan Steel Works,2026-06-05,2026-07-05,5086175,paid
INV-2026-00751,cust_010,Greenleaf Organics,2026-06-01,2026-07-01,1771694,paid
INV-2026-00752,cust_029,Sagarika Seafoods,2026-06-18,2026-07-18,3994456,paid
INV-2026-00753,cust_036,Konark Ceramics,2026-05-30,2026-06-29,18758228,paid
INV-2026-00754,cust_014,Ganesh Cement Agencies,2026-06-18,2026-07-18,11761162,paid
INV-2026-00755,cust_014,Ganesh Cement Agencies,2026-06-18,2026-07-18,4927955,paid
INV-2026-00756,cust_037,Rudra Plastics,2026-06-10,2026-07-10,11160244,paid
INV-2026-00757,cust_004,Kaveri Agro Foods,2026-06-14,2026-07-14,5463511,paid
INV-2026-00758,cust_031,Chandra Printing Press,2026-05-30,2026-06-29,9257958,paid
INV-2026-00759,cust_014,Ganesh Cement Agencies,2026-06-18,2026-07-18,19221897,paid
INV-2026-00760,cust_034,Ashoka Timber Depot,2026-06-06,2026-07-06,9686406,paid
INV-2026-00761,cust_021,Kalyani Engineering,2026-06-03,2026-07-03,11923347,paid
INV-2026-00762,cust_040,Prakash Lighting Co,2026-06-05,2026-07-05,16751420,paid
INV-2026-00763,cust_003,Meenakshi Traders,2026-05-16,2026-06-15,7174878,paid
INV-2026-00764,cust_019,Anand Furniture House,2026-05-31,2026-06-30,10377133,paid
INV-2026-00765,cust_036,Konark Ceramics,2026-06-02,2026-07-02,3869727,paid
INV-2026-00766,cust_022,Trident Paper Mills,2026-05-15,2026-06-14,1027017,paid
INV-2026-00767,cust_013,Coastal Marine Exports,2026-05-23,2026-06-22,16126205,paid
INV-2026-00768,cust_003,Meenakshi Traders,2026-05-18,2026-06-17,5263898,paid
INV-2026-00769,cust_035,Silverline Cosmetics,2026-05-19,2026-06-18,13939959,paid
INV-2026-00770,cust_002,Sunrise Electronics,2026-05-03,2026-06-02,17977232,paid
INV-2026-00771,cust_037,Rudra Plastics,2026-05-10,2026-06-09,3970655,paid
INV-2026-00772,cust_020,Zenith Office Supplies,2026-05-05,2026-06-04,1111266,paid
INV-2026-00773,cust_006,Sharma Hardware Stores,2026-05-08,2026-06-07,12518275,paid
INV-2026-00774,cust_020,Zenith Office Supplies,2026-05-06,2026-06-05,5922453,paid
INV-2026-00775,cust_007,Nandini Dairy Products,2026-04-06,2026-05-06,4503248,paid
INV-2026-00776,cust_003,Meenakshi Traders,2026-03-31,2026-04-30,17576985,paid
INV-2026-00777,cust_003,Meenakshi Traders,2026-04-03,2026-05-03,2971782,paid
INV-2026-00778,cust_035,Silverline Cosmetics,2026-05-20,2026-06-19,3997707,paid
INV-2026-00779,cust_011,Deccan Steel Works,2026-06-03,2026-07-03,18827924,paid
INV-2026-00780,cust_014,Ganesh Cement Agencies,2026-05-17,2026-06-16,10736580,paid
INV-2026-00781,cust_019,Anand Furniture House,2026-05-29,2026-06-28,2440514,paid
INV-2026-00782,cust_022,Trident Paper Mills,2026-06-02,2026-07-02,4414559,paid
INV-2026-00783,cust_013,Coastal Marine Exports,2026-03-21,2026-04-20,17950783,paid
INV-2026-00784,cust_037,Rudra Plastics,2026-03-17,2026-04-16,15762732,paid
INV-2026-00785,cust_030,Vertex Lab Equipment,2026-04-04,2026-05-04,4872499,paid
INV-2026-00786,cust_040,Prakash Lighting Co,2026-03-31,2026-04-30,13205918,paid
INV-2026-00787,cust_022,Trident Paper Mills,2026-04-01,2026-05-01,15259655,paid
INV-2026-00788,cust_005,Bluewave Logistics LLP,2026-03-31,2026-04-30,16110898,paid
INV-2026-00789,cust_026,Mahalaxmi Provisions,2026-04-11,2026-05-11,8226915,paid
INV-2026-00790,cust_031,Chandra Printing Press,2026-04-08,2026-05-08,7037312,paid
INV-2026-00791,cust_038,Maple Leaf Stationers,2026-04-05,2026-05-05,19082449,paid
INV-2026-00792,cust_035,Silverline Cosmetics,2026-04-13,2026-05-13,2663702,paid
INV-2026-00793,cust_037,Rudra Plastics,2026-04-15,2026-05-15,19919697,paid
INV-2026-00794,cust_021,Kalyani Engineering,2026-04-04,2026-05-04,5961418,paid
INV-2026-00795,cust_026,Mahalaxmi Provisions,2026-03-28,2026-04-27,12764143,paid
INV-2026-00796,cust_026,Mahalaxmi Provisions,2026-04-08,2026-05-08,16635792,paid
INV-2026-00797,cust_004,Kaveri Agro Foods,2026-03-31,2026-04-30,56185,paid
INV-2026-00798,cust_004,Kaveri Agro Foods,2026-03-25,2026-04-24,4973285,paid
INV-2026-00799,cust_006,Sharma Hardware Stores,2026-03-15,2026-04-14,17176983,paid
INV-2026-00800,cust_009,Vishal Auto Components,2026-04-02,2026-05-02,12439064,paid
INV-2026-00801,cust_004,Kaveri Agro Foods,2026-03-23,2026-04-22,3730864,paid
INV-2026-00802,cust_004,Kaveri Agro Foods,2026-03-25,2026-04-24,1096386,paid
INV-2026-00803,cust_004,Kaveri Agro Foods,2026-03-27,2026-04-26,14535968,paid
INV-2026-00804,cust_026,Mahalaxmi Provisions,2026-03-12,2026-04-11,12894288,paid
INV-2026-00805,cust_028,Pinnacle Interiors,2026-03-13,2026-04-12,5868677,paid
INV-2026-00806,cust_013,Coastal Marine Exports,2026-03-23,2026-04-22,14050100,paid
INV-2026-00807,cust_039,Indus Valley Handicrafts,2026-05-30,2026-06-29,6082998,paid
INV-2026-00808,cust_028,Pinnacle Interiors,2026-06-04,2026-07-04,12958883,paid
INV-2026-00809,cust_012,Priya Garments,2026-06-18,2026-07-18,19442398,paid
INV-2026-00810,cust_016,Ratna Jewellers,2026-06-10,2026-07-10,13835429,paid
INV-2026-00811,cust_037,Rudra Plastics,2026-06-17,2026-07-17,19113936,paid
INV-2026-00812,cust_024,Bharat Tyre Traders,2026-06-03,2026-07-03,2736472,paid
INV-2026-00813,cust_018,Sagar Chemicals,2026-06-16,2026-07-16,17610939,paid
INV-2026-00814,cust_006,Sharma Hardware Stores,2026-05-29,2026-06-28,2669994,paid
INV-2026-00815,cust_019,Anand Furniture House,2026-04-25,2026-05-25,10252924,paid
INV-2026-00816,cust_019,Anand Furniture House,2026-04-28,2026-05-28,965971,paid
INV-2026-00817,cust_006,Sharma Hardware Stores,2026-05-15,2026-06-14,9373058,paid
INV-2026-00818,cust_017,Himalaya Packaging,2026-04-28,2026-05-28,5909068,paid
INV-2026-00819,cust_017,Himalaya Packaging,2026-04-29,2026-05-29,5121269,paid
INV-2026-00820,cust_024,Bharat Tyre Traders,2026-05-09,2026-06-08,7975418,paid
INV-2026-00821,cust_014,Ganesh Cement Agencies,2026-04-29,2026-05-29,1872870,paid
INV-2026-00822,cust_008,Orchid Pharma Distributors,2026-04-28,2026-05-28,16029692,paid
INV-2026-00823,cust_008,Orchid Pharma Distributors,2026-05-01,2026-05-31,16030843,paid
INV-2026-00824,cust_035,Silverline Cosmetics,2026-04-19,2026-05-19,13138593,paid
INV-2026-00825,cust_040,Prakash Lighting Co,2026-06-15,2026-07-15,11289641,paid
INV-2026-00826,cust_007,Nandini Dairy Products,2026-06-05,2026-07-05,13174942,paid
INV-2026-00827,cust_016,Ratna Jewellers,2026-06-05,2026-07-05,6590620,paid
INV-2026-00828,cust_012,Priya Garments,2026-06-23,2026-07-23,334412,paid
INV-2026-00829,cust_001,Rajesh Textiles Pvt Ltd,2026-06-07,2026-07-07,3536549,paid
INV-2026-00830,cust_023,Surya Solar Solutions,2026-06-14,2026-07-14,8502230,paid
INV-2026-00831,cust_002,Sunrise Electronics,2026-06-22,2026-07-22,19985982,paid
INV-2026-00832,cust_017,Himalaya Packaging,2026-03-28,2026-04-27,2590546,paid
INV-2026-00833,cust_018,Sagar Chemicals,2026-03-27,2026-04-26,10901641,paid
INV-2026-00834,cust_005,Bluewave Logistics LLP,2026-04-17,2026-05-17,12894603,paid
INV-2026-00835,cust_035,Silverline Cosmetics,2026-04-02,2026-05-02,3615148,paid
INV-2026-00836,cust_017,Himalaya Packaging,2026-04-06,2026-05-06,2412645,paid
INV-2026-00837,cust_003,Meenakshi Traders,2026-03-31,2026-04-30,5137102,paid
INV-2026-00838,cust_025,Lotus Hospitality Services,2026-05-28,2026-06-27,16225462,paid
INV-2026-00839,cust_019,Anand Furniture House,2026-04-17,2026-05-17,18655109,paid
INV-2026-00840,cust_013,Coastal Marine Exports,2026-04-10,2026-05-10,3632540,paid
INV-2026-00841,cust_023,Surya Solar Solutions,2026-04-02,2026-05-02,14746295,paid
INV-2026-00842,cust_009,Vishal Auto Components,2026-03-30,2026-04-29,19945947,paid
INV-2026-00843,cust_009,Vishal Auto Components,2026-04-15,2026-05-15,16465920,paid
INV-2026-00844,cust_035,Silverline Cosmetics,2026-04-07,2026-05-07,17966054,paid
INV-2026-00845,cust_029,Sagarika Seafoods,2026-04-22,2026-05-22,1292946,paid
INV-2026-00846,cust_022,Trident Paper Mills,2026-04-21,2026-05-21,13656585,paid
INV-2026-00847,cust_030,Vertex Lab Equipment,2026-04-05,2026-05-05,5048054,paid
INV-2026-00848,cust_004,Kaveri Agro Foods,2026-03-07,2026-04-06,3314585,paid
INV-2026-00849,cust_011,Deccan Steel Works,2026-03-30,2026-04-29,3617883,paid
INV-2026-00850,cust_040,Prakash Lighting Co,2026-03-07,2026-04-06,6849508,paid
INV-2026-00851,cust_008,Orchid Pharma Distributors,2026-03-21,2026-04-20,13980267,paid
INV-2026-00852,cust_024,Bharat Tyre Traders,2026-03-31,2026-04-30,8225356,paid
INV-2026-00853,cust_027,Everest Cold Storage,2026-06-04,2026-07-04,16022328,paid
INV-2026-00854,cust_014,Ganesh Cement Agencies,2026-06-21,2026-07-21,17601882,paid
INV-2026-00855,cust_003,Meenakshi Traders,2026-06-07,2026-07-07,16823445,paid
INV-2026-00856,cust_006,Sharma Hardware Stores,2026-06-04,2026-07-04,10156587,paid
INV-2026-00857,cust_001,Rajesh Textiles Pvt Ltd,2026-06-23,2026-07-23,3992908,paid
INV-2026-00858,cust_031,Chandra Printing Press,2026-06-18,2026-07-18,1496719,paid
INV-2026-00859,cust_019,Anand Furniture House,2026-06-15,2026-07-15,11267066,paid
INV-2026-00860,cust_030,Vertex Lab Equipment,2026-06-22,2026-07-22,18080831,paid
INV-2026-00861,cust_030,Vertex Lab Equipment,2026-06-18,2026-07-18,5353130,paid
INV-2026-00862,cust_030,Vertex Lab Equipment,2026-05-29,2026-06-28,1025267,paid
INV-2026-00863,cust_007,Nandini Dairy Products,2026-05-17,2026-06-16,6759404,paid
INV-2026-00864,cust_015,Infinite Loop Software,2026-05-15,2026-06-14,1873326,paid
INV-2026-00865,cust_015,Infinite Loop Software,2026-05-17,2026-06-16,4913422,paid
INV-2026-00866,cust_015,Infinite Loop Software,2026-05-24,2026-06-23,15316960,paid
INV-2026-00867,cust_024,Bharat Tyre Traders,2026-05-07,2026-06-06,6564758,paid
INV-2026-00868,cust_004,Kaveri Agro Foods,2026-05-27,2026-06-26,15670738,paid
INV-2026-00869,cust_027,Everest Cold Storage,2026-04-02,2026-05-02,7312608,paid
INV-2026-00870,cust_030,Vertex Lab Equipment,2026-03-25,2026-04-24,14415000,paid
INV-2026-00871,cust_033,Nirmal Water Systems,2026-04-25,2026-05-25,16131610,paid
INV-2026-00872,cust_033,Nirmal Water Systems,2026-04-12,2026-05-12,3338307,paid
INV-2026-00873,cust_033,Nirmal Water Systems,2026-04-23,2026-05-23,16669008,paid
INV-2026-00874,cust_036,Konark Ceramics,2026-04-15,2026-05-15,13693838,paid
INV-2026-00875,cust_009,Vishal Auto Components,2026-04-30,2026-05-30,3094377,paid
INV-2026-00876,cust_011,Deccan Steel Works,2026-04-19,2026-05-19,19634383,paid
INV-2026-00877,cust_030,Vertex Lab Equipment,2026-04-15,2026-05-15,13651637,paid
INV-2026-00878,cust_024,Bharat Tyre Traders,2026-04-15,2026-05-15,95756,paid
INV-2026-00879,cust_005,Bluewave Logistics LLP,2026-04-15,2026-05-15,11220476,paid
INV-2026-00880,cust_019,Anand Furniture House,2026-04-29,2026-05-29,18251101,paid
INV-2026-00881,cust_030,Vertex Lab Equipment,2026-06-11,2026-07-11,12345451,paid
INV-2026-00882,cust_036,Konark Ceramics,2026-06-05,2026-07-05,6919014,paid
INV-2026-00883,cust_022,Trident Paper Mills,2026-06-19,2026-07-19,16105576,paid
INV-2026-00884,cust_038,Maple Leaf Stationers,2026-05-31,2026-06-30,7089517,paid
INV-2026-00885,cust_015,Infinite Loop Software,2026-06-14,2026-07-14,16946870,paid
INV-2026-00886,cust_018,Sagar Chemicals,2026-06-11,2026-07-11,15230382,paid
INV-2026-00887,cust_018,Sagar Chemicals,2026-06-07,2026-07-07,16875873,paid
INV-2026-00888,cust_006,Sharma Hardware Stores,2026-06-15,2026-07-15,9726181,paid
INV-2026-00889,cust_005,Bluewave Logistics LLP,2026-06-12,2026-07-12,3808921,paid
INV-2026-00890,cust_015,Infinite Loop Software,2026-05-07,2026-06-06,11320174,paid
INV-2026-00891,cust_017,Himalaya Packaging,2026-04-06,2026-05-06,9718585,paid
INV-2026-00892,cust_004,Kaveri Agro Foods,2026-04-08,2026-05-08,15348355,paid
INV-2026-00893,cust_019,Anand Furniture House,2026-04-12,2026-05-12,5200095,paid
INV-2026-00894,cust_002,Sunrise Electronics,2026-04-05,2026-05-05,4928273,paid
INV-2026-00895,cust_021,Kalyani Engineering,2026-03-28,2026-04-27,18375604,paid
INV-2026-00896,cust_002,Sunrise Electronics,2026-03-28,2026-04-27,15014360,paid
INV-2026-00897,cust_021,Kalyani Engineering,2026-03-29,2026-04-28,19626710,paid
INV-2026-00898,cust_021,Kalyani Engineering,2026-03-19,2026-04-18,7503910,paid
INV-2026-00899,cust_021,Kalyani Engineering,2026-03-10,2026-04-09,9375688,paid
INV-2026-00900,cust_006,Sharma Hardware Stores,2026-03-21,2026-04-20,2981883,paid
INV-2026-00901,cust_026,Mahalaxmi Provisions,2026-03-25,2026-04-24,17214965,paid
INV-2026-00902,cust_028,Pinnacle Interiors,2026-03-24,2026-04-23,459055,paid
INV-2026-00903,cust_027,Everest Cold Storage,2026-04-16,2026-05-16,2938297,paid
INV-2026-00904,cust_034,Ashoka Timber Depot,2026-05-02,2026-06-01,19869894,paid
INV-2026-00905,cust_006,Sharma Hardware Stores,2026-04-26,2026-05-26,13958782,paid
INV-2026-00906,cust_006,Sharma Hardware Stores,2026-04-29,2026-05-29,18700017,paid
INV-2026-00907,cust_006,Sharma Hardware Stores,2026-04-20,2026-05-20,19106109,paid
INV-2026-00908,cust_009,Vishal Auto Components,2026-04-22,2026-05-22,9762772,paid
INV-2026-00909,cust_032,Aakash Sports Goods,2026-04-20,2026-05-20,7583648,paid
INV-2026-00910,cust_010,Greenleaf Organics,2026-04-14,2026-05-14,15905850,paid
INV-2026-00911,cust_019,Anand Furniture House,2026-04-19,2026-05-19,8262456,paid
INV-2026-00912,cust_017,Himalaya Packaging,2026-04-28,2026-05-28,4953548,paid
INV-2026-00913,cust_039,Indus Valley Handicrafts,2026-04-08,2026-05-08,10874889,paid
INV-2026-00914,cust_020,Zenith Office Supplies,2026-04-03,2026-05-03,12214242,paid
INV-2026-00915,cust_013,Coastal Marine Exports,2026-05-30,2026-06-29,17687981,paid
INV-2026-00916,cust_036,Konark Ceramics,2026-05-22,2026-06-21,3874089,paid
INV-2026-00917,cust_005,Bluewave Logistics LLP,2026-06-12,2026-07-12,633155,paid
INV-2026-00918,cust_029,Sagarika Seafoods,2026-05-28,2026-06-27,17603031,paid
INV-2026-00919,cust_028,Pinnacle Interiors,2026-05-19,2026-06-18,3798774,paid
INV-2026-00920,cust_028,Pinnacle Interiors,2026-06-12,2026-07-12,17279502,paid
INV-2026-00921,cust_028,Pinnacle Interiors,2026-05-26,2026-06-25,2038611,paid
INV-2026-00922,cust_010,Greenleaf Organics,2026-05-29,2026-06-28,19503227,paid
INV-2026-00923,cust_011,Deccan Steel Works,2026-05-13,2026-06-12,8164217,paid
INV-2026-00924,cust_033,Nirmal Water Systems,2026-04-07,2026-05-07,12346458,paid
INV-2026-00925,cust_012,Priya Garments,2026-04-19,2026-05-19,6118269,paid
INV-2026-00926,cust_025,Lotus Hospitality Services,2026-04-06,2026-05-06,7685452,paid
INV-2026-00927,cust_021,Kalyani Engineering,2026-04-19,2026-05-19,17489163,paid
INV-2026-00928,cust_028,Pinnacle Interiors,2026-05-01,2026-05-31,16011064,paid
INV-2026-00929,cust_034,Ashoka Timber Depot,2026-05-01,2026-05-31,4050287,paid
INV-2026-00930,cust_026,Mahalaxmi Provisions,2026-04-30,2026-05-30,5711411,paid
INV-2026-00931,cust_022,Trident Paper Mills,2026-04-21,2026-05-21,4169214,paid
INV-2026-00932,cust_028,Pinnacle Interiors,2026-04-25,2026-05-25,19575948,paid
INV-2026-00933,cust_015,Infinite Loop Software,2026-06-09,2026-07-09,1047355,paid
INV-2026-00934,cust_005,Bluewave Logistics LLP,2026-06-13,2026-07-13,6059454,paid
INV-2026-00935,cust_021,Kalyani Engineering,2026-05-25,2026-06-24,3282420,paid
INV-2026-00936,cust_030,Vertex Lab Equipment,2026-05-23,2026-06-22,16756719,paid
INV-2026-00937,cust_017,Himalaya Packaging,2026-05-19,2026-06-18,18187143,paid
INV-2026-00938,cust_003,Meenakshi Traders,2026-06-10,2026-07-10,12922482,paid
INV-2026-00939,cust_025,Lotus Hospitality Services,2026-06-12,2026-07-12,1152591,paid
INV-2026-00940,cust_020,Zenith Office Supplies,2026-06-08,2026-07-08,16541319,paid
INV-2026-00941,cust_026,Mahalaxmi Provisions,2026-04-12,2026-05-12,12726787,paid
INV-2026-00942,cust_007,Nandini Dairy Products,2026-04-04,2026-05-04,13872063,paid
INV-2026-00943,cust_016,Ratna Jewellers,2026-03-26,2026-04-25,10522322,paid
INV-2026-00944,cust_005,Bluewave Logistics LLP,2026-04-12,2026-05-12,11377783,paid
INV-2026-00945,cust_035,Silverline Cosmetics,2026-04-01,2026-05-01,14225842,paid
INV-2026-00946,cust_027,Everest Cold Storage,2026-03-24,2026-04-23,15810513,paid
INV-2026-00947,cust_021,Kalyani Engineering,2026-04-03,2026-05-03,10868665,paid
INV-2026-00948,cust_032,Aakash Sports Goods,2026-03-25,2026-04-24,6959136,paid
INV-2026-00949,cust_004,Kaveri Agro Foods,2026-04-03,2026-05-03,13539799,paid
INV-2026-00950,cust_040,Prakash Lighting Co,2026-04-19,2026-05-19,19450946,paid
INV-2026-00951,cust_018,Sagar Chemicals,2026-04-06,2026-05-06,14381295,paid
INV-2026-00952,cust_018,Sagar Chemicals,2026-04-15,2026-05-15,11704007,paid
INV-2026-00953,cust_018,Sagar Chemicals,2026-03-27,2026-04-26,2622336,paid
INV-2026-00954,cust_020,Zenith Office Supplies,2026-04-12,2026-05-12,14576065,paid
INV-2026-00955,cust_021,Kalyani Engineering,2026-04-09,2026-05-09,8481047,paid
INV-2026-00956,cust_037,Rudra Plastics,2026-04-04,2026-05-04,17574459,paid
INV-2026-00957,cust_030,Vertex Lab Equipment,2026-04-01,2026-05-01,10125579,paid
INV-2026-00958,cust_005,Bluewave Logistics LLP,2026-03-23,2026-04-22,9006844,paid
INV-2026-00959,cust_011,Deccan Steel Works,2026-03-17,2026-04-16,7973202,paid
INV-2026-00960,cust_008,Orchid Pharma Distributors,2026-04-05,2026-05-05,8290519,paid
INV-2026-00961,cust_028,Pinnacle Interiors,2026-04-04,2026-05-04,6827676,paid
INV-2026-00962,cust_009,Vishal Auto Components,2026-03-15,2026-04-14,18528630,paid
INV-2026-00963,cust_009,Vishal Auto Components,2026-03-31,2026-04-30,1467083,paid
INV-2026-00964,cust_016,Ratna Jewellers,2026-04-20,2026-05-20,16835555,paid
INV-2026-00965,cust_008,Orchid Pharma Distributors,2026-05-03,2026-06-02,11099001,paid
INV-2026-00966,cust_025,Lotus Hospitality Services,2026-04-20,2026-05-20,7966768,paid
INV-2026-00967,cust_031,Chandra Printing Press,2026-03-23,2026-04-22,4912424,paid
INV-2026-00968,cust_024,Bharat Tyre Traders,2026-03-31,2026-04-30,1218010,paid
INV-2026-00969,cust_004,Kaveri Agro Foods,2026-03-06,2026-04-05,8092186,paid
INV-2026-00970,cust_025,Lotus Hospitality Services,2026-03-09,2026-04-08,12225396,paid
INV-2026-00971,cust_008,Orchid Pharma Distributors,2026-03-24,2026-04-23,14894574,paid
INV-2026-00972,cust_026,Mahalaxmi Provisions,2026-03-23,2026-04-22,10146131,paid
INV-2026-00973,cust_020,Zenith Office Supplies,2026-03-26,2026-04-25,14775223,paid
INV-2026-00974,cust_017,Himalaya Packaging,2026-05-07,2026-06-06,14172071,paid
INV-2026-00975,cust_036,Konark Ceramics,2026-05-04,2026-06-03,967743,paid
INV-2026-00976,cust_012,Priya Garments,2026-04-23,2026-05-23,4616497,paid
INV-2026-00977,cust_031,Chandra Printing Press,2026-04-09,2026-05-09,8796965,paid
INV-2026-00978,cust_038,Maple Leaf Stationers,2026-03-19,2026-04-18,9505549,paid
INV-2026-00979,cust_027,Everest Cold Storage,2026-04-01,2026-05-01,12710759,paid
INV-2026-00980,cust_037,Rudra Plastics,2026-04-13,2026-05-13,18791156,paid
INV-2026-00981,cust_015,Infinite Loop Software,2026-03-30,2026-04-29,6702709,paid
INV-2026-00982,cust_011,Deccan Steel Works,2026-03-31,2026-04-30,8779446,paid
INV-2026-00983,cust_011,Deccan Steel Works,2026-04-09,2026-05-09,3038400,paid
INV-2026-00984,cust_011,Deccan Steel Works,2026-04-02,2026-05-02,5758376,paid
INV-2026-00985,cust_008,Orchid Pharma Distributors,2026-03-31,2026-04-30,15273909,paid
INV-2026-00986,cust_008,Orchid Pharma Distributors,2026-03-23,2026-04-22,16630890,paid
INV-2026-00987,cust_008,Orchid Pharma Distributors,2026-04-10,2026-05-10,7582431,paid
INV-2026-00988,cust_013,Coastal Marine Exports,2026-03-19,2026-04-18,8982285,paid
INV-2026-00989,cust_017,Himalaya Packaging,2026-04-24,2026-05-24,8382168,paid
INV-2026-00990,cust_030,Vertex Lab Equipment,2026-05-04,2026-06-03,10896335,paid
INV-2026-00991,cust_030,Vertex Lab Equipment,2026-04-16,2026-05-16,13389722,paid
INV-2026-00992,cust_025,Lotus Hospitality Services,2026-04-15,2026-05-15,8647504,paid
INV-2026-00993,cust_004,Kaveri Agro Foods,2026-04-23,2026-05-23,11938391,paid
INV-2026-00994,cust_004,Kaveri Agro Foods,2026-04-19,2026-05-19,1577125,paid
INV-2026-00995,cust_040,Prakash Lighting Co,2026-04-26,2026-05-26,12495379,paid
INV-2026-00996,cust_024,Bharat Tyre Traders,2026-06-14,2026-07-14,8882076,paid
INV-2026-00997,cust_017,Himalaya Packaging,2026-06-10,2026-07-10,5585938,paid
INV-2026-00998,cust_032,Aakash Sports Goods,2026-06-19,2026-07-19,18695349,paid
INV-2026-00999,cust_029,Sagarika Seafoods,2026-06-22,2026-07-22,7762840,paid
INV-2026-01000,cust_029,Sagarika Seafoods,2026-06-18,2026-07-18,1253337,paid
INV-2026-01001,cust_011,Deccan Steel Works,2026-06-10,2026-07-10,3943120,paid
INV-2026-01002,cust_034,Ashoka Timber Depot,2026-04-20,2026-05-20,14022702,paid
INV-2026-01003,cust_002,Sunrise Electronics,2026-03-24,2026-04-23,16151265,paid
INV-2026-01004,cust_002,Sunrise Electronics,2026-03-31,2026-04-30,9086827,paid
INV-2026-01005,cust_002,Sunrise Electronics,2026-03-26,2026-04-25,244795,paid
INV-2026-01006,cust_003,Meenakshi Traders,2026-03-31,2026-04-30,10952353,paid
INV-2026-01007,cust_037,Rudra Plastics,2026-04-13,2026-05-13,9544361,paid
INV-2026-01008,cust_008,Orchid Pharma Distributors,2026-04-15,2026-05-15,14557541,paid
INV-2026-01009,cust_020,Zenith Office Supplies,2026-04-21,2026-05-21,4455249,paid
INV-2026-01010,cust_007,Nandini Dairy Products,2026-04-24,2026-05-24,6756566,paid
INV-2026-01011,cust_010,Greenleaf Organics,2026-04-08,2026-05-08,17655265,paid
INV-2026-01012,cust_028,Pinnacle Interiors,2026-04-15,2026-05-15,5036407,paid
INV-2026-01013,cust_028,Pinnacle Interiors,2026-04-20,2026-05-20,10130041,paid
INV-2026-01014,cust_034,Ashoka Timber Depot,2026-04-06,2026-05-06,1651495,paid
INV-2026-01015,cust_003,Meenakshi Traders,2026-04-08,2026-05-08,14307731,paid
INV-2026-01016,cust_027,Everest Cold Storage,2026-05-28,2026-06-27,10584291,paid
INV-2026-01017,cust_030,Vertex Lab Equipment,2026-05-23,2026-06-22,8944420,paid
INV-2026-01018,cust_030,Vertex Lab Equipment,2026-05-25,2026-06-24,16381696,paid
INV-2026-01019,cust_040,Prakash Lighting Co,2026-05-25,2026-06-24,13303907,paid
INV-2026-01020,cust_006,Sharma Hardware Stores,2026-06-15,2026-07-15,6452255,paid
INV-2026-01021,cust_002,Sunrise Electronics,2026-05-26,2026-06-25,4920566,paid
INV-2026-01022,cust_028,Pinnacle Interiors,2026-05-21,2026-06-20,18121831,paid
INV-2026-01023,cust_020,Zenith Office Supplies,2026-06-11,2026-07-11,15954434,paid
INV-2026-01024,cust_008,Orchid Pharma Distributors,2026-06-11,2026-07-11,14990645,paid
INV-2026-01025,cust_013,Coastal Marine Exports,2026-06-03,2026-07-03,1758664,paid
INV-2026-01026,cust_004,Kaveri Agro Foods,2026-04-14,2026-05-14,19390887,paid
INV-2026-01027,cust_005,Bluewave Logistics LLP,2026-04-07,2026-05-07,14046810,paid
INV-2026-01028,cust_008,Orchid Pharma Distributors,2026-04-07,2026-05-07,11685472,paid
INV-2026-01029,cust_028,Pinnacle Interiors,2026-04-04,2026-05-04,6499205,paid
INV-2026-01030,cust_028,Pinnacle Interiors,2026-04-12,2026-05-12,11587603,paid
INV-2026-01031,cust_031,Chandra Printing Press,2026-05-17,2026-06-16,7002766,paid
INV-2026-01032,cust_006,Sharma Hardware Stores,2026-05-18,2026-06-17,5864684,paid
INV-2026-01033,cust_039,Indus Valley Handicrafts,2026-04-27,2026-05-27,14008118,paid
INV-2026-01034,cust_032,Aakash Sports Goods,2026-05-16,2026-06-15,18734131,paid
INV-2026-01035,cust_023,Surya Solar Solutions,2026-05-11,2026-06-10,5371916,paid
INV-2026-01036,cust_033,Nirmal Water Systems,2026-05-12,2026-06-11,14499225,paid
INV-2026-01037,cust_033,Nirmal Water Systems,2026-05-19,2026-06-18,7656462,paid
INV-2026-01038,cust_029,Sagarika Seafoods,2026-03-09,2026-04-08,3772221,paid
INV-2026-01039,cust_029,Sagarika Seafoods,2026-05-19,2026-06-18,3381761,paid
INV-2026-01040,cust_024,Bharat Tyre Traders,2026-05-30,2026-06-29,4176640,paid
INV-2026-01041,cust_029,Sagarika Seafoods,2026-05-10,2026-06-09,271042,paid
INV-2026-01042,cust_031,Chandra Printing Press,2026-05-18,2026-06-17,5796592,paid
INV-2026-01043,cust_027,Everest Cold Storage,2026-05-13,2026-06-12,8285978,paid
INV-2026-01044,cust_010,Greenleaf Organics,2026-03-12,2026-04-11,17409341,paid
INV-2026-01045,cust_006,Sharma Hardware Stores,2026-03-22,2026-04-21,5563821,paid
INV-2026-01046,cust_026,Mahalaxmi Provisions,2026-03-13,2026-04-12,5115111,paid
INV-2026-01047,cust_004,Kaveri Agro Foods,2026-03-12,2026-04-11,17490867,paid
INV-2026-01048,cust_027,Everest Cold Storage,2026-03-13,2026-04-12,18626083,paid
INV-2026-01049,cust_021,Kalyani Engineering,2026-04-03,2026-05-03,9437883,paid
INV-2026-01050,cust_040,Prakash Lighting Co,2026-03-12,2026-04-11,13603912,paid
INV-2026-01051,cust_014,Ganesh Cement Agencies,2026-03-15,2026-04-14,14885884,paid
INV-2026-01052,cust_006,Sharma Hardware Stores,2026-04-14,2026-05-14,17543128,paid
INV-2026-01053,cust_011,Deccan Steel Works,2026-04-05,2026-05-05,8730202,paid
INV-2026-01054,cust_011,Deccan Steel Works,2026-04-16,2026-05-16,10248604,paid
INV-2026-01055,cust_011,Deccan Steel Works,2026-03-31,2026-04-30,14234997,paid
INV-2026-01056,cust_008,Orchid Pharma Distributors,2026-04-12,2026-05-12,8765980,paid
INV-2026-01057,cust_023,Surya Solar Solutions,2026-03-30,2026-04-29,4235908,paid
INV-2026-01058,cust_025,Lotus Hospitality Services,2026-05-08,2026-06-07,3580829,paid
INV-2026-01059,cust_038,Maple Leaf Stationers,2026-04-21,2026-05-21,12172126,paid
INV-2026-01060,cust_027,Everest Cold Storage,2026-05-02,2026-06-01,4414200,paid
INV-2026-01061,cust_027,Everest Cold Storage,2026-04-30,2026-05-30,7256968,paid
INV-2026-01062,cust_010,Greenleaf Organics,2026-04-18,2026-05-18,15408293,paid
INV-2026-01063,cust_033,Nirmal Water Systems,2026-04-30,2026-05-30,7185099,paid
INV-2026-01064,cust_003,Meenakshi Traders,2026-04-16,2026-05-16,12442727,paid
INV-2026-01065,cust_002,Sunrise Electronics,2026-05-08,2026-06-07,19834506,paid
INV-2026-01066,cust_020,Zenith Office Supplies,2026-05-06,2026-06-05,6193049,paid
INV-2026-01067,cust_032,Aakash Sports Goods,2026-05-01,2026-05-31,2317089,paid
INV-2026-01068,cust_032,Aakash Sports Goods,2026-05-11,2026-06-10,14061497,paid
INV-2026-01069,cust_032,Aakash Sports Goods,2026-04-27,2026-05-27,19278672,paid
INV-2026-01070,cust_029,Sagarika Seafoods,2026-04-17,2026-05-17,12710276,paid
INV-2026-01071,cust_039,Indus Valley Handicrafts,2026-05-08,2026-06-07,16987064,paid
INV-2026-01072,cust_006,Sharma Hardware Stores,2026-04-21,2026-05-21,13794845,paid
INV-2026-01073,cust_026,Mahalaxmi Provisions,2026-05-11,2026-06-10,14917841,paid
INV-2026-01074,cust_006,Sharma Hardware Stores,2026-04-20,2026-05-20,882287,paid
INV-2026-01075,cust_033,Nirmal Water Systems,2026-04-15,2026-05-15,17896241,paid
INV-2026-01076,cust_002,Sunrise Electronics,2026-04-12,2026-05-12,8280455,paid
INV-2026-01077,cust_038,Maple Leaf Stationers,2026-03-24,2026-04-23,17952761,paid
INV-2026-01078,cust_026,Mahalaxmi Provisions,2026-04-03,2026-05-03,830585,paid
INV-2026-01079,cust_012,Priya Garments,2026-04-02,2026-05-02,10699587,paid
INV-2026-01080,cust_006,Sharma Hardware Stores,2026-04-15,2026-05-15,18229095,paid
INV-2026-01081,cust_006,Sharma Hardware Stores,2026-04-05,2026-05-05,5727109,paid
INV-2026-01082,cust_004,Kaveri Agro Foods,2026-04-15,2026-05-15,10788809,paid
INV-2026-01083,cust_004,Kaveri Agro Foods,2026-04-09,2026-05-09,13709219,paid
INV-2026-01084,cust_027,Everest Cold Storage,2026-04-26,2026-05-26,9081502,paid
INV-2026-01085,cust_038,Maple Leaf Stationers,2026-04-19,2026-05-19,18662893,paid
INV-2026-01086,cust_009,Vishal Auto Components,2026-04-13,2026-05-13,15014681,paid
INV-2026-01087,cust_014,Ganesh Cement Agencies,2026-04-22,2026-05-22,12576044,paid
INV-2026-01088,cust_004,Kaveri Agro Foods,2026-03-27,2026-04-26,9220524,paid
INV-2026-01089,cust_014,Ganesh Cement Agencies,2026-05-17,2026-06-16,10730507,paid
INV-2026-01090,cust_022,Trident Paper Mills,2026-05-18,2026-06-17,15240698,paid
INV-2026-01091,cust_021,Kalyani Engineering,2026-05-28,2026-06-27,11071196,paid
INV-2026-01092,cust_001,Rajesh Textiles Pvt Ltd,2026-06-11,2026-07-11,371404,paid
INV-2026-01093,cust_027,Everest Cold Storage,2026-05-20,2026-06-19,16457335,paid
INV-2026-01094,cust_035,Silverline Cosmetics,2026-05-22,2026-06-21,2651244,paid
INV-2026-01095,cust_035,Silverline Cosmetics,2026-05-25,2026-06-24,1088426,paid
INV-2026-01096,cust_035,Silverline Cosmetics,2026-05-21,2026-06-20,14987653,paid
INV-2026-01097,cust_023,Surya Solar Solutions,2026-05-30,2026-06-29,12061337,paid
INV-2026-01098,cust_040,Prakash Lighting Co,2026-03-06,2026-04-05,7470484,paid
INV-2026-01099,cust_032,Aakash Sports Goods,2026-03-30,2026-04-29,9470620,paid
INV-2026-01100,cust_038,Maple Leaf Stationers,2026-04-18,2026-05-18,4325871,paid
INV-2026-01101,cust_018,Sagar Chemicals,2026-03-30,2026-04-29,825694,paid
INV-2026-01102,cust_024,Bharat Tyre Traders,2026-05-23,2026-06-22,7584587,paid
INV-2026-01103,cust_035,Silverline Cosmetics,2026-05-24,2026-06-23,13198602,paid
INV-2026-01104,cust_006,Sharma Hardware Stores,2026-04-29,2026-05-29,901340,paid
INV-2026-01105,cust_015,Infinite Loop Software,2026-05-11,2026-06-10,2547804,paid
INV-2026-01106,cust_013,Coastal Marine Exports,2026-05-15,2026-06-14,2158698,paid
INV-2026-01107,cust_022,Trident Paper Mills,2026-05-17,2026-06-16,3668531,paid
INV-2026-01108,cust_022,Trident Paper Mills,2026-05-14,2026-06-13,17487400,paid
INV-2026-01109,cust_005,Bluewave Logistics LLP,2026-05-05,2026-06-04,14764607,paid
INV-2026-01110,cust_020,Zenith Office Supplies,2026-05-30,2026-06-29,2257554,paid
INV-2026-01111,cust_002,Sunrise Electronics,2026-04-21,2026-05-21,19773743,paid
INV-2026-01112,cust_007,Nandini Dairy Products,2026-04-29,2026-05-29,19943969,paid
INV-2026-01113,cust_007,Nandini Dairy Products,2026-04-06,2026-05-06,6546625,paid
INV-2026-01114,cust_007,Nandini Dairy Products,2026-04-13,2026-05-13,4277241,paid
INV-2026-01115,cust_017,Himalaya Packaging,2026-04-16,2026-05-16,14969116,paid
INV-2026-01116,cust_009,Vishal Auto Components,2026-04-30,2026-05-30,4334255,paid
INV-2026-01117,cust_028,Pinnacle Interiors,2026-04-11,2026-05-11,12053884,paid
INV-2026-01118,cust_035,Silverline Cosmetics,2026-04-27,2026-05-27,15804603,paid
INV-2026-01119,cust_013,Coastal Marine Exports,2026-03-29,2026-04-28,6803206,paid
INV-2026-01120,cust_022,Trident Paper Mills,2026-04-03,2026-05-03,15733421,paid
INV-2026-01121,cust_020,Zenith Office Supplies,2026-04-13,2026-05-13,3568111,paid
INV-2026-01122,cust_003,Meenakshi Traders,2026-04-18,2026-05-18,7533480,paid
INV-2026-01123,cust_030,Vertex Lab Equipment,2026-04-11,2026-05-11,16181165,paid
INV-2026-01124,cust_022,Trident Paper Mills,2026-04-06,2026-05-06,6939273,paid
INV-2026-01125,cust_013,Coastal Marine Exports,2026-05-07,2026-06-06,8841222,paid
INV-2026-01126,cust_022,Trident Paper Mills,2026-05-07,2026-06-06,6040856,paid
INV-2026-01127,cust_012,Priya Garments,2026-05-11,2026-06-10,754433,paid
INV-2026-01128,cust_009,Vishal Auto Components,2026-04-19,2026-05-19,3773502,paid
INV-2026-01129,cust_009,Vishal Auto Components,2026-04-29,2026-05-29,17919570,paid
INV-2026-01130,cust_024,Bharat Tyre Traders,2026-04-22,2026-05-22,8255724,paid
INV-2026-01131,cust_040,Prakash Lighting Co,2026-04-18,2026-05-18,9921134,paid
INV-2026-01132,cust_033,Nirmal Water Systems,2026-05-30,2026-06-29,17134524,paid
INV-2026-01133,cust_034,Ashoka Timber Depot,2026-06-09,2026-07-09,12595288,paid
INV-2026-01134,cust_031,Chandra Printing Press,2026-06-04,2026-07-04,15946685,paid
INV-2026-01135,cust_037,Rudra Plastics,2026-05-21,2026-06-20,8590584,paid
INV-2026-01136,cust_015,Infinite Loop Software,2026-05-18,2026-06-17,17238663,paid
INV-2026-01137,cust_028,Pinnacle Interiors,2026-05-19,2026-06-18,13772178,paid
INV-2026-01138,cust_032,Aakash Sports Goods,2026-05-20,2026-06-19,879405,paid
INV-2026-01139,cust_015,Infinite Loop Software,2026-05-30,2026-06-29,12099159,paid
INV-2026-01140,cust_019,Anand Furniture House,2026-05-16,2026-06-15,18392593,paid
INV-2026-01141,cust_018,Sagar Chemicals,2026-05-29,2026-06-28,4029149,paid
INV-2026-01142,cust_001,Rajesh Textiles Pvt Ltd,2026-03-22,2026-04-21,11681051,paid
INV-2026-01143,cust_026,Mahalaxmi Provisions,2026-03-13,2026-04-12,448986,paid
INV-2026-01144,cust_033,Nirmal Water Systems,2026-03-27,2026-04-26,13388064,paid
INV-2026-01145,cust_014,Ganesh Cement Agencies,2026-03-15,2026-04-14,19746573,paid
INV-2026-01146,cust_030,Vertex Lab Equipment,2026-03-17,2026-04-16,11480638,paid
INV-2026-01147,cust_001,Rajesh Textiles Pvt Ltd,2026-05-22,2026-06-21,11950496,paid
INV-2026-01148,cust_027,Everest Cold Storage,2026-05-19,2026-06-18,13584808,paid
INV-2026-01149,cust_035,Silverline Cosmetics,2026-05-25,2026-06-24,829799,paid
INV-2026-01150,cust_003,Meenakshi Traders,2026-06-08,2026-07-08,11131368,paid
INV-2026-01151,cust_039,Indus Valley Handicrafts,2026-05-25,2026-06-24,13165953,paid
INV-2026-01152,cust_039,Indus Valley Handicrafts,2026-06-03,2026-07-03,6727289,paid
INV-2026-01153,cust_009,Vishal Auto Components,2026-04-23,2026-05-23,2357303,paid
INV-2026-01154,cust_014,Ganesh Cement Agencies,2026-05-02,2026-06-01,10443726,paid
INV-2026-01155,cust_030,Vertex Lab Equipment,2026-05-27,2026-06-26,3106898,paid
INV-2026-01156,cust_030,Vertex Lab Equipment,2026-05-06,2026-06-05,10030723,paid
INV-2026-01157,cust_012,Priya Garments,2026-05-23,2026-06-22,14548085,paid
INV-2026-01158,cust_012,Priya Garments,2026-05-25,2026-06-24,13255390,paid
INV-2026-01159,cust_003,Meenakshi Traders,2026-05-23,2026-06-22,9236407,paid
INV-2026-01160,cust_035,Silverline Cosmetics,2026-05-26,2026-06-25,7339863,paid
INV-2026-01161,cust_027,Everest Cold Storage,2026-05-11,2026-06-10,4117824,paid
INV-2026-01162,cust_005,Bluewave Logistics LLP,2026-05-12,2026-06-11,10989185,paid
INV-2026-01163,cust_001,Rajesh Textiles Pvt Ltd,2026-04-16,2026-05-16,4629528,paid
INV-2026-01164,cust_012,Priya Garments,2026-05-23,2026-06-22,13164733,paid
INV-2026-01165,cust_001,Rajesh Textiles Pvt Ltd,2026-06-05,2026-07-05,14836028,paid
INV-2026-01166,cust_029,Sagarika Seafoods,2026-04-04,2026-05-04,12713292,paid
INV-2026-01167,cust_029,Sagarika Seafoods,2026-03-12,2026-04-11,6819205,paid
INV-2026-01168,cust_024,Bharat Tyre Traders,2026-03-30,2026-04-29,3116419,paid
INV-2026-01169,cust_001,Rajesh Textiles Pvt Ltd,2026-03-30,2026-04-29,2169683,paid
INV-2026-01170,cust_007,Nandini Dairy Products,2026-03-15,2026-04-14,5683214,paid
INV-2026-01171,cust_003,Meenakshi Traders,2026-04-02,2026-05-02,11027046,paid
INV-2026-01172,cust_014,Ganesh Cement Agencies,2026-05-07,2026-06-06,9393487,paid
INV-2026-01173,cust_024,Bharat Tyre Traders,2026-04-26,2026-05-26,10167810,paid
INV-2026-01174,cust_024,Bharat Tyre Traders,2026-04-15,2026-05-15,16812989,paid
INV-2026-01175,cust_007,Nandini Dairy Products,2026-04-14,2026-05-14,19149352,paid
INV-2026-01176,cust_007,Nandini Dairy Products,2026-04-19,2026-05-19,13088092,paid
INV-2026-01177,cust_009,Vishal Auto Components,2026-04-19,2026-05-19,10719201,paid
INV-2026-01178,cust_031,Chandra Printing Press,2026-04-20,2026-05-20,19680581,paid
INV-2026-01179,cust_031,Chandra Printing Press,2026-04-25,2026-05-25,12880255,paid
INV-2026-01180,cust_015,Infinite Loop Software,2026-04-17,2026-05-17,495994,paid
INV-2026-01181,cust_025,Lotus Hospitality Services,2026-04-26,2026-05-26,8038101,paid
INV-2026-01182,cust_039,Indus Valley Handicrafts,2026-04-13,2026-05-13,11079001,paid
INV-2026-01183,cust_021,Kalyani Engineering,2026-04-03,2026-05-03,1379006,paid
INV-2026-01184,cust_012,Priya Garments,2026-05-28,2026-06-27,2218182,paid
INV-2026-01185,cust_005,Bluewave Logistics LLP,2026-05-27,2026-06-26,4799026,paid
INV-2026-01186,cust_009,Vishal Auto Components,2026-05-11,2026-06-10,6907631,paid
INV-2026-01187,cust_009,Vishal Auto Components,2026-05-21,2026-06-20,17076342,paid
INV-2026-01188,cust_009,Vishal Auto Components,2026-05-26,2026-06-25,14352234,paid
INV-2026-01189,cust_020,Zenith Office Supplies,2026-05-22,2026-06-21,8268317,paid
INV-2026-01190,cust_037,Rudra Plastics,2026-05-08,2026-06-07,6807896,paid
INV-2026-01191,cust_031,Chandra Printing Press,2026-05-16,2026-06-15,12724095,paid
INV-2026-01192,cust_031,Chandra Printing Press,2026-05-23,2026-06-22,15844523,paid
INV-2026-01193,cust_017,Himalaya Packaging,2026-06-10,2026-07-10,15270394,paid
INV-2026-01194,cust_036,Konark Ceramics,2026-06-17,2026-07-17,11231482,paid
INV-2026-01195,cust_031,Chandra Printing Press,2026-06-13,2026-07-13,190276,paid
INV-2026-01196,cust_037,Rudra Plastics,2026-04-14,2026-05-14,14689729,paid
INV-2026-01197,cust_033,Nirmal Water Systems,2026-04-18,2026-05-18,12404088,paid
INV-2026-01198,cust_025,Lotus Hospitality Services,2026-04-15,2026-05-15,8330959,paid
INV-2026-01199,cust_003,Meenakshi Traders,2026-04-27,2026-05-27,998116,paid
INV-2026-01200,cust_010,Greenleaf Organics,2026-04-24,2026-05-24,4994829,paid
INV-2026-01201,cust_039,Indus Valley Handicrafts,2026-04-17,2026-05-17,5466605,paid
INV-2026-01202,cust_025,Lotus Hospitality Services,2026-04-20,2026-05-20,2746042,paid
INV-2026-01203,cust_007,Nandini Dairy Products,2026-03-21,2026-04-20,11605905,paid
INV-2026-01204,cust_018,Sagar Chemicals,2026-03-22,2026-04-21,13403664,paid
INV-2026-01205,cust_012,Priya Garments,2026-04-29,2026-05-29,16373266,paid
INV-2026-01206,cust_008,Orchid Pharma Distributors,2026-04-29,2026-05-29,6278979,paid
INV-2026-01207,cust_012,Priya Garments,2026-04-29,2026-05-29,8752406,paid
INV-2026-01208,cust_027,Everest Cold Storage,2026-04-16,2026-05-16,3713991,paid
INV-2026-01209,cust_011,Deccan Steel Works,2026-04-23,2026-05-23,4233619,paid
INV-2026-01210,cust_011,Deccan Steel Works,2026-04-27,2026-05-27,2206289,paid
INV-2026-01211,cust_038,Maple Leaf Stationers,2026-04-20,2026-05-20,3432593,paid
INV-2026-01212,cust_039,Indus Valley Handicrafts,2026-05-14,2026-06-13,11561768,paid
INV-2026-01213,cust_016,Ratna Jewellers,2026-05-04,2026-06-03,13420479,paid
INV-2026-01214,cust_004,Kaveri Agro Foods,2026-05-15,2026-06-14,3411394,paid
INV-2026-01215,cust_009,Vishal Auto Components,2026-05-09,2026-06-08,9427374,paid
INV-2026-01216,cust_009,Vishal Auto Components,2026-05-03,2026-06-02,8389539,paid
INV-2026-01217,cust_040,Prakash Lighting Co,2026-05-10,2026-06-09,17327646,paid
INV-2026-01218,cust_013,Coastal Marine Exports,2026-05-15,2026-06-14,608020,paid
INV-2026-01219,cust_013,Coastal Marine Exports,2026-05-05,2026-06-04,12136494,paid
INV-2026-01220,cust_013,Coastal Marine Exports,2026-05-24,2026-06-23,10972813,paid
INV-2026-01221,cust_039,Indus Valley Handicrafts,2026-04-01,2026-05-01,17500130,paid
INV-2026-01222,cust_036,Konark Ceramics,2026-03-22,2026-04-21,5688917,paid
INV-2026-01223,cust_008,Orchid Pharma Distributors,2026-03-19,2026-04-18,8133316,paid
INV-2026-01224,cust_011,Deccan Steel Works,2026-03-15,2026-04-14,3050833,paid
INV-2026-01225,cust_011,Deccan Steel Works,2026-03-26,2026-04-25,12917782,paid
INV-2026-01226,cust_013,Coastal Marine Exports,2026-04-29,2026-05-29,10775438,overdue
INV-2026-01227,cust_024,Bharat Tyre Traders,2026-03-11,2026-04-10,4288171,overdue
INV-2026-01228,cust_034,Ashoka Timber Depot,2026-03-19,2026-04-18,19873152,overdue
INV-2026-01229,cust_015,Infinite Loop Software,2026-06-05,2026-07-05,358315,open
INV-2026-01230,cust_035,Silverline Cosmetics,2026-04-23,2026-05-23,4905352,overdue
INV-2026-01231,cust_019,Anand Furniture House,2026-05-18,2026-06-17,15343591,overdue
INV-2026-01232,cust_010,Greenleaf Organics,2026-04-06,2026-05-06,4944608,overdue
INV-2026-01233,cust_003,Meenakshi Traders,2026-04-05,2026-05-05,10414676,overdue
INV-2026-01234,cust_033,Nirmal Water Systems,2026-03-31,2026-04-30,9225544,overdue
INV-2026-01235,cust_037,Rudra Plastics,2026-04-10,2026-05-10,7287860,overdue
INV-2026-01236,cust_032,Aakash Sports Goods,2026-05-02,2026-06-01,12690244,overdue
INV-2026-01237,cust_004,Kaveri Agro Foods,2026-05-15,2026-06-14,7117002,overdue
INV-2026-01238,cust_015,Infinite Loop Software,2026-03-10,2026-04-09,1813832,overdue
INV-2026-01239,cust_012,Priya Garments,2026-04-06,2026-05-06,13196890,overdue
INV-2026-01240,cust_020,Zenith Office Supplies,2026-04-02,2026-05-02,773628,overdue
INV-2026-01241,cust_036,Konark Ceramics,2026-05-01,2026-05-31,14224649,overdue
INV-2026-01242,cust_031,Chandra Printing Press,2026-04-23,2026-05-23,13181953,overdue
INV-2026-01243,cust_026,Mahalaxmi Provisions,2026-06-05,2026-07-05,9547242,open
INV-2026-01244,cust_019,Anand Furniture House,2026-03-27,2026-04-26,18438165,overdue
INV-2026-01245,cust_026,Mahalaxmi Provisions,2026-06-14,2026-07-14,10902126,open
INV-2026-01246,cust_038,Maple Leaf Stationers,2026-06-02,2026-07-02,10253030,open
INV-2026-01247,cust_030,Vertex Lab Equipment,2026-04-03,2026-05-03,19416189,overdue
INV-2026-01248,cust_009,Vishal Auto Components,2026-04-13,2026-05-13,16238057,overdue
INV-2026-01249,cust_019,Anand Furniture House,2026-06-06,2026-07-06,7369445,open
INV-2026-01250,cust_013,Coastal Marine Exports,2026-04-08,2026-05-08,12204280,overdue
INV-2026-01251,cust_037,Rudra Plastics,2026-05-27,2026-06-26,5002817,overdue
INV-2026-01252,cust_025,Lotus Hospitality Services,2026-04-16,2026-05-16,5694624,overdue
INV-2026-01253,cust_004,Kaveri Agro Foods,2026-06-07,2026-07-07,15950631,open
INV-2026-01254,cust_012,Priya Garments,2026-06-21,2026-07-21,17345134,open
INV-2026-01255,cust_022,Trident Paper Mills,2026-04-03,2026-05-03,5035125,overdue
INV-2026-01256,cust_026,Mahalaxmi Provisions,2026-05-29,2026-06-28,4036351,overdue
INV-2026-01257,cust_016,Ratna Jewellers,2026-04-26,2026-05-26,10206577,overdue
INV-2026-01258,cust_039,Indus Valley Handicrafts,2026-05-19,2026-06-18,12645382,overdue
INV-2026-01259,cust_006,Sharma Hardware Stores,2026-04-12,2026-05-12,12871179,overdue
INV-2026-01260,cust_018,Sagar Chemicals,2026-03-22,2026-04-21,14985691,overdue
INV-2026-01261,cust_024,Bharat Tyre Traders,2026-06-26,2026-07-26,3963374,open
INV-2026-01262,cust_006,Sharma Hardware Stores,2026-05-31,2026-06-30,17154321,open
INV-2026-01263,cust_015,Infinite Loop Software,2026-06-10,2026-07-10,19276082,open
INV-2026-01264,cust_037,Rudra Plastics,2026-04-22,2026-05-22,3222680,overdue
INV-2026-01265,cust_038,Maple Leaf Stationers,2026-05-26,2026-06-25,16296769,overdue
INV-2026-01266,cust_028,Pinnacle Interiors,2026-05-05,2026-06-04,4252237,overdue
INV-2026-01267,cust_007,Nandini Dairy Products,2026-05-18,2026-06-17,18085878,overdue
INV-2026-01268,cust_012,Priya Garments,2026-04-18,2026-05-18,712578,overdue
INV-2026-01269,cust_026,Mahalaxmi Provisions,2026-04-03,2026-05-03,17836790,overdue
INV-2026-01270,cust_032,Aakash Sports Goods,2026-06-06,2026-07-06,19669999,open
INV-2026-01271,cust_035,Silverline Cosmetics,2026-04-05,2026-05-05,7011328,overdue
INV-2026-01272,cust_008,Orchid Pharma Distributors,2026-05-19,2026-06-18,6087702,overdue
INV-2026-01273,cust_001,Rajesh Textiles Pvt Ltd,2026-04-06,2026-05-06,10596026,overdue
INV-2026-01274,cust_008,Orchid Pharma Distributors,2026-06-21,2026-07-21,19346517,open
INV-2026-01275,cust_014,Ganesh Cement Agencies,2026-04-03,2026-05-03,2996781,overdue
INV-2026-01276,cust_036,Konark Ceramics,2026-05-05,2026-06-04,1224582,overdue
INV-2026-01277,cust_006,Sharma Hardware Stores,2026-05-30,2026-06-29,10068612,overdue
INV-2026-01278,cust_024,Bharat Tyre Traders,2026-04-17,2026-05-17,14245246,overdue
INV-2026-01279,cust_001,Rajesh Textiles Pvt Ltd,2026-05-21,2026-06-20,1599082,overdue
INV-2026-01280,cust_034,Ashoka Timber Depot,2026-05-03,2026-06-02,17971502,overdue
INV-2026-01281,cust_029,Sagarika Seafoods,2026-05-26,2026-06-25,16506530,overdue
INV-2026-01282,cust_021,Kalyani Engineering,2026-04-14,2026-05-14,18109313,overdue
INV-2026-01283,cust_033,Nirmal Water Systems,2026-05-13,2026-06-12,3372195,overdue
INV-2026-01284,cust_003,Meenakshi Traders,2026-05-30,2026-06-29,6360704,overdue
INV-2026-01285,cust_010,Greenleaf Organics,2026-05-17,2026-06-16,4553273,overdue
INV-2026-01286,cust_039,Indus Valley Handicrafts,2026-04-15,2026-05-15,19906947,overdue
INV-2026-01287,cust_023,Surya Solar Solutions,2026-05-22,2026-06-21,14210474,overdue
INV-2026-01288,cust_005,Bluewave Logistics LLP,2026-04-13,2026-05-13,8796782,overdue
INV-2026-01289,cust_025,Lotus Hospitality Services,2026-04-03,2026-05-03,13473765,overdue
INV-2026-01290,cust_030,Vertex Lab Equipment,2026-06-12,2026-07-12,14322154,open
INV-2026-01291,cust_010,Greenleaf Organics,2026-04-17,2026-05-17,2417535,overdue
INV-2026-01292,cust_018,Sagar Chemicals,2026-03-19,2026-04-18,6513503,overdue
INV-2026-01293,cust_024,Bharat Tyre Traders,2026-03-29,2026-04-28,17210657,overdue
INV-2026-01294,cust_039,Indus Valley Handicrafts,2026-05-28,2026-06-27,5200317,overdue
INV-2026-01295,cust_021,Kalyani Engineering,2026-04-24,2026-05-24,919390,overdue
INV-2026-01296,cust_039,Indus Valley Handicrafts,2026-05-28,2026-06-27,9113898,overdue
INV-2026-01297,cust_008,Orchid Pharma Distributors,2026-04-20,2026-05-20,18450203,overdue
INV-2026-01298,cust_027,Everest Cold Storage,2026-06-12,2026-07-12,3035477,open
INV-2026-01299,cust_024,Bharat Tyre Traders,2026-04-25,2026-05-25,9218849,overdue
INV-2026-01300,cust_010,Greenleaf Organics,2026-05-25,2026-06-24,380958,overdue
INV-2026-01301,cust_007,Nandini Dairy Products,2026-05-06,2026-06-05,12754793,overdue
INV-2026-01302,cust_007,Nandini Dairy Products,2026-06-10,2026-07-10,17715592,open
INV-2026-01303,cust_020,Zenith Office Supplies,2026-03-22,2026-04-21,16478874,overdue
INV-2026-01304,cust_007,Nandini Dairy Products,2026-04-13,2026-05-13,19248439,overdue
INV-2026-01305,cust_019,Anand Furniture House,2026-04-13,2026-05-13,3374108,overdue
INV-2026-01306,cust_004,Kaveri Agro Foods,2026-05-30,2026-06-29,13121576,overdue
INV-2026-01307,cust_012,Priya Garments,2026-04-22,2026-05-22,17890292,overdue
INV-2026-01308,cust_036,Konark Ceramics,2026-04-03,2026-05-03,16050829,overdue
INV-2026-01309,cust_038,Maple Leaf Stationers,2026-06-06,2026-07-06,368682,open
INV-2026-01310,cust_033,Nirmal Water Systems,2026-05-21,2026-06-20,4290218,overdue
INV-2026-01311,cust_010,Greenleaf Organics,2026-04-25,2026-05-25,9021445,overdue
INV-2026-01312,cust_004,Kaveri Agro Foods,2026-03-30,2026-04-29,8408799,overdue
INV-2026-01313,cust_039,Indus Valley Handicrafts,2026-04-16,2026-05-16,15410769,overdue
INV-2026-01314,cust_012,Priya Garments,2026-04-24,2026-05-24,15775815,overdue
INV-2026-01315,cust_033,Nirmal Water Systems,2026-05-17,2026-06-16,14403414,overdue
INV-2026-01316,cust_034,Ashoka Timber Depot,2026-05-23,2026-06-22,2967298,overdue
INV-2026-01317,cust_020,Zenith Office Supplies,2026-04-15,2026-05-15,10543709,overdue
INV-2026-01318,cust_006,Sharma Hardware Stores,2026-04-08,2026-05-08,2623397,overdue
INV-2026-01319,cust_016,Ratna Jewellers,2026-06-14,2026-07-14,19354425,open
INV-2026-01320,cust_004,Kaveri Agro Foods,2026-05-28,2026-06-27,9641563,overdue
INV-2026-01321,cust_036,Konark Ceramics,2026-04-03,2026-05-03,408853,overdue
INV-2026-01322,cust_028,Pinnacle Interiors,2026-03-20,2026-04-19,4627776,overdue
INV-2026-01323,cust_031,Chandra Printing Press,2026-04-12,2026-05-12,17914693,overdue
INV-2026-01324,cust_008,Orchid Pharma Distributors,2026-05-10,2026-06-09,6431516,overdue
INV-2026-01325,cust_001,Rajesh Textiles Pvt Ltd,2026-04-15,2026-05-15,17978965,overdue
INV-2026-01326,cust_023,Surya Solar Solutions,2026-05-07,2026-06-06,17770478,overdue
INV-2026-01327,cust_039,Indus Valley Handicrafts,2026-06-06,2026-07-06,15104264,open
INV-2026-01328,cust_011,Deccan Steel Works,2026-03-12,2026-04-11,17616295,overdue
INV-2026-01329,cust_015,Infinite Loop Software,2026-06-06,2026-07-06,12366185,open
INV-2026-01330,cust_009,Vishal Auto Components,2026-04-15,2026-05-15,1758140,overdue
INV-2026-01331,cust_028,Pinnacle Interiors,2026-04-16,2026-05-16,5770492,overdue
INV-2026-01332,cust_024,Bharat Tyre Traders,2026-06-06,2026-07-06,8430730,open
INV-2026-01333,cust_035,Silverline Cosmetics,2026-06-06,2026-07-06,10088747,open
INV-2026-01334,cust_031,Chandra Printing Press,2026-05-16,2026-06-15,7199306,overdue
INV-2026-01335,cust_001,Rajesh Textiles Pvt Ltd,2026-03-24,2026-04-23,13257745,overdue
INV-2026-01336,cust_014,Ganesh Cement Agencies,2026-05-02,2026-06-01,17348283,overdue
INV-2026-01337,cust_003,Meenakshi Traders,2026-04-13,2026-05-13,16433503,overdue
INV-2026-01338,cust_004,Kaveri Agro Foods,2026-05-16,2026-06-15,15496912,overdue
INV-2026-01339,cust_022,Trident Paper Mills,2026-05-12,2026-06-11,3645829,overdue
INV-2026-01340,cust_001,Rajesh Textiles Pvt Ltd,2026-04-24,2026-05-24,6296416,overdue
INV-2026-01341,cust_026,Mahalaxmi Provisions,2026-05-16,2026-06-15,3450331,overdue
INV-2026-01342,cust_028,Pinnacle Interiors,2026-04-23,2026-05-23,2893529,overdue
INV-2026-01343,cust_034,Ashoka Timber Depot,2026-04-22,2026-05-22,13831444,overdue
INV-2026-01344,cust_008,Orchid Pharma Distributors,2026-04-29,2026-05-29,5272089,overdue
INV-2026-01345,cust_017,Himalaya Packaging,2026-05-18,2026-06-17,13316040,overdue
INV-2026-01346,cust_024,Bharat Tyre Traders,2026-05-12,2026-06-11,14422754,overdue
INV-2026-01347,cust_012,Priya Garments,2026-03-29,2026-04-28,9092304,overdue
INV-2026-01348,cust_007,Nandini Dairy Products,2026-04-14,2026-05-14,14792364,overdue
INV-2026-01349,cust_011,Deccan Steel Works,2026-06-02,2026-07-02,14611286,open
INV-2026-01350,cust_001,Rajesh Textiles Pvt Ltd,2026-04-24,2026-05-24,6709367,overdue
INV-2026-01351,cust_008,Orchid Pharma Distributors,2026-05-28,2026-06-27,1400777,overdue
INV-2026-01352,cust_009,Vishal Auto Components,2026-04-28,2026-05-28,11163681,overdue
INV-2026-01353,cust_003,Meenakshi Traders,2026-05-20,2026-06-19,6727060,overdue
INV-2026-01354,cust_031,Chandra Printing Press,2026-03-29,2026-04-28,4036008,overdue
INV-2026-01355,cust_027,Everest Cold Storage,2026-04-12,2026-05-12,16678489,overdue
INV-2026-01356,cust_009,Vishal Auto Components,2026-04-26,2026-05-26,13467612,overdue
INV-2026-01357,cust_033,Nirmal Water Systems,2026-05-08,2026-06-07,3732021,overdue
INV-2026-01358,cust_007,Nandini Dairy Products,2026-06-24,2026-07-24,5269123,open
INV-2026-01359,cust_023,Surya Solar Solutions,2026-04-27,2026-05-27,7985788,overdue
INV-2026-01360,cust_004,Kaveri Agro Foods,2026-03-26,2026-04-25,14467166,overdue
INV-2026-01361,cust_039,Indus Valley Handicrafts,2026-06-16,2026-07-16,16162603,open
INV-2026-01362,cust_019,Anand Furniture House,2026-05-10,2026-06-09,2822095,overdue
INV-2026-01363,cust_028,Pinnacle Interiors,2026-05-11,2026-06-10,5166907,overdue
INV-2026-01364,cust_033,Nirmal Water Systems,2026-05-31,2026-06-30,9483453,open
INV-2026-01365,cust_008,Orchid Pharma Distributors,2026-05-06,2026-06-05,8349835,overdue
INV-2026-01366,cust_028,Pinnacle Interiors,2026-05-21,2026-06-20,3508283,overdue
INV-2026-01367,cust_033,Nirmal Water Systems,2026-04-08,2026-05-08,6380680,overdue
INV-2026-01368,cust_038,Maple Leaf Stationers,2026-03-22,2026-04-21,5040419,overdue
INV-2026-01369,cust_015,Infinite Loop Software,2026-06-11,2026-07-11,13514828,open
INV-2026-01370,cust_003,Meenakshi Traders,2026-05-20,2026-06-19,4955964,overdue
INV-2026-01371,cust_028,Pinnacle Interiors,2026-06-09,2026-07-09,6748924,open
INV-2026-01372,cust_006,Sharma Hardware Stores,2026-06-12,2026-07-12,13716625,open
INV-2026-01373,cust_034,Ashoka Timber Depot,2026-04-30,2026-05-30,7815423,overdue
INV-2026-01374,cust_015,Infinite Loop Software,2026-05-05,2026-06-04,16129124,overdue
INV-2026-01375,cust_004,Kaveri Agro Foods,2026-04-13,2026-05-13,1783270,overdue
INV-2026-01376,cust_020,Zenith Office Supplies,2026-06-08,2026-07-08,12249591,open
INV-2026-01377,cust_018,Sagar Chemicals,2026-04-25,2026-05-25,14078242,overdue
INV-2026-01378,cust_016,Ratna Jewellers,2026-05-20,2026-06-19,6148572,overdue
INV-2026-01379,cust_003,Meenakshi Traders,2026-06-29,2026-07-29,10842434,open
INV-2026-01380,cust_014,Ganesh Cement Agencies,2026-05-10,2026-06-09,9450587,overdue
INV-2026-01381,cust_039,Indus Valley Handicrafts,2026-06-05,2026-07-05,6252201,open
INV-2026-01382,cust_017,Himalaya Packaging,2026-04-18,2026-05-18,11266647,overdue
INV-2026-01383,cust_020,Zenith Office Supplies,2026-06-13,2026-07-13,508406,open
INV-2026-01384,cust_036,Konark Ceramics,2026-06-04,2026-07-04,12148678,open
INV-2026-01385,cust_024,Bharat Tyre Traders,2026-03-31,2026-04-30,12518568,overdue
INV-2026-01386,cust_016,Ratna Jewellers,2026-03-31,2026-04-30,7097548,overdue
INV-2026-01387,cust_038,Maple Leaf Stationers,2026-05-10,2026-06-09,3619034,overdue
INV-2026-01388,cust_009,Vishal Auto Components,2026-03-19,2026-04-18,4088421,overdue
INV-2026-01389,cust_003,Meenakshi Traders,2026-03-27,2026-04-26,6439891,overdue
INV-2026-01390,cust_013,Coastal Marine Exports,2026-03-18,2026-04-17,3359722,overdue
INV-2026-01391,cust_005,Bluewave Logistics LLP,2026-04-03,2026-05-03,11555746,overdue
INV-2026-01392,cust_020,Zenith Office Supplies,2026-04-07,2026-05-07,6827965,overdue
INV-2026-01393,cust_035,Silverline Cosmetics,2026-06-10,2026-07-10,4339328,open
INV-2026-01394,cust_013,Coastal Marine Exports,2026-04-21,2026-05-21,8523349,overdue
INV-2026-01395,cust_036,Konark Ceramics,2026-05-06,2026-06-05,15098566,overdue
INV-2026-01396,cust_008,Orchid Pharma Distributors,2026-05-04,2026-06-03,16250771,overdue
INV-2026-01397,cust_027,Everest Cold Storage,2026-04-08,2026-05-08,783999,overdue
INV-2026-01398,cust_011,Deccan Steel Works,2026-04-07,2026-05-07,4376315,overdue
INV-2026-01399,cust_019,Anand Furniture House,2026-06-07,2026-07-07,2089887,open
INV-2026-01400,cust_013,Coastal Marine Exports,2026-04-26,2026-05-26,17916723,overdue
INV-2026-01401,cust_033,Nirmal Water Systems,2026-06-16,2026-07-16,14738282,open
INV-2026-01402,cust_033,Nirmal Water Systems,2026-04-25,2026-05-25,13144513,overdue
INV-2026-01403,cust_026,Mahalaxmi Provisions,2026-04-06,2026-05-06,6993237,overdue
INV-2026-01404,cust_012,Priya Garments,2026-06-25,2026-07-25,19239711,open
INV-2026-01405,cust_014,Ganesh Cement Agencies,2026-03-25,2026-04-24,347336,overdue
INV-2026-01406,cust_033,Nirmal Water Systems,2026-04-17,2026-05-17,17668533,overdue
INV-2026-01407,cust_017,Himalaya Packaging,2026-05-16,2026-06-15,9994315,overdue
INV-2026-01408,cust_018,Sagar Chemicals,2026-04-18,2026-05-18,5791468,overdue
