payment_id,invoice_ref,customer_name,captured_at,settled_at,utr,gross_amount_paise,fee_paise,gst_on_fee_paise,net_amount_paise,type
pay_000001,INV-2026-00001,Kaveri Agro Foods,2026-06-21,2026-06-22,ICICN00000000001,7540656,150813,27146,7362697,payment
pay_000002,INV-2026-00002,Maple Leaf Stationers,2026-06-21,2026-06-22,ICICN00000000001,19697509,393950,70911,19232648,payment
pay_000003,"INV-2026-00003,INV-2026-0000",Infinite Loop Software,2026-06-21,2026-06-22,ICICN00000000001,32306379,646128,116303,,payment
pay_000004,INV-2026-00005,Konark Ceramics,2026-06-21,2026-06-22,ICICN00000000001,3507975,70160,12629,3425186,payment
pay_000005,INV-2026-00006,Coastal Marine Exports,2026-06-21,2026-06-22,ICICN00000000001,2156848,43137,7765,2105946,payment
pay_000006,INV-2026-00007,Prakash Lighting Co,2026-06-21,2026-06-22,ICICN00000000001,17891570,357831,64410,17469329,payment
pay_000007,INV-2026-00008,Kalyani Engineering,2026-06-21,2026-06-22,ICICN00000000001,12182690,243654,43858,11895178,payment
pay_000008,INV-2026-00009,Konark Ceramics,2026-04-28,2026-04-29,SBINN00000000002,11462612,229252,41265,11192095,payment
pay_000009,INV-2O26-00010,Indus Valley Handicrafts,2026-04-28,2026-04-29,SBINN00000000002,15357710,307154,55288,14995268,payment
pay_000010,"INV-2026-00011,INV-2026-00012",Aakash Sports Goods,2026-05-01,2026-05-02,UTIBN00000000003,21526670,430533,77496,21018641,payment
pay_000011,"INV-2026-00013,INV-2026-00014",Aakash Sports Goods,2026-05-01,2026-05-02,UTIBN00000000003,23130622,462612,83270,22584740,payment
pay_000012,INV-2026-00015,Lotus Hospitality Services,2026-05-01,2026-05-02,SBINN00000000004,2834504,56690,10204,2767610,payment
pay_000013,INV-2026-00016,Infinite Loop Software,2026-05-01,2026-05-02,SBINN00000000004,16322648,326453,58762,15937433,payment
pay_000014,INV-2O26-00017,Mahalaxmi Provisions,2026-06-22,2026-06-24,SBINN00000000005,13486625,269733,48552,13168340,payment
pay_000015,INV-2026-00018,Ganesh Cement Agencies,2026-06-22,2026-06-24,SBINN00000000005,11460307,229206,41257,11189844,payment
pay_000016,"INV202600019,INV202600020",Nandini Dairy Products,2026-06-22,2026-06-24,SBINN00000000005,4360246,87205,15697,4257344,payment
pay_000017,INV-2026-00021,Prakash Lighting Co,2026-06-22,2026-06-24,SBINN00000000005,8514365,170287,30652,8313426,payment
pay_000018,INV-2026-00022,Indus Valley Handicrafts,2026-06-22,2026-06-24,SBINN00000000005,3920621,78412,14114,3828095,payment
pay_000019,INV-2026-00023,Vertex Lab Equipment,2026-06-22,2026-06-24,SBINN00000000005,2931811,58636,10554,2862621,payment
pay_000020,INV-2026-00024,Trident Paper Mills,2026-06-22,2026-06-24,SBINN00000000005,5466980,109340,19681,5337959,payment
pay_000021,INV-2026-00025,Prakash Lighting Co,2026-05-31,2026-06-02,KKBKN00000000006,6598014,131960,23753,6442301,payment
pay_000022,INV-2026-00026,Mahalaxmi Provisions,2026-05-31,2026-06-02,KKBKN00000000006,6758134,135163,24329,6598642,payment
pay_000023,INV-2026-00027,Surya Solar Solutions,2026-05-31,2026-06-02,KKBKN00000000006,9425730,188515,33933,9203282,payment
pay_000024,INV-2026-00028,Coastal Marine Exports,2026-05-31,2026-06-02,KKBKN00000000006,15056470,301129,54203,14701138,payment
pay_000025,INV-2026-00029,Lotus Hospitality Services,2026-04-07,2026-04-08,UTIBN00000000007,6738049,134761,24257,6579031,payment
pay_000026,00030,Priya Garments,2026-04-07,2026-04-08,UTIBN00000000007,11207425,224149,40347,10942929,payment
pay_000027,"INV-2026-00031,INV-2026-00032,INV-2026-00033",Sunrise Electronics,2026-04-30,2026-05-01,UTIBN00000000008,14807521,296150,53307,14458064,payment
pay_000028,"INV-2026-00034,INV-2026-00035",Ganesh Cement Agencies,2026-04-30,2026-05-01,UTIBN00000000008,36593769,731875,131738,35730156,payment
pay_000029,INV-2026-00036,Silverline Cosmetics,2026-04-30,2026-05-01,UTIBN00000000008,2093616,41872,7537,2044207,payment
pay_000030,INV-2026-00036,Silverline Cosmetics,2026-04-30,2026-05-01,UTIBN00000000008,11881021,0,0,-11881021,refund
pay_000031,INV-2026-00037,Prakash Lighting Co,2026-06-10,2026-06-11,ICICN00000000009,2122163,42443,7640,2072080,payment
pay_000032,INV-2026-00038,Ashoka Timber Depot,2026-06-10,2026-06-11,ICICN00000000009,3610441,72209,12998,3525234,payment
pay_000033,INV-2026-00039,Kaveri Agro Foods,2026-06-10,2026-06-11,ICICN00000000009,1465959,29319,5277,1431363,payment
pay_000034,INV-2026-00040,Nirmal Water Systems,2026-06-10,2026-06-11,ICICN00000000009,2176305,43526,7835,2124944,payment
pay_000035,INV-2026-00041,Prakash Lighting Co,2026-06-10,2026-06-11,ICICN00000000009,17235287,344706,62047,16828534,payment
pay_000036,INV-2026-00042,Sagar Chemicals,2026-06-10,2026-06-11,ICICN00000000009,16090237,321805,57925,15710507,payment
pay_000037,INV-2026-00043,Ratna Jewellers,2026-06-10,2026-06-11,ICICN00000000009,18824167,376483,67767,18379917,payment
pay_000038,INV-2026-00044,Coastal Marine Exports,2026-06-10,2026-06-11,ICICN00000000009,14030019,280600,50508,13698911,payment
pay_000039,INV-2026-00045,Mahalaxmi Provisions,2026-06-12,2026-06-13,SBINN00000000010,7556534,151131,27204,7378199,payment
pay_000040,INV-2026-00046,Pinnacle Interiors,2026-06-12,2026-06-13,SBINN00000000010,11428849,228577,41144,11159128,payment
pay_000041,INV-2026-00047,Lotus Hospitality Services,2026-04-19,2026-04-21,SBINN00000000011,9963794,199276,35870,9728648,payment
pay_000042,INV-2026-00048,Orchid Pharma Distributors,2026-04-19,2026-04-21,HDFCN00000000012,9963794,199276,35870,,payment
pay_000043,INV-2026-00049,Himalaya Packaging,2026-06-06,2026-06-07,UTIBN00000000013,17323238,346465,62364,16914409,payment
pay_000044,"INV-2026-00050,INV-2026-00051",Kalyani Engineering,2026-06-06,2026-06-07,UTIBN00000000013,8681817,173636,31254,8476927,payment
pay_000045,REF INV-2026-00052 - THANKS,Sunrise Electronics,2026-06-06,2026-06-07,UTIBN00000000013,8792670,175853,31654,8585163,payment
pay_000046,"INV-2026-00053,INV-2026-00054",Infinite Loop Software,2026-06-06,2026-06-07,UTIBN00000000013,19045182,380904,68563,18595715,payment
pay_000047,INV-2026-00055,Sagar Chemicals,2026-06-06,2026-06-07,UTIBN00000000013,17730334,354607,63829,17311898,payment
pay_000048,INV-2026-00056,Orchid Pharma Distributors,2026-06-06,2026-06-07,UTIBN00000000013,1740462,34809,6266,1699387,payment
pay_000049,INV-2026-00057,Zenith Office Supplies,2026-06-06,2026-06-07,UTIBN00000000013,6957902,139158,25048,,payment
pay_000050,INV-2026-00058,Priya Garments,2026-06-06,2026-06-07,HDFCN00000000014,80271605,1605432,288978,78377195,payment
pay_000051,INV-2026-00509,Mahalaxmi Provisions,2026-05-31,2026-06-01,UTIBN00000000015,4405988,88120,15862,4302006,payment
pay_000052,INV-2026-00060,Himalaya Packaging,2026-05-31,2026-06-01,UTIBN00000000015,2884841,57697,10385,2816759,payment
pay_000053,INV-2026-00061,Lotus Hospitality Services,2026-05-31,2026-06-01,UTIBN00000000015,9510111,190202,34236,9285673,payment
pay_000054,INV-2026-00062,Chandra Printing Press,2026-06-28,2026-06-30,UTIBN00000000016,6793771,135875,24458,6633438,payment
pay_000055,"INV-2026-00063,INV-2026-00064",Rajesh Textiles Pvt Ltd,2026-06-28,2026-06-30,UTIBN00000000016,14903481,298070,53653,14551758,payment
pay_000056,INV-2026-00065,Nirmal Water Systems,2026-06-10,2026-06-11,UTIBN00000000017,17013142,340263,61247,16611632,payment
pay_000057,INV-2026-00066,Sagarika Seafoods,2026-04-09,2026-04-10,UTIBN00000000018,682188,13644,2456,666088,payment
pay_000058,INV-2026-00067,Ratna Jewellers,2026-04-09,2026-04-10,UTIBN00000000018,15382648,307653,55378,15019617,payment
pay_000059,00068,Nirmal Water Systems,2026-04-09,2026-04-10,UTIBN00000000018,17699300,353986,63717,17281597,payment
pay_000060,INV-2026-00069,Chandra Printing Press,2026-04-09,2026-04-10,UTIBN00000000018,8960655,179213,32258,8749184,payment
pay_000061,INV-2026-00070,Ganesh Cement Agencies,2026-04-09,2026-04-10,UTIBN00000000018,15496449,309929,55787,15130733,payment
pay_000062,"INV-2026-00071,INV-2026-00072,INV-2026-00073",Lotus Hospitality Services,2026-04-09,2026-04-10,UTIBN00000000018,13318861,266377,47948,13004536,payment
pay_000063,INV-2026-00074,Zenith Office Supplies,2026-04-09,2026-04-10,UTIBN00000000018,468397,9368,1686,,payment
pay_000064,INV-2026-00075,Ashoka Timber Depot,2026-04-09,2026-04-10,SBINN00000000019,15697745,313955,56512,15327278,payment
pay_000065,INV-2026-00076,Konark Ceramics,2026-04-09,2026-04-10,SBINN00000000019,4858595,97172,17491,4743932,payment
pay_000066,INV-2026-00076,Konark Ceramics,2026-04-09,2026-04-10,SBINN00000000019,11060811,221216,39819,10799776,payment
pay_000067,1NV-2026-00077,Bharat Tyre Traders,2026-06-12,2026-06-14,KKBKN00000000020,13273148,265463,47783,12959902,payment
pay_000068,INV-2026-00078,Aakash Sports Goods,2026-06-12,2026-06-14,KKBKN00000000020,10181795,203636,36654,9941505,payment
pay_000069,"REF INV-2026-00079,INV-2026-00080 - THANKS",Maple Leaf Stationers,2026-05-12,2026-05-14,HDFCN00000000021,18749316,374986,67497,18306833,payment
pay_000070,INV-2026-00081,Anand Furniture House,2026-05-12,2026-05-14,HDFCN00000000021,8415949,168319,30297,8217333,payment
pay_000071,INV-2026-00082,Pinnacle Interiors,2026-05-12,2026-05-14,HDFCN00000000021,12577523,251550,45279,12280694,payment
pay_000072,INV-2026-00083,Pinnacle Interiors,2026-05-12,2026-05-14,HDFCN00000000021,13473170,269463,48503,13155204,payment
pay_000073,00084,Konark Ceramics,2026-05-12,2026-05-14,HDFCN00000000021,2753712,55074,9913,2688725,payment
pay_000074,INV-2026-00085,Everest Cold Storage,2026-05-12,2026-05-14,HDFCN00000000021,4699722,93994,16919,4588809,payment
pay_000075,INV-2026-00086,Anand Furniture House,2026-05-12,2026-05-14,HDFCN00000000021,4321859,86437,15559,4219863,payment
pay_000076,INV-2026-00087,Trident Paper Mills,2026-04-26,2026-04-27,SBINN00000000022,14391936,287839,51811,14052286,payment
pay_000077,INV-2026-00088,Coastal Marine Exports,2026-04-26,2026-04-27,SBINN00000000022,11524113,230482,41487,11252144,payment
pay_000078,INV-2026-00089,Kalyani Engineering,2026-04-26,2026-04-27,SBINN00000000022,19163199,383264,68988,18710947,payment
pay_000079,INV-2026-00090,Sunrise Electronics,2026-04-26,2026-04-27,SBINN00000000022,12895907,257918,46425,12591564,payment
pay_000080,INV-2026-00091,Ashoka Timber Depot,2026-04-26,2026-04-27,SBINN00000000022,11398212,227964,41034,11129214,payment
pay_000081,INV-2026-00092,Aakash Sports Goods,2026-04-26,2026-04-27,SBINN00000000022,4273623,85472,15385,4172766,payment
pay_000082,INV-2026-00093,Ashoka Timber Depot,2026-04-26,2026-04-27,SBINN00000000022,3157078,63142,11366,3082570,payment
pay_000083,INV-2026-00094,Ratna Jewellers,2026-04-26,2026-04-27,SBINN00000000022,15010525,300211,54038,14656276,payment
pay_000084,"INV-2026-00095,INV-2026-00096,INV-2026-00097",Rajesh Textiles Pvt Ltd,2026-06-24,2026-06-26,SBINN00000000023,24053331,481067,86592,23485672,payment
pay_000085,PAYMENT FOR INV-2026-00098,Nandini Dairy Products,2026-06-24,2026-06-26,SBINN00000000023,15395282,307906,55423,15031953,payment
pay_000086,"INV-2026-00099,INV-2026-00100",Meenakshi Traders,2026-06-24,2026-06-26,SBINN00000000023,29398540,587971,105835,28704734,payment
pay_000087,INV-2026-0010,Himalaya Packaging,2026-06-24,2026-06-26,SBINN00000000023,3812548,76251,13725,3722572,payment
pay_000088,INV-2026-00102,Ashoka Timber Depot,2026-06-24,2026-06-26,SBINN00000000023,13071869,261437,47059,12763373,payment
pay_000089,"INV-2026-00103,INV-2026-00104,INV-2026-00105",Indus Valley Handicrafts,2026-06-24,2026-06-26,SBINN00000000023,34355563,687111,123680,33544772,payment
pay_000090,INV-2026-00106,Ratna Jewellers,2026-06-24,2026-06-26,SBINN00000000023,13868055,277361,49925,13540769,payment
pay_000091,"INV-2026-00107,INV-2026-00108",Zenith Office Supplies,2026-06-24,2026-06-26,SBINN00000000023,22825477,456510,82172,22286795,payment
pay_000092,INV-2026-00109,Bharat Tyre Traders,2026-06-24,2026-06-26,HDFCN00000000024,156780663,3135613,564410,153080640,payment
pay_000093,INV-2026-00110,Himalaya Packaging,2026-06-04,2026-06-06,ICICN00000000025,3707703,74154,13348,3620201,payment
pay_000094,INV-2026-00111,Aakash Sports Goods,2026-06-04,2026-06-06,ICICN00000000025,16325669,326513,58772,15940384,payment
pay_000095,1NV-2026-00112,Kaveri Agro Foods,2026-06-04,2026-06-06,ICICN00000000025,13252326,265047,47708,12939571,payment
pay_000096,INV-2026-00113,Indus Valley Handicrafts,2026-06-04,2026-06-06,ICICN00000000025,824955,16499,2970,,payment
pay_000097,INV-2026-00113,Indus Valley Handicrafts,2026-06-04,2026-06-06,ICICN00000000025,1242849,24857,4474,1213518,payment
pay_000098,"INV-2026-00114,INV-2026-00115",Nandini Dairy Products,2026-05-12,2026-05-14,UTIBN00000000026,16044231,320885,57759,15665587,payment
pay_000099,INV-2026-00116,Ganesh Cement Agencies,2026-05-12,2026-05-14,UTIBN00000000026,10408226,208165,37470,10162591,payment
pay_000100,"INV-2026-00117,INV-2026-00118,INV-2026-00119",Pinnacle Interiors,2026-05-12,2026-05-14,UTIBN00000000026,31364716,627294,112913,30624509,payment
pay_000101,INV-2026-00120,Himalaya Packaging,2026-05-13,2026-05-15,UTIBN00000000027,10669428,213389,38410,10417629,payment
pay_000102,"INV-2026-00121,INV-2026-00122,INV-2026-00123",Priya Garments,2026-05-05,2026-05-06,SBINN00000000028,23873200,477464,85944,,payment
pay_000103,"1NV-2026-00124,INV-2026-00125",Indus Valley Handicrafts,2026-05-05,2026-05-06,SBINN00000000028,19148654,382973,68935,18696746,payment
pay_000104,INV-2026-00126,Chandra Printing Press,2026-05-05,2026-05-06,SBINN00000000028,5441941,108839,19591,5313511,payment
pay_000105,INV-2026-00127,Nandini Dairy Products,2026-05-05,2026-05-06,SBINN00000000028,2871343,57427,10337,2803579,payment
pay_000106,INV-2026-00128,Everest Cold Storage,2026-05-05,2026-05-06,SBINN00000000028,15047593,300952,54171,14692470,payment
pay_000107,INV-2026-00129,Vishal Auto Components,2026-05-05,2026-05-06,SBINN00000000028,7933053,158661,28559,7745833,payment
pay_000108,INV-2026-00130,Orchid Pharma Distributors,2026-05-05,2026-05-06,SBINN00000000028,9907693,198154,35668,9673871,payment
pay_000109,INV-2026-00131,Sagar Chemicals,2026-05-05,2026-05-06,SBINN00000000028,8785394,175708,31627,8578059,payment
pay_000110,INV-2026-00132,Rajesh Textiles Pvt Ltd,2026-06-17,2026-06-18,SBINN00000000029,15092356,301847,54332,14736177,payment
pay_000111,INV-2026-00133,Meenakshi Traders,2026-06-17,2026-06-18,SBINN00000000029,4050246,81005,14581,3954660,payment
pay_000112,INV-2026-00134,Ganesh Cement Agencies,2026-05-13,2026-05-14,UTIBN00000000030,6876373,137527,24755,6714091,payment
pay_000113,INV-2026-00135,Sagar Chemicals,2026-04-22,2026-04-23,HDFCN00000000031,10371201,207424,37336,10126441,payment
pay_000114,INV-2026-00136,Kaveri Agro Foods,2026-04-22,2026-04-23,HDFCN00000000031,12035029,240701,43326,,payment
pay_000115,INV-2026-00137,Sunrise Electronics,2026-04-22,2026-04-23,HDFCN00000000031,12256477,245130,44123,11967224,payment
pay_000116,INV-2026-00138,Mahalaxmi Provisions,2026-04-22,2026-04-23,HDFCN00000000031,247185,4944,890,241351,payment
pay_000117,INV-2026-00139,Deccan Steel Works,2026-04-22,2026-04-23,HDFCN00000000031,13680403,273608,49249,13357546,payment
pay_000118,#INV-2026-00140,Bharat Tyre Traders,2026-04-22,2026-04-23,HDFCN00000000031,4411240,88225,15881,4307134,payment
pay_000119,INV-2026-00141,Greenleaf Organics,2026-04-22,2026-04-23,HDFCN00000000031,3037388,60748,10935,2965705,payment
pay_000120,INV-2026-00142,Indus Valley Handicrafts,2026-06-23,2026-06-25,SBINN00000000032,2945560,58911,10604,2876045,payment
pay_000121,#INV-2026-00143,Greenleaf Organics,2026-06-08,2026-06-10,SBINN00000000033,6512439,130249,23445,6358745,payment
pay_000122,INV-2026-00144,Meenakshi Traders,2026-06-08,2026-06-10,SBINN00000000033,4000397,80008,14401,3905988,payment
pay_000123,INV-2026-00145,Prakash Lighting Co,2026-04-28,2026-04-29,SBINN00000000034,6075336,121507,21871,5931958,payment
pay_000124,INV- 2026-00146,Mahalaxmi Provisions,2026-04-28,2026-04-29,SBINN00000000034,6129359,122587,22066,5984706,payment
pay_000125,INV-2026-00146,Mahalaxmi Provisions,2026-04-28,2026-04-29,SBINN00000000034,5952423,119048,21429,5811946,payment
pay_000126,"PAYMENT FOR INV-2026-00147,INV-2026-00148",Meenakshi Traders,2026-04-28,2026-04-29,SBINN00000000034,27789371,555787,100042,27133542,payment
pay_000127,INV-2O26-00149,Nirmal Water Systems,2026-04-28,2026-04-29,SBINN00000000034,4619634,92393,16631,4510610,payment
pay_000128,INV-2026-00150,Prakash Lighting Co,2026-04-28,2026-04-29,SBINN00000000034,6549738,130995,23579,6395164,payment
pay_000129,INV-2026-00151,Aakash Sports Goods,2026-04-28,2026-04-29,SBINN00000000034,5590223,111804,20125,5458294,payment
pay_000130,"INV-2026-00152,INV-2026-00153",Infinite Loop Software,2026-04-28,2026-04-29,SBINN00000000034,19429357,388587,69946,18970824,payment
pay_000131,INV-2026-00154,Sagar Chemicals,2026-04-28,2026-04-29,SBINN00000000034,4867486,97350,17523,4752613,payment
pay_000132,INV-2026-00155,Sagarika Seafoods,2026-06-15,2026-06-16,KKBKN00000000035,3560088,71202,12816,3476070,payment
pay_000133,INV-2026-00156,Silverline Cosmetics,2026-06-15,2026-06-16,KKBKN00000000035,12514338,250287,45052,12218999,payment
pay_000134,INV-2026-00157,Bharat Tyre Traders,2026-06-15,2026-06-16,KKBKN00000000035,11150774,223015,40143,10887616,payment
pay_000135,INV-2026-00158,Sagarika Seafoods,2026-06-15,2026-06-16,KKBKN00000000035,1670392,33408,6013,1630971,payment
pay_000136,INV-2026-00159,Ashoka Timber Depot,2026-06-15,2026-06-16,KKBKN00000000035,19708545,394171,70951,19243423,payment
pay_000137,INV-2026-00160,Kalyani Engineering,2026-06-15,2026-06-16,KKBKN00000000035,1183910,23678,4262,1155970,payment
pay_000138,PAYMENT FOR INV-2026-00161,Maple Leaf Stationers,2026-04-21,2026-04-23,ICICN00000000036,2260808,45216,8139,2207453,payment
pay_000139,INV-2026-00161,Maple Leaf Stationers,2026-04-21,2026-04-23,ICICN00000000036,13724252,274485,49407,13400360,payment
pay_000140,INV-2026-00162,Greenleaf Organics,2026-04-21,2026-04-23,ICICN00000000036,4905045,98101,17658,4789286,payment
pay_000141,REF INV-2026-00163 - THANKS,Sagar Chemicals,2026-04-21,2026-04-23,ICICN00000000036,435743,8715,1569,425459,payment
pay_000142,INV-2026-00164,Konark Ceramics,2026-04-21,2026-04-23,ICICN00000000036,19460316,389206,70057,,payment
pay_000143,INV-2026-00165,Ashoka Timber Depot,2026-04-21,2026-04-23,ICICN00000000036,5589808,111796,20123,5457889,payment
pay_000144,INV-2026-00166,Bluewave Logistics LLP,2026-04-26,2026-04-27,SBINN00000000037,16086510,321730,57911,15706869,payment
pay_000145,INV-2026-00167,Rajesh Textiles Pvt Ltd,2026-04-26,2026-04-27,SBINN00000000037,15661721,313234,56382,15292105,payment
pay_000146,INV-2026-00168,Priya Garments,2026-04-26,2026-04-27,SBINN00000000037,8822025,176441,31759,8613825,payment
pay_000147,INV-2026-00169,Meenakshi Traders,2026-04-26,2026-04-27,SBINN00000000037,881455,17629,3173,860653,payment
pay_000148,INV-2026-00169,Meenakshi Traders,2026-04-26,2026-04-27,SBINN00000000037,3581178,71624,12892,3496662,payment
pay_000149,INV-2026-00169,Meenakshi Traders,2026-04-26,2026-04-27,SBINN00000000037,4422199,88444,15920,4317835,payment
pay_000150,#INV-2026-00170,Ashoka Timber Depot,2026-04-26,2026-04-27,SBINN00000000037,7331161,146623,26392,7158146,payment
pay_000151,#INV-2026-00170,Ashoka Timber Depot,2026-04-26,2026-04-27,SBINN00000000037,520957,0,0,-520957,refund
pay_000152,INV-2026-00171,Ashoka Timber Depot,2026-04-04,2026-04-06,KKBKN00000000038,14720467,294409,52994,14373064,payment
pay_000153,INV-2026-00172,Infinite Loop Software,2026-04-04,2026-04-06,KKBKN00000000038,7162402,143248,25785,6993369,payment
pay_000154,"INVOICE-2026-00173,INVOICE-2026-00174",Maple Leaf Stationers,2026-04-04,2026-04-06,KKBKN00000000038,4958904,99178,17852,4841874,payment
pay_000155,INV 2026 00175,Deccan Steel Works,2026-04-04,2026-04-06,KKBKN00000000038,1014107,20282,3651,990174,payment
pay_000156,INV-2026-00176,Meenakshi Traders,2026-04-04,2026-04-06,KKBKN00000000038,1616625,32333,5820,1578472,payment
pay_000157,INV-2026-00177,Bharat Tyre Traders,2026-04-04,2026-04-06,KKBKN00000000038,449376,8988,1618,438770,payment
pay_000158,INV-2026-00177,Bharat Tyre Traders,2026-04-04,2026-04-06,KKBKN00000000038,1160676,23214,4179,1133283,payment
pay_000159,REF INV-2026-00177 - THANKS,Bharat Tyre Traders,2026-04-04,2026-04-06,KKBKN00000000038,652809,13056,2350,637403,payment
pay_000160,INV-2026-00178,Sharma Hardware Stores,2026-04-04,2026-04-06,KKBKN00000000038,9692372,193847,34892,9463633,payment
pay_000161,"INV-2026-00179,INV-2026-00180,INV-2026-0018",Vishal Auto Components,2026-04-04,2026-04-06,KKBKN00000000038,30085075,601702,108306,29375067,payment
pay_000162,INV202600182,Rudra Plastics,2026-04-30,2026-05-01,HDFCN00000000039,14681661,293633,52854,14335174,payment
pay_000163,INV-2026-00183,Anand Furniture House,2026-04-30,2026-05-01,HDFCN00000000039,196353,3927,707,191719,payment
pay_000164,INV-2026-00184,Konark Ceramics,2026-06-08,2026-06-09,HDFCN00000000040,11010361,220207,39637,10750517,payment
pay_000165,INV-2026-00185,Mahalaxmi Provisions,2026-06-08,2026-06-09,HDFCN00000000040,2941482,58830,10589,2872063,payment
pay_000166,INV-2026-00186,Sunrise Electronics,2026-06-08,2026-06-09,HDFCN00000000040,8881372,177627,31973,8671772,payment
pay_000167,INV-2026-00187,Silverline Cosmetics,2026-06-08,2026-06-09,HDFCN00000000040,7887495,157750,28395,7701350,payment
pay_000168,INV-2026-00188,Vishal Auto Components,2026-06-08,2026-06-09,HDFCN00000000040,1186962,23739,4273,,payment
pay_000169,INV-2026-00189,Kalyani Engineering,2026-06-08,2026-06-09,HDFCN00000000040,18630296,372606,67069,18190621,payment
pay_000170,INV-2026-00190,Deccan Steel Works,2026-06-08,2026-06-09,HDFCN00000000040,8680632,173613,31250,8475769,payment
pay_000171,INV-2026-00191,Vishal Auto Components,2026-06-08,2026-06-09,HDFCN00000000040,8033955,160679,28922,7844354,payment
pay_000172,INV-2026-00192,Lotus Hospitality Services,2026-06-16,2026-06-17,ICICN00000000041,4989717,99794,17963,4871960,payment
pay_000173,INVOICE-2026-00192,Lotus Hospitality Services,2026-06-16,2026-06-17,ICICN00000000041,2307180,46144,8306,,payment
pay_000174,INV202600192,Lotus Hospitality Services,2026-06-16,2026-06-17,ICICN00000000041,2890074,57801,10404,2821869,payment
pay_000175,INV-2026-00193,Lotus Hospitality Services,2026-06-16,2026-06-17,ICICN00000000041,13438927,268779,48380,13121768,payment
pay_000176,INV-2026-00194,Pinnacle Interiors,2026-06-16,2026-06-17,ICICN00000000041,9989268,199785,35961,9753522,payment
pay_000177,INV202600195,Greenleaf Organics,2026-06-16,2026-06-17,ICICN00000000041,13629927,272599,49068,13308260,payment
pay_000178,INV-2026-00196,Himalaya Packaging,2026-06-13,2026-06-15,SBINN00000000042,14128782,282576,50864,13795342,payment
pay_000179,INV-2026-00197,Mahalaxmi Provisions,2026-06-13,2026-06-15,SBINN00000000042,5299872,105997,19079,5174796,payment
pay_000180,INV-2026-00198,Pinnacle Interiors,2026-06-13,2026-06-15,SBINN00000000042,13785327,275707,49627,13459993,payment
pay_000181,INV-2026-00199,Priya Garments,2026-06-13,2026-06-15,SBINN00000000042,406754,8135,1464,397155,payment
pay_000182,INV-2026-00200,Aakash Sports Goods,2026-06-13,2026-06-15,SBINN00000000042,1329951,26599,4788,1298564,payment
pay_000183,INV-2026-00201,Ganesh Cement Agencies,2026-06-13,2026-06-15,SBINN00000000042,848079,16962,3053,,payment
pay_000184,INV-2026-00201,Ganesh Cement Agencies,2026-06-13,2026-06-15,SBINN00000000042,2072997,41460,7463,2024074,payment
pay_000185,INV-2026-00201,Ganesh Cement Agencies,2026-06-13,2026-06-15,SBINN00000000042,3833486,76670,13801,3743015,payment
pay_000186,INVOICE-2026-00202,Sagar Chemicals,2026-04-12,2026-04-13,UTIBN00000000043,496553,9931,1788,484834,payment
pay_000187,INV-2026-00203,Everest Cold Storage,2026-04-12,2026-04-13,UTIBN00000000043,11865354,237307,42715,11585332,payment
pay_000188,INV-2026-00204,Nandini Dairy Products,2026-04-12,2026-04-13,UTIBN00000000043,13487801,269756,48556,13169489,payment
pay_000189,INV-2026-00205,Ashoka Timber Depot,2026-04-12,2026-04-13,UTIBN00000000043,13202087,264042,47528,12890517,payment
pay_000190,INV-2026-00206,Deccan Steel Works,2026-04-12,2026-04-13,UTIBN00000000043,810322,16206,2917,,payment
pay_000191,INV-2026-00206,Deccan Steel Works,2026-04-12,2026-04-13,UTIBN00000000043,1157571,23151,4167,1130253,payment
pay_000192,INV-2026-00206,Deccan Steel Works,2026-04-12,2026-04-13,UTIBN00000000043,393838,7877,1418,384543,payment
pay_000193,INV-2026-00207,Priya Garments,2026-05-25,2026-05-27,SBINN00000000044,9485898,189718,34149,9262031,payment
pay_000194,INV-2026-00208,Zenith Office Supplies,2026-05-25,2026-05-27,SBINN00000000044,14427848,288557,51940,14087351,payment
pay_000195,INV-2026-00209,Sharma Hardware Stores,2026-05-25,2026-05-27,SBINN00000000044,5175545,103511,18632,5053402,payment
pay_000196,"1NV-2026-00210,INV-2026-00211,INV-2026-00212",Lotus Hospitality Services,2026-05-25,2026-05-27,SBINN00000000044,35986376,719728,129551,35137097,payment
pay_000197,INV-2026-00213,Ganesh Cement Agencies,2026-05-25,2026-05-27,SBINN00000000044,9881193,197624,35572,9647997,payment
pay_000198,INV-2026-00214,Nandini Dairy Products,2026-05-25,2026-05-27,SBINN00000000044,6279832,125597,22607,6131628,payment
pay_000199,INV-2026-00215,Surya Solar Solutions,2026-05-25,2026-05-27,SBINN00000000044,13555132,271103,48799,13235230,payment
pay_000200,INV-2026-00216,Everest Cold Storage,2026-05-04,2026-05-05,HDFCN00000000045,15929359,318587,57346,15553426,payment
pay_000201,INV-2026-00217,Kaveri Agro Foods,2026-05-04,2026-05-05,HDFCN00000000045,16537716,330754,59536,16147426,payment
pay_000202,INV-2026-00218,Deccan Steel Works,2026-05-04,2026-05-05,HDFCN00000000045,271686,5434,978,265274,payment
pay_000203,INV-2026-00219,Kalyani Engineering,2026-05-04,2026-05-05,HDFCN00000000045,16746903,334938,60289,16351676,payment
pay_000204,INV-2026-00220,Vertex Lab Equipment,2026-05-04,2026-05-05,HDFCN00000000045,2579881,51598,9288,2518995,payment
pay_000205,INV-2026-00221,Pinnacle Interiors,2026-06-02,2026-06-04,UTIBN00000000046,9752205,195044,35108,9522053,payment
pay_000206,INV-2026-00222,Aakash Sports Goods,2026-06-02,2026-06-04,UTIBN00000000046,9166670,183333,33000,8950337,payment
pay_000207,INV-2026-00223,Surya Solar Solutions,2026-06-02,2026-06-04,UTIBN00000000046,16565255,331305,59635,16174315,payment
pay_000208,INV-2026-00224,Trident Paper Mills,2026-06-02,2026-06-04,UTIBN00000000046,9839117,196782,35421,9606914,payment
pay_000209,1NV-2026-00224,Trident Paper Mills,2026-06-02,2026-06-04,UTIBN00000000046,251024,5020,904,245100,payment
pay_000210,INV-2026-00225,Mahalaxmi Provisions,2026-06-02,2026-06-04,UTIBN00000000046,18350624,367012,66062,17917550,payment
pay_000211,INV-2026-00226,Mahalaxmi Provisions,2026-06-02,2026-06-04,UTIBN00000000046,1606814,32136,5784,1568894,payment
pay_000212,INV-2026-00227,Priya Garments,2026-04-09,2026-04-10,SBINN00000000047,3425768,68515,12333,,payment
pay_000213,INV-2026-00228,Rajesh Textiles Pvt Ltd,2026-04-09,2026-04-10,SBINN00000000047,10429926,208599,37548,,payment
pay_000214,INV-2026-00229,Meenakshi Traders,2026-04-09,2026-04-10,ICICN00000000048,19052970,381059,68591,18603320,payment
pay_000215,INV-2026-00230,Kaveri Agro Foods,2026-04-09,2026-04-10,ICICN00000000048,1371354,27427,4937,1338990,payment
pay_000216,INV-2026-00231,Chandra Printing Press,2026-05-08,2026-05-09,KKBKN00000000049,571102,11422,2056,,payment
pay_000217,INV-2026-00232,Rajesh Textiles Pvt Ltd,2026-05-08,2026-05-09,KKBKN00000000049,3007463,60149,10827,2936487,payment
pay_000218,1NV-2026-00233,Himalaya Packaging,2026-05-22,2026-05-24,KKBKN00000000050,1122692,22454,4042,1096196,payment
pay_000219,"INV-2026-00234,INV-2026-00235",Prakash Lighting Co,2026-05-22,2026-05-24,KKBKN00000000050,7675787,153516,27633,7494638,payment
pay_000220,INV-2026-00236,Rudra Plastics,2026-05-22,2026-05-24,KKBKN00000000050,5635815,112716,20289,5502810,payment
pay_000221,INV-2026-00237,Orchid Pharma Distributors,2026-05-22,2026-05-24,KKBKN00000000050,5553789,111076,19994,5422719,payment
pay_000222,INV-2026-00238,Everest Cold Storage,2026-05-22,2026-05-24,KKBKN00000000050,15241954,304839,54871,,payment
pay_000223,INV-2026-00239,Rudra Plastics,2026-05-22,2026-05-24,KKBKN00000000050,2084667,41693,7505,2035469,payment
pay_000224,INV-2026-00240,Indus Valley Handicrafts,2026-05-22,2026-05-24,KKBKN00000000050,570113,11402,2052,,payment
pay_000225,INV-2026-00241,Indus Valley Handicrafts,2026-05-22,2026-05-24,KKBKN00000000050,14430149,288603,51949,14089597,payment
pay_000226,INV-2026-00242,Sagar Chemicals,2026-06-24,2026-06-25,UTIBN00000000051,18432731,368655,66358,17997718,payment
pay_000227,INV-2026-00243,Aakash Sports Goods,2026-06-24,2026-06-25,UTIBN00000000051,18168762,363375,65408,17739979,payment
pay_000228,INV-2026-00244,Lotus Hospitality Services,2026-06-24,2026-06-25,UTIBN00000000051,7902818,158056,28450,7716312,payment
pay_000229,INV-2026-00244,Lotus Hospitality Services,2026-06-24,2026-06-25,UTIBN00000000051,3872831,50000,9000,-3931831,chargeback
pay_000230,INV-2026-00245,Nirmal Water Systems,2026-04-23,2026-04-25,UTIBN00000000052,7186814,143736,25872,7017206,payment
pay_000231,INV-2026-00246,Priya Garments,2026-04-23,2026-04-25,UTIBN00000000052,12224412,244488,44008,11935916,payment
pay_000232,INV-2026-00247,Surya Solar Solutions,2026-04-23,2026-04-25,UTIBN00000000052,5049913,100998,18180,4930735,payment
pay_000233,INV-2026-00248,Aakash Sports Goods,2026-04-23,2026-04-25,UTIBN00000000052,12521119,250422,45076,12225621,payment
pay_000234,INV-2026-00249,Sharma Hardware Stores,2026-04-23,2026-04-25,UTIBN00000000052,588451,11769,2118,574564,payment
pay_000235,1NV-2026-00249,Sharma Hardware Stores,2026-04-23,2026-04-25,UTIBN00000000052,480220,9604,1729,468887,payment
pay_000236,INV-2026-00250,Ganesh Cement Agencies,2026-04-23,2026-04-25,UTIBN00000000052,16368041,327361,58925,15981755,payment
pay_000237,INV-2026-00251,Ganesh Cement Agencies,2026-04-23,2026-04-25,UTIBN00000000052,9439351,188787,33982,9216582,payment
pay_000238,INV-2026-00252,Sagarika Seafoods,2026-04-23,2026-04-25,UTIBN00000000052,4442403,88848,15993,4337562,payment
pay_000239,INV-2026-00253,Himalaya Packaging,2026-04-09,2026-04-10,SBINN00000000053,3062625,61253,11026,2990346,payment
pay_000240,INV-2026-00254,Nirmal Water Systems,2026-04-09,2026-04-10,SBINN00000000053,5409596,108192,19475,5281929,payment
pay_000241,INV-2026-00255,Kalyani Engineering,2026-04-29,2026-04-30,HDFCN00000000054,10075820,201516,36273,9838031,payment
pay_000242,INV-2026-00256,Sagarika Seafoods,2026-04-29,2026-04-30,HDFCN00000000054,15844922,316898,57042,15470982,payment
pay_000243,INV-2026-00257,Himalaya Packaging,2026-04-29,2026-04-30,HDFCN00000000054,16200189,324004,58321,15817864,payment
pay_000244,INV-2026-00257,Himalaya Packaging,2026-04-29,2026-04-30,HDFCN00000000054,29630834,50000,9000,-29689834,chargeback
pay_000245,INV-2026-00258,Lotus Hospitality Services,2026-05-12,2026-05-14,ICICN00000000055,2571750,51435,9258,2511057,payment
pay_000246,INV-2026-00259/PART,Trident Paper Mills,2026-05-12,2026-05-14,ICICN00000000055,16073526,321471,57865,15694190,payment
pay_000247,INV-2026-00260,Aakash Sports Goods,2026-05-23,2026-05-24,UTIBN00000000056,2573205,51464,9264,2512477,payment
pay_000248,INVOICE-2026-00260,Aakash Sports Goods,2026-05-23,2026-05-24,UTIBN00000000056,13664671,273293,49193,13342185,payment
pay_000249,INV-2026-00261,Ganesh Cement Agencies,2026-05-23,2026-05-24,UTIBN00000000056,4049322,80986,14577,3953759,payment
pay_000250,INV-2026-00262,Coastal Marine Exports,2026-05-23,2026-05-24,UTIBN00000000056,8825248,176505,31771,8616972,payment
pay_000251,"INV-2026-00263,INV-2026-00264",Ratna Jewellers,2026-05-23,2026-05-24,UTIBN00000000056,15391362,307827,55409,15028126,payment
pay_000252,INV-2026-00265,Sunrise Electronics,2026-05-23,2026-05-24,UTIBN00000000056,11488905,229778,41360,,payment
pay_000253,INV-2026-00266,Indus Valley Handicrafts,2026-06-04,2026-06-05,KKBKN00000000057,9240171,184803,33265,9022103,payment
pay_000254,INV-2026-00267,Vishal Auto Components,2026-06-04,2026-06-05,KKBKN00000000057,6498487,129970,23395,6345122,payment
pay_000255,INV-2026-00268,Priya Garments,2026-04-28,2026-04-30,ICICN00000000058,1280468,25609,4610,1250249,payment
pay_000256,INV-2026-00269,Bharat Tyre Traders,2026-04-28,2026-04-30,ICICN00000000058,12000641,240013,43202,11717426,payment
pay_000257,INV-2026-00270,Sagarika Seafoods,2026-04-28,2026-04-30,ICICN00000000058,4102434,82049,14769,4005616,payment
pay_000258,INV-2026-00271,Ratna Jewellers,2026-04-28,2026-04-30,ICICN00000000058,12847295,256946,46250,12544099,payment
pay_000259,"REF INV-2026-00272,INV-2026-00273,INV-2026-00274 - THANKS",Himalaya Packaging,2026-06-26,2026-06-27,HDFCN00000000059,51944825,1038897,187001,50718927,payment
pay_000260,INV-2026-00275,Nandini Dairy Products,2026-06-26,2026-06-27,HDFCN00000000059,9210798,184216,33159,8993423,payment
pay_000261,INV-2O26-00276,Aakash Sports Goods,2026-06-26,2026-06-27,HDFCN00000000059,9432585,188652,33957,9209976,payment
pay_000262,INV-2026-00277,Mahalaxmi Provisions,2026-06-26,2026-06-27,HDFCN00000000059,19907918,398158,71668,19438092,payment
pay_000263,INV-2026-00278,Mahalaxmi Provisions,2026-05-09,2026-05-11,HDFCN00000000060,14665702,293314,52797,14319591,payment
pay_000264,INV-2026-00279,Rudra Plastics,2026-05-09,2026-05-11,HDFCN00000000060,13491638,269833,48570,13173235,payment
pay_000265,INV-2026-00280,Kaveri Agro Foods,2026-05-09,2026-05-11,HDFCN00000000060,11908802,238176,42872,11627754,payment
pay_000266,INV 2026 00281,Pinnacle Interiors,2026-05-09,2026-05-11,HDFCN00000000060,12278307,245566,44202,11988539,payment
pay_000267,INV-2026-00282,Bluewave Logistics LLP,2026-05-09,2026-05-11,HDFCN00000000060,16987426,339749,61155,16586522,payment
pay_000268,INV-2026-00283,Infinite Loop Software,2026-05-09,2026-05-11,HDFCN00000000060,784633,15693,2825,766115,payment
pay_000269,INV-2026-00283,Infinite Loop Software,2026-05-09,2026-05-11,HDFCN00000000060,12792740,255855,46054,12490831,payment
pay_000270,REF INV-2026-00283 - THANKS,Infinite Loop Software,2026-05-09,2026-05-11,HDFCN00000000060,1697323,33946,6110,1657267,payment
pay_000271,"INV-2026-00284,INV-2026-00285,INV-2026-00286",Orchid Pharma Distributors,2026-06-14,2026-06-16,UTIBN00000000061,27769643,555393,99971,27114279,payment
pay_000272,INV-2026-00287,Nirmal Water Systems,2026-06-14,2026-06-16,UTIBN00000000061,4598936,91979,16556,4490401,payment
pay_000273,#INV-2026-00287,Nirmal Water Systems,2026-06-14,2026-06-16,UTIBN00000000061,238155,4763,857,232535,payment
pay_000274,INV-2026-00287,Nirmal Water Systems,2026-06-14,2026-06-16,UTIBN00000000061,8854263,177085,31875,,payment
pay_000275,INV-2026-00288,Vertex Lab Equipment,2026-06-14,2026-06-16,UTIBN00000000061,7486200,149724,26950,,payment
pay_000276,INV-2026-00288,Vertex Lab Equipment,2026-06-14,2026-06-16,UTIBN00000000061,6760878,0,0,-6760878,refund
pay_000277,INV-2026-00289,Prakash Lighting Co,2026-06-14,2026-06-16,KKBKN00000000062,1088923,21778,3920,1063225,payment
pay_000278,INV-2026-00290,Infinite Loop Software,2026-06-14,2026-06-16,KKBKN00000000062,199382,3988,718,,payment
pay_000279,INV-2026-00290,Infinite Loop Software,2026-06-14,2026-06-16,KKBKN00000000062,6452118,129042,23228,6299848,payment
pay_000280,INV-2026-00290,Infinite Loop Software,2026-06-14,2026-06-16,KKBKN00000000062,6255607,125112,22520,,payment
pay_000281,INV-2026-00291,Surya Solar Solutions,2026-04-05,2026-04-07,HDFCN00000000063,17529483,350590,63106,17115787,payment
pay_000282,INV-2026-00292,Greenleaf Organics,2026-04-05,2026-04-07,HDFCN00000000063,11876400,237528,42755,11596117,payment
pay_000283,REF INV-2026-00293 - THANKS,Coastal Marine Exports,2026-04-05,2026-04-07,HDFCN00000000063,17423431,348469,62724,17012238,payment
pay_000284,INV-2026-00294,Chandra Printing Press,2026-04-05,2026-04-07,HDFCN00000000063,4320561,86411,15554,4218596,payment
pay_000285,"INV-2026-00295,INV-2026-00296,INV-2026-00297",Nandini Dairy Products,2026-04-05,2026-04-07,HDFCN00000000063,22449411,448988,80818,21919605,payment
pay_000286,INV-2026-00298,Sagar Chemicals,2026-04-05,2026-04-07,HDFCN00000000063,3775416,75508,13591,3686317,payment
pay_000287,INV-2026-00299,Sagarika Seafoods,2026-04-05,2026-04-07,HDFCN00000000063,11881920,237638,42775,11601507,payment
pay_000288,INV-2026-00300,Mahalaxmi Provisions,2026-04-05,2026-04-07,HDFCN00000000063,12951709,259034,46626,12646049,payment
pay_000289,"INV-2026-00301,INV-2026-00302",Rajesh Textiles Pvt Ltd,2026-05-29,2026-05-30,UTIBN00000000064,34787978,695760,125237,33966981,payment
pay_000290,INV-2026-00303,Silverline Cosmetics,2026-05-29,2026-05-30,UTIBN00000000064,17412671,348253,62686,17001732,payment
pay_000291,INV-2026-00304,Pinnacle Interiors,2026-05-29,2026-05-30,UTIBN00000000064,1416065,28321,5098,1382646,payment
pay_000292,INV-2026-00305,Surya Solar Solutions,2026-05-29,2026-05-30,UTIBN00000000064,2340727,46815,8427,2285485,payment
pay_000293,INV-2026-00306,Nandini Dairy Products,2026-05-29,2026-05-30,UTIBN00000000064,13501759,270035,48606,13183118,payment
pay_000294,INV-2026-00307,Rudra Plastics,2026-05-29,2026-05-30,UTIBN00000000064,6738514,134770,24259,6579485,payment
pay_000295,INV-2026-00307,Rudra Plastics,2026-05-29,2026-05-30,UTIBN00000000064,7445462,148909,26804,7269749,payment
pay_000296,INV-2026-00308,Maple Leaf Stationers,2026-05-29,2026-05-30,UTIBN00000000064,3145154,62903,11323,3070928,payment
pay_000297,INV-2026-00309,Everest Cold Storage,2026-04-23,2026-04-24,UTIBN00000000065,3577681,71554,12880,3493247,payment
pay_000298,INV-2026-00309,Everest Cold Storage,2026-04-23,2026-04-24,UTIBN00000000065,8273315,165466,29784,8078065,payment
pay_000299,INV-2026-00309,Everest Cold Storage,2026-04-23,2026-04-24,UTIBN00000000065,7155633,143113,25760,6986760,payment
pay_000300,"INV-2026-00310,INV-2026-00311",Everest Cold Storage,2026-04-23,2026-04-24,UTIBN00000000065,28869200,577384,103929,,payment
pay_000301,INV-2026-00312,Nandini Dairy Products,2026-04-23,2026-04-24,UTIBN00000000065,1040932,20819,3747,1016366,payment
pay_000302,INV-2026-00313,Aakash Sports Goods,2026-04-23,2026-04-24,UTIBN00000000065,8976101,179522,32314,8764265,payment
pay_000303,INV-2026-00314,Rajesh Textiles Pvt Ltd,2026-04-30,2026-05-02,KKBKN00000000066,10882107,217642,39176,,payment
pay_000304,INV-2026-00315,Ratna Jewellers,2026-06-24,2026-06-25,SBINN00000000067,19746359,394927,71087,19280345,payment
pay_000305,"INV-2026-00316,INV-2026-00317",Kalyani Engineering,2026-06-24,2026-06-25,SBINN00000000067,22593016,451860,81335,22059821,payment
pay_000306,INV-2026-00318,Aakash Sports Goods,2026-06-24,2026-06-25,SBINN00000000067,8201306,164026,29525,8007755,payment
pay_000307,INV-2026-00319,Maple Leaf Stationers,2026-06-24,2026-06-25,SBINN00000000067,13424727,268495,48329,13107903,payment
pay_000308,INV-2026-00320,Konark Ceramics,2026-06-20,2026-06-22,HDFCN00000000068,15720384,314408,56593,15349383,payment
pay_000309,INV-2026-00321,Ratna Jewellers,2026-06-20,2026-06-22,HDFCN00000000068,898396,17968,3234,877194,payment
pay_000310,INV-2026-00322,Greenleaf Organics,2026-06-20,2026-06-22,HDFCN00000000068,3158190,63164,11370,3083656,payment
pay_000311,INV-2026-00323,Silverline Cosmetics,2026-06-20,2026-06-22,HDFCN00000000068,18671896,373438,67219,18231239,payment
pay_000312,INV-2026-00324,Ratna Jewellers,2026-06-20,2026-06-22,HDFCN00000000068,3161712,63234,11382,3087096,payment
pay_000313,INV-2026-00324,Ratna Jewellers,2026-06-20,2026-06-22,HDFCN00000000068,237050,4741,853,231456,payment
pay_000314,INV-2026-00324,Ratna Jewellers,2026-06-20,2026-06-22,HDFCN00000000068,3914972,78299,14094,3822579,payment
pay_000315,INV-2026-00325,Chandra Printing Press,2026-06-20,2026-06-22,HDFCN00000000068,15239828,304797,54863,14880168,payment
pay_000316,"INV-2026-00326,INV-2026-00327,INV-2026-00328",Zenith Office Supplies,2026-05-26,2026-05-27,SBINN00000000069,20179523,403590,72646,19703287,payment
pay_000317,"INV-2026-00329,INV-2026-00330",Nandini Dairy Products,2026-05-26,2026-05-27,SBINN00000000069,26853759,537075,96674,26220010,payment
pay_000318,"INV-2026-00331,INV-2026-00332",Zenith Office Supplies,2026-05-26,2026-05-27,SBINN00000000069,25429270,508585,91545,24829140,payment
pay_000319,INV-2026-00333,Surya Solar Solutions,2026-04-01,2026-04-02,SBINN00000000070,6145394,122908,22123,6000363,payment
pay_000320,INV-2026-00334,Sagar Chemicals,2026-04-01,2026-04-02,SBINN00000000070,7404858,148097,26657,7230104,payment
pay_000321,INV-2026-00335,Meenakshi Traders,2026-04-01,2026-04-02,SBINN00000000070,5486257,109725,19751,,payment
pay_000322,INV-2026-00336,Zenith Office Supplies,2026-04-01,2026-04-02,SBINN00000000070,652140,13043,2348,636749,payment
pay_000323,INV-2026-00336,Zenith Office Supplies,2026-04-01,2026-04-02,SBINN00000000070,668024,13360,2405,652259,payment
pay_000324,INV-2026-00336,Zenith Office Supplies,2026-04-01,2026-04-02,SBINN00000000070,46306,926,167,45213,payment
pay_000325,INV-2026-00337,Rudra Plastics,2026-04-01,2026-04-02,SBINN00000000070,8596618,171932,30948,8393738,payment
pay_000326,INV-2026-00338,Rudra Plastics,2026-04-01,2026-04-02,SBINN00000000070,3803805,76076,13694,3714035,payment
pay_000327,INV-2026-00339,Anand Furniture House,2026-04-01,2026-04-02,SBINN00000000070,1638694,32774,5899,1600021,payment
pay_000328,INV-2026-00339,Anand Furniture House,2026-04-01,2026-04-02,SBINN00000000070,3740827,0,0,-3740827,refund
pay_000329,"INV-2026-00340,INV-2026-00341,INV-2026-00342",Nirmal Water Systems,2026-05-05,2026-05-07,SBINN00000000071,35981975,719640,129535,35132800,payment
pay_000330,"INV-2026-00343,INV-2026-00344,INV-2026-00345",Coastal Marine Exports,2026-05-05,2026-05-07,SBINN00000000071,30260194,605204,108937,29546053,payment
pay_000331,INV-2026-00346,Ratna Jewellers,2026-05-05,2026-05-07,SBINN00000000071,2042566,40851,7353,1994362,payment
pay_000332,INV-2026-00347,Surya Solar Solutions,2026-05-05,2026-05-07,SBINN00000000071,10470422,209408,37693,10223321,payment
pay_000333,00348,Aakash Sports Goods,2026-05-05,2026-05-07,SBINN00000000071,8160495,163210,29378,7967907,payment
pay_000334,INV-2026-00349,Sagarika Seafoods,2026-05-05,2026-05-07,SBINN00000000071,2238164,44763,8057,2185344,payment
pay_000335,INV-2026-00349,Sagarika Seafoods,2026-05-05,2026-05-07,SBINN00000000071,2784569,55691,10024,2718854,payment
pay_000336,INV-2026-00349,Sagarika Seafoods,2026-05-05,2026-05-07,SBINN00000000071,6820342,136407,24553,6659382,payment
pay_000337,INV-2026-00350,Trident Paper Mills,2026-05-05,2026-05-07,SBINN00000000071,18446558,368931,66408,18011219,payment
pay_000338,INV-2026-00351,Deccan Steel Works,2026-05-05,2026-05-07,SBINN00000000071,15524593,310492,55889,15158212,payment
pay_000339,INV-2026-00352,Anand Furniture House,2026-05-18,2026-05-20,SBINN00000000072,982640,19653,3538,959449,payment
pay_000340,INV-2026-00352,Anand Furniture House,2026-05-18,2026-05-20,SBINN00000000072,596777,11936,2148,,payment
pay_000341,INV-2026-00353,Sharma Hardware Stores,2026-05-18,2026-05-20,SBINN00000000072,18963069,379261,68267,18515541,payment
pay_000342,INV-2026-00354,Aakash Sports Goods,2026-05-18,2026-05-20,SBINN00000000072,6418920,128378,23108,,payment
pay_000343,"INV-2026-00355,INV-2026-00356",Kalyani Engineering,2026-05-18,2026-05-20,SBINN00000000072,18131653,362633,65274,17703746,payment
pay_000344,INV-2026-00357,Sharma Hardware Stores,2026-05-18,2026-05-20,SBINN00000000072,880462,17609,3170,859683,payment
pay_000345,INV-2026-00357,Sharma Hardware Stores,2026-05-18,2026-05-20,SBINN00000000072,18231,365,66,17800,payment
pay_000346,00358,Ashoka Timber Depot,2026-05-18,2026-05-20,SBINN00000000072,5702551,114051,20529,5567971,payment
pay_000347,INV-2026-00359,Aakash Sports Goods,2026-04-18,2026-04-19,SBINN00000000073,5334234,106685,19203,5208346,payment
pay_000348,INV-2026-00360,Indus Valley Handicrafts,2026-04-18,2026-04-19,SBINN00000000073,4810960,96219,17319,4697422,payment
pay_000349,INV-2026-00361,Deccan Steel Works,2026-04-18,2026-04-19,SBINN00000000073,670233,13405,2413,654415,payment
pay_000350,INV-2026-00361,Deccan Steel Works,2026-04-18,2026-04-19,SBINN00000000073,12848033,256961,46253,12544819,payment
pay_000351,INV-2026-00362,Ganesh Cement Agencies,2026-04-18,2026-04-19,SBINN00000000073,1124455,22489,4048,1097918,payment
pay_000352,INV-2026-00363,Bluewave Logistics LLP,2026-04-18,2026-04-19,ICICN00000000074,14183397,283668,51060,13848669,payment
pay_000353,INV-2026-00364,Bluewave Logistics LLP,2026-04-18,2026-04-19,ICICN00000000074,5965039,119301,21474,5824264,payment
pay_000354,INV-2026-00365,Kaveri Agro Foods,2026-04-09,2026-04-11,ICICN00000000075,10016964,200339,36061,9780564,payment
pay_000355,INV-2026-00366,Everest Cold Storage,2026-04-09,2026-04-11,ICICN00000000075,4641996,92840,16711,4532445,payment
pay_000356,INV-2026-00367,Himalaya Packaging,2026-05-29,2026-05-31,KKBKN00000000076,941904,18838,3391,919675,payment
pay_000357,INV-2026-00367,Himalaya Packaging,2026-05-29,2026-05-31,KKBKN00000000076,5348363,106967,19254,5222142,payment
pay_000358,INV-2026-00367,Himalaya Packaging,2026-05-29,2026-05-31,KKBKN00000000076,565255,11305,2035,,payment
pay_000359,INV-2026-00368,Coastal Marine Exports,2026-05-29,2026-05-31,KKBKN00000000076,16467419,329348,59283,16078788,payment
pay_000360,INV-2026-00369,Vertex Lab Equipment,2026-05-29,2026-05-31,KKBKN00000000076,3842248,76845,13832,3751571,payment
pay_000361,INV-2026-00370,Maple Leaf Stationers,2026-05-29,2026-05-31,KKBKN00000000076,2515348,50307,9055,2455986,payment
pay_000362,INV-2026-00371,Vishal Auto Components,2026-05-29,2026-05-31,KKBKN00000000076,17069977,341400,61452,16667125,payment
pay_000363,REF INV-2026-00372 - THANKS,Orchid Pharma Distributors,2026-05-29,2026-05-31,KKBKN00000000076,17335774,346715,62409,,payment
pay_000364,INV-2026-00373,Mahalaxmi Provisions,2026-05-29,2026-05-31,KKBKN00000000076,18942266,378845,68192,18495229,payment
pay_000365,INV-2026-00374,Deccan Steel Works,2026-04-11,2026-04-12,ICICN00000000077,440808,8816,1587,430405,payment
pay_000366,INV-2026-00375,Orchid Pharma Distributors,2026-04-11,2026-04-12,ICICN00000000077,17656305,353126,63563,17239616,payment
pay_000367,"INVOICE-2026-00376,INVOICE-2026-00377,INVOICE-2026-00378",Aakash Sports Goods,2026-04-11,2026-04-12,ICICN00000000077,25699942,513999,92520,25093423,payment
pay_000368,INV-2026-00379,Ratna Jewellers,2026-04-11,2026-04-12,ICICN00000000077,15041046,300821,54148,14686077,payment
pay_000369,INV-2026-00380,Sagarika Seafoods,2026-04-11,2026-04-12,ICICN00000000077,1237500,24750,4455,1208295,payment
pay_000370,INV-2026-00380,Sagarika Seafoods,2026-04-11,2026-04-12,ICICN00000000077,15188665,303773,54679,,payment
pay_000371,INV-2026-00381,Konark Ceramics,2026-04-11,2026-04-12,ICICN00000000077,12828231,256565,46182,12525484,payment
pay_000372,INV-2026-00382,Chandra Printing Press,2026-06-25,2026-06-26,HDFCN00000000078,15102086,302042,54368,,payment
pay_000373,INV-2026-00383,Prakash Lighting Co,2026-06-25,2026-06-26,HDFCN00000000078,11098546,221971,39955,10836620,payment
pay_000374,INV-2026-00384,Zenith Office Supplies,2026-06-25,2026-06-26,HDFCN00000000078,1514852,30297,5453,1479102,payment
pay_000375,INV-2026-00385,Bharat Tyre Traders,2026-06-25,2026-06-26,HDFCN00000000078,19412331,388247,69884,18954200,payment
pay_000376,INV-2026-00386,Surya Solar Solutions,2026-06-25,2026-06-26,HDFCN00000000078,19483439,389669,70140,,payment
pay_000377,"INV-2026-00387,INV-2026-00388",Infinite Loop Software,2026-06-25,2026-06-26,HDFCN00000000078,6515948,130319,23457,6362172,payment
pay_000378,INV-2026-00389,Greenleaf Organics,2026-06-25,2026-06-26,HDFCN00000000078,2180133,43603,7849,2128681,payment
pay_000379,INV-2026-00389,Greenleaf Organics,2026-06-25,2026-06-26,HDFCN00000000078,35184120,50000,9000,-35243120,chargeback
pay_000380,INV-2026-00390,Bluewave Logistics LLP,2026-05-14,2026-05-15,UTIBN00000000079,11508849,230177,41432,11237240,payment
pay_000381,INV-2026-00391,Nirmal Water Systems,2026-05-14,2026-05-15,UTIBN00000000079,11808472,236169,42510,11529793,payment
pay_000382,INV-2026-00392,Mahalaxmi Provisions,2026-05-14,2026-05-15,UTIBN00000000079,11365102,227302,40914,,payment
pay_000383,INV-2026-00393,Zenith Office Supplies,2026-05-22,2026-05-23,ICICN00000000080,19239731,384795,69263,,payment
pay_000384,"INV-2026-00394,INV-2026-00395",Trident Paper Mills,2026-05-22,2026-05-23,ICICN00000000080,8783062,175661,31619,8575782,payment
pay_000385,INV-2026-00396,Surya Solar Solutions,2026-05-22,2026-05-23,ICICN00000000080,14420347,288407,51913,14080027,payment
pay_000386,PAYMENT FOR INV-2026-00397,Ratna Jewellers,2026-04-13,2026-04-14,UTIBN00000000081,1680781,33616,6051,,payment
pay_000387,INV-2026-00398,Rudra Plastics,2026-04-13,2026-04-14,UTIBN00000000081,219452,4389,790,214273,payment
pay_000388,INV-2026-00399,Silverline Cosmetics,2026-04-13,2026-04-14,UTIBN00000000081,10884600,217692,39185,10627723,payment
pay_000389,INV-2026-00400,Ganesh Cement Agencies,2026-04-13,2026-04-14,UTIBN00000000081,958810,19176,3452,,payment
pay_000390,INV 2026 00401,Prakash Lighting Co,2026-04-07,2026-04-08,UTIBN00000000082,5307263,106145,19106,5182012,payment
pay_000391,INV-2026-00402,Ganesh Cement Agencies,2026-04-07,2026-04-08,UTIBN00000000082,1517291,30346,5462,1481483,payment
pay_000392,INV-2026-00402,Ganesh Cement Agencies,2026-04-07,2026-04-08,UTIBN00000000082,1548178,30964,5574,1511640,payment
pay_000393,INV-2026-00403,Maple Leaf Stationers,2026-04-07,2026-04-08,UTIBN00000000082,19342925,386859,69635,18886431,payment
pay_000394,INV-2026-00404,Prakash Lighting Co,2026-04-07,2026-04-08,UTIBN00000000082,16074287,321486,57867,15694934,payment
pay_000395,INV-2026-00405,Zenith Office Supplies,2026-04-07,2026-04-08,UTIBN00000000082,15255560,305111,54920,14895529,payment
pay_000396,INV-2026-00406,Bharat Tyre Traders,2026-04-07,2026-04-08,UTIBN00000000082,4474642,89493,16109,4369040,payment
pay_000397,INV-2026-00407,Konark Ceramics,2026-04-07,2026-04-08,UTIBN00000000082,12213441,244269,43968,11925204,payment
pay_000398,INV-2026-00408,Ratna Jewellers,2026-06-09,2026-06-10,KKBKN00000000083,7201634,144033,25926,7031675,payment
pay_000399,INV-2026-00409,Surya Solar Solutions,2026-06-09,2026-06-10,KKBKN00000000083,15488359,309767,55758,15122834,payment
pay_000400,INV-2026-00410,Sunrise Electronics,2026-06-09,2026-06-10,KKBKN00000000083,421474,8429,1517,411528,payment
pay_000401,INV-2026-00410,Sunrise Electronics,2026-06-09,2026-06-10,KKBKN00000000083,146488,2930,527,143031,payment
pay_000402,INV-2026-00411,Infinite Loop Software,2026-06-09,2026-06-10,KKBKN00000000083,12651929,253039,45547,12353343,payment
pay_000403,"INV-2026-00412,INV-2026-00413",Infinite Loop Software,2026-06-09,2026-06-10,KKBKN00000000083,22419573,448391,80710,21890472,payment
pay_000404,INV-2026-00414,Kalyani Engineering,2026-06-09,2026-06-10,KKBKN00000000083,9401010,188020,33844,9179146,payment
pay_000405,INV-2026-00415,Ganesh Cement Agencies,2026-05-28,2026-05-30,ICICN00000000084,7090330,141807,25525,6922998,payment
pay_000406,"INV-2026-00416,INV-2026-00417",Bharat Tyre Traders,2026-05-28,2026-05-30,ICICN00000000084,24675643,493513,88832,24093298,payment
pay_000407,INV-2026-00418,Orchid Pharma Distributors,2026-05-28,2026-05-30,ICICN00000000084,1265123,25302,4554,1235267,payment
pay_000408,INV-2026-00418,Orchid Pharma Distributors,2026-05-28,2026-05-30,ICICN00000000084,3260510,65210,11738,3183562,payment
pay_000409,INV-2026-00419,Deccan Steel Works,2026-05-28,2026-05-30,ICICN00000000084,3077663,61553,11080,3005030,payment
pay_000410,INV-2026-00420,Mahalaxmi Provisions,2026-05-28,2026-05-30,ICICN00000000084,19688535,393771,70879,19223885,payment
pay_000411,"INV-2026-00421,INV-2026-00422,INV-2026-00423",Rajesh Textiles Pvt Ltd,2026-05-28,2026-05-30,ICICN00000000084,25886024,517720,93190,25275114,payment
pay_000412,INV-2026-00424,Kaveri Agro Foods,2026-05-28,2026-05-30,ICICN00000000084,2216165,44323,7978,2163864,payment
pay_000413,INV-2026-00425,Orchid Pharma Distributors,2026-05-28,2026-05-30,ICICN00000000084,17680026,353601,63648,17262777,payment
pay_000414,INV-2026-00426,Rajesh Textiles Pvt Ltd,2026-05-31,2026-06-02,HDFCN00000000085,1499306,29986,5397,1463923,payment
pay_000415,INV-2026-00427,Kaveri Agro Foods,2026-05-31,2026-06-02,HDFCN00000000085,12217168,244343,43982,11928843,payment
pay_000416,INV-2026-00428,Kalyani Engineering,2026-05-31,2026-06-02,HDFCN00000000085,15274993,305500,54990,14914503,payment
pay_000417,INV-2026-00429,Prakash Lighting Co,2026-06-11,2026-06-12,HDFCN00000000086,6707892,134158,24148,6549586,payment
pay_000418,INV-2026-00430,Sharma Hardware Stores,2026-06-11,2026-06-12,HDFCN00000000086,1179199,23584,4245,1151370,payment
pay_000419,INV-2026-00431,Kaveri Agro Foods,2026-06-11,2026-06-12,HDFCN00000000086,10934147,218683,39363,10676101,payment
pay_000420,INV-2026-00432,Sagarika Seafoods,2026-06-11,2026-06-12,HDFCN00000000086,15333842,306677,55202,14971963,payment
pay_000421,INV-2026-00433,Rajesh Textiles Pvt Ltd,2026-06-11,2026-06-12,HDFCN00000000086,15840974,316819,57027,15467128,payment
pay_000422,INV-2026-00434,Himalaya Packaging,2026-06-20,2026-06-21,KKBKN00000000087,11719481,234390,42190,11442901,payment
pay_000423,INV-2026-00435,Chandra Printing Press,2026-06-20,2026-06-21,KKBKN00000000087,2259562,45191,8134,2206237,payment
pay_000424,INV-2026-00436,Ashoka Timber Depot,2026-06-20,2026-06-21,KKBKN00000000087,17749098,354982,63897,17330219,payment
pay_000425,INV-2026-00437,Bharat Tyre Traders,2026-06-20,2026-06-21,KKBKN00000000087,5165612,103312,18596,5043704,payment
pay_000426,INV-2026-00438,Vertex Lab Equipment,2026-06-20,2026-06-21,KKBKN00000000087,799664,15993,2879,,payment
pay_000427,INV-2026-00438,Vertex Lab Equipment,2026-06-20,2026-06-21,KKBKN00000000087,701872,14037,2527,685308,payment
pay_000428,INV-2026-00439,Ashoka Timber Depot,2026-06-14,2026-06-16,SBINN00000000088,4100252,82005,14761,4003486,payment
pay_000429,INV-2026-00439,Ashoka Timber Depot,2026-06-14,2026-06-16,SBINN00000000088,329354,6587,1186,321581,payment
pay_000430,INV-2026-00440,Bharat Tyre Traders,2026-06-14,2026-06-16,SBINN00000000088,12838708,256774,46219,12535715,payment
pay_000431,INV 2026 00441,Konark Ceramics,2026-06-14,2026-06-16,SBINN00000000088,8762985,175260,31547,8556178,payment
pay_000432,INV-2026-00442,Lotus Hospitality Services,2026-04-11,2026-04-12,UTIBN00000000089,9956833,199137,35845,,payment
pay_000433,INV-2026-00443,Pinnacle Interiors,2026-04-11,2026-04-12,UTIBN00000000089,8666496,173330,31199,,payment
pay_000434,INV-2026-00444,Lotus Hospitality Services,2026-04-11,2026-04-12,UTIBN00000000089,6479362,129587,23326,6326449,payment
pay_000435,INV-2026-00445,Maple Leaf Stationers,2026-04-11,2026-04-12,UTIBN00000000089,6865880,137318,24717,6703845,payment
pay_000436,"INV-2026-00446,INV-2026-00447",Bluewave Logistics LLP,2026-04-11,2026-04-12,UTIBN00000000089,27211037,544221,97960,26568856,payment
pay_000437,INV-2026-00448,Sunrise Electronics,2026-04-11,2026-04-12,UTIBN00000000089,11760006,235200,42336,11482470,payment
pay_000438,INV-2026-00448,Sunrise Electronics,2026-04-11,2026-04-12,UTIBN00000000089,3810304,76206,13717,3720381,payment
pay_000439,INV-2026-00449,Chandra Printing Press,2026-04-11,2026-04-12,UTIBN00000000089,8242245,164845,29672,8047728,payment
pay_000440,INV-2026-00449,Chandra Printing Press,2026-04-11,2026-04-12,UTIBN00000000089,6566257,131325,23639,6411293,payment
pay_000441,INV-2026-00450,Rajesh Textiles Pvt Ltd,2026-04-11,2026-04-12,UTIBN00000000089,6769100,135382,24369,6609349,payment
pay_000442,INV-2026-00451,Coastal Marine Exports,2026-06-01,2026-06-03,KKBKN00000000090,1888055,37761,6797,1843497,payment
pay_000443,INV-2026-00452,Zenith Office Supplies,2026-06-17,2026-06-19,UTIBN00000000091,14150235,283005,50941,,payment
pay_000444,INV-2026-00453,Zenith Office Supplies,2026-06-17,2026-06-19,UTIBN00000000091,14683221,293664,52860,14336697,payment
pay_000445,INV-2026-00454,Himalaya Packaging,2026-06-17,2026-06-19,UTIBN00000000091,1798428,35969,6474,1755985,payment
pay_000446,INV-2026-00455,Bharat Tyre Traders,2026-06-17,2026-06-19,UTIBN00000000091,16457682,329154,59248,16069280,payment
pay_000447,INV-2026-00456,Greenleaf Organics,2026-06-17,2026-06-19,UTIBN00000000091,11517400,230348,41463,11245589,payment
pay_000448,INV-2026-00457,Sagar Chemicals,2026-06-20,2026-06-22,SBINN00000000092,9832267,196645,35396,9600226,payment
pay_000449,INV-2026-00458,Maple Leaf Stationers,2026-06-20,2026-06-22,SBINN00000000093,9832267,196645,35396,9600226,payment
pay_000450,INV-2026-00459,Anand Furniture House,2026-04-18,2026-04-20,ICICN00000000094,5383648,107673,19381,,payment
pay_000451,INV-2026-00460,Ganesh Cement Agencies,2026-04-18,2026-04-20,ICICN00000000094,3245563,64911,11684,3168968,payment
pay_000452,INV-2026-00461,Sharma Hardware Stores,2026-04-18,2026-04-20,ICICN00000000094,7558452,151169,27210,7380073,payment
pay_000453,INV-2026-00462,Himalaya Packaging,2026-04-18,2026-04-20,ICICN00000000094,14296434,285929,51467,13959038,payment
pay_000454,INV-2026-00463,Deccan Steel Works,2026-04-18,2026-04-20,ICICN00000000095,7857028,157141,28285,,payment
pay_000455,INV-2026-00464,Anand Furniture House,2026-06-24,2026-06-26,UTIBN00000000096,3190371,63807,11485,3115079,payment
pay_000456,INV-2026-00465,Greenleaf Organics,2026-06-24,2026-06-26,UTIBN00000000096,11229720,224594,40427,10964699,payment
pay_000457,"INV-2026-00466,INV-2026-00467",Orchid Pharma Distributors,2026-06-24,2026-06-26,UTIBN00000000096,24754694,495094,89117,24170483,payment
pay_000458,INV-2026-00468,Surya Solar Solutions,2026-06-25,2026-06-26,KKBKN00000000097,2885447,57709,10388,,payment
pay_000459,INV-2026-00468,Surya Solar Solutions,2026-06-25,2026-06-26,KKBKN00000000097,7231694,144634,26034,7061026,payment
pay_000460,INV-2026-00469,Meenakshi Traders,2026-05-10,2026-05-11,SBINN00000000098,13908292,278166,50070,13580056,payment
pay_000461,INV-2026-00470,Ratna Jewellers,2026-06-10,2026-06-11,UTIBN00000000099,1972808,39456,7102,1926250,payment
pay_000462,INV-2026-00470,Ratna Jewellers,2026-06-10,2026-06-11,UTIBN00000000099,7104522,142090,25576,,payment
pay_000463,INV-2026-00470,Ratna Jewellers,2026-06-10,2026-06-11,UTIBN00000000099,48107,962,173,46972,payment
pay_000464,INV-2026-00471,Meenakshi Traders,2026-06-10,2026-06-11,UTIBN00000000099,6684150,133683,24063,6526404,payment
pay_000465,INV-2026-00472,Himalaya Packaging,2026-05-31,2026-06-01,HDFCN00000000100,13245866,264917,47685,12933264,payment
pay_000466,INV-2026-00473,Orchid Pharma Distributors,2026-05-31,2026-06-01,HDFCN00000000100,2879512,57590,10366,2811556,payment
pay_000467,INV-2026-00474,Ganesh Cement Agencies,2026-05-31,2026-06-01,HDFCN00000000100,17261578,345232,62142,16854204,payment
pay_000468,"INV-2026-00475,INV-2026-00476",Everest Cold Storage,2026-06-05,2026-06-07,HDFCN00000000101,22867838,457357,82324,22328157,payment
pay_000469,INV-2026-00477,Surya Solar Solutions,2026-06-05,2026-06-07,HDFCN00000000101,6700509,134010,24122,,payment
pay_000470,INV-2026-00478,Trident Paper Mills,2026-06-05,2026-06-07,HDFCN00000000101,145540,2911,524,142105,payment
pay_000471,"INV-2026-00479,INV-2026-00480,INV-2026-00481",Chandra Printing Press,2026-06-05,2026-06-07,HDFCN00000000101,15013534,300271,54049,14659214,payment
pay_000472,"INV-2026-00482,INV-2026-00483,INV-2026-00484",Everest Cold Storage,2026-06-05,2026-06-07,HDFCN00000000101,52882886,1057658,190378,51634850,payment
pay_000473,INV-2026-00485,Zenith Office Supplies,2026-06-05,2026-06-07,HDFCN00000000101,15691507,313830,56489,15321188,payment
pay_000474,PAYMENT FOR INV-2026-00486,Maple Leaf Stationers,2026-06-05,2026-06-07,HDFCN00000000101,3886984,77740,13993,,payment
pay_000475,INV-2026-00486,Maple Leaf Stationers,2026-06-05,2026-06-07,HDFCN00000000101,13374724,267494,48149,13059081,payment
pay_000476,INV-2026-00487,Sharma Hardware Stores,2026-04-09,2026-04-11,UTIBN00000000102,11444798,228896,41201,11174701,payment
pay_000477,INV-2026-00488,Pinnacle Interiors,2026-04-09,2026-04-11,UTIBN00000000102,10132106,202642,36476,9892988,payment
pay_000478,INV-2026-00489,Sunrise Electronics,2026-04-09,2026-04-11,UTIBN00000000102,16001233,320025,57605,15623603,payment
pay_000479,INV-2026-00490,Indus Valley Handicrafts,2026-04-09,2026-04-11,UTIBN00000000102,11304736,226095,40697,11037944,payment
pay_000480,INV-2026-00491,Sharma Hardware Stores,2026-04-09,2026-04-11,UTIBN00000000102,1142832,22857,4114,1115861,payment
pay_000481,INV-2026-00492,Sharma Hardware Stores,2026-04-09,2026-04-11,UTIBN00000000102,14882109,297642,53576,14530891,payment
pay_000482,INV-2026-00493,Silverline Cosmetics,2026-04-09,2026-04-11,UTIBN00000000102,7308571,146171,26311,7136089,payment
pay_000483,INV202600494,Mahalaxmi Provisions,2026-05-20,2026-05-21,KKBKN00000000103,5933658,118673,21361,5793624,payment
pay_000484,INV-2026-00495,Vertex Lab Equipment,2026-05-20,2026-05-21,KKBKN00000000103,8465858,169317,30477,8266064,payment
pay_000485,INV-2026-00496,Nandini Dairy Products,2026-05-20,2026-05-21,KKBKN00000000103,17292512,345850,62253,16884409,payment
pay_000486,INV-2026-00497,Bharat Tyre Traders,2026-04-23,2026-04-25,HDFCN00000000104,1961915,39238,7063,1915614,payment
pay_000487,INV-2026-00498,Orchid Pharma Distributors,2026-04-23,2026-04-25,HDFCN00000000104,10490374,209807,37765,10242802,payment
pay_000488,INV-2026-00499/PART,Greenleaf Organics,2026-04-23,2026-04-25,HDFCN00000000104,15447350,308947,55610,15082793,payment
pay_000489,INV-2026-00500,Chandra Printing Press,2026-04-23,2026-04-25,HDFCN00000000104,4838365,96767,17418,4724180,payment
pay_000490,INV-2026-00500,Chandra Printing Press,2026-04-23,2026-04-25,HDFCN00000000104,61131,1223,220,59688,payment
pay_000491,INV-2026-00501,Priya Garments,2026-04-23,2026-04-25,HDFCN00000000104,9474484,189490,34108,9250886,payment
pay_000492,INV-2026-00502,Ratna Jewellers,2026-04-23,2026-04-25,HDFCN00000000104,915847,18317,3297,894233,payment
pay_000493,INV-2026-00503,Everest Cold Storage,2026-04-23,2026-04-25,HDFCN00000000104,12816993,256340,46141,12514512,payment
pay_000494,INV-2026-00504,Bharat Tyre Traders,2026-04-23,2026-04-25,HDFCN00000000104,10928417,218568,39342,10670507,payment
pay_000495,INV-2026-00505,Sagar Chemicals,2026-05-21,2026-05-23,SBINN00000000105,6672005,133440,24019,6514546,payment
pay_000496,INV-2026-00506,Sagarika Seafoods,2026-05-21,2026-05-23,SBINN00000000105,8781201,175624,31612,8573965,payment
pay_000497,INVOICE-2026-00507,Kalyani Engineering,2026-05-21,2026-05-23,SBINN00000000105,9003954,180079,32414,8791461,payment
pay_000498,INV-2026-00508,Deccan Steel Works,2026-05-21,2026-05-23,SBINN00000000106,1524617,30492,5489,1488636,payment
pay_000499,INV-2026-00509,Silverline Cosmetics,2026-05-21,2026-05-23,SBINN00000000106,13865141,277303,49915,13537923,payment
pay_000500,INV-2026-00510,Sagar Chemicals,2026-05-21,2026-05-23,SBINN00000000106,13322125,266443,47960,13007722,payment
pay_000501,INV-2026-00511,Orchid Pharma Distributors,2026-05-29,2026-05-30,HDFCN00000000107,5969623,119392,21491,5828740,payment
pay_000502,INV-2026-00512,Orchid Pharma Distributors,2026-05-29,2026-05-30,HDFCN00000000107,11517046,230341,41461,11245244,payment
pay_000503,INV-2026-00513,Aakash Sports Goods,2026-05-29,2026-05-30,HDFCN00000000107,6282255,125645,22616,6133994,payment
pay_000504,INV-2026-00514,Greenleaf Organics,2026-05-29,2026-05-30,HDFCN00000000107,13929449,278589,50146,13600714,payment
pay_000505,INV-2026-00515,Anand Furniture House,2026-05-29,2026-05-30,HDFCN00000000107,280234,5605,1009,273620,payment
pay_000506,INV-2026-00515,Anand Furniture House,2026-05-29,2026-05-30,HDFCN00000000107,1982677,39654,7138,1935885,payment
pay_000507,INV-2026-00516,Ratna Jewellers,2026-05-29,2026-05-30,HDFCN00000000107,7228534,144571,26023,7057940,payment
pay_000508,INV-2026-00517,Sagar Chemicals,2026-05-29,2026-05-30,HDFCN00000000107,4494573,89891,16180,4388502,payment
pay_000509,INV-2026-00517,Sagar Chemicals,2026-05-29,2026-05-30,HDFCN00000000107,22543484,0,0,-22543484,refund
pay_000510,INV-2026-00518,Infinite Loop Software,2026-05-24,2026-05-26,HDFCN00000000108,19142185,382844,68912,18690429,payment
pay_000511,REF INV-2026-00519 - THANKS,Sharma Hardware Stores,2026-05-24,2026-05-26,HDFCN00000000108,17406686,348134,62664,16995888,payment
pay_000512,INV-2026-00520,Kalyani Engineering,2026-05-24,2026-05-26,HDFCN00000000108,4706069,94121,16942,4595006,payment
pay_000513,"REF INV-2026-00521,INV-2026-00522 - THANKS",Nirmal Water Systems,2026-05-24,2026-05-26,HDFCN00000000108,19802386,396048,71289,19335049,payment
pay_000514,INV-2026-00523,Nirmal Water Systems,2026-06-26,2026-06-27,ICICN00000000109,2165817,43316,7797,2114704,payment
pay_000515,INV-2026-00524,Pinnacle Interiors,2026-05-27,2026-05-29,HDFCN00000000110,15305633,306113,55100,14944420,payment
pay_000516,INVOICE-2026-00525,Prakash Lighting Co,2026-05-27,2026-05-29,HDFCN00000000110,1629234,32585,5865,1590784,payment
pay_000517,INV-2026-00525,Prakash Lighting Co,2026-05-27,2026-05-29,HDFCN00000000110,3976314,79526,14315,3882473,payment
pay_000518,INV-2026-00526,Sagarika Seafoods,2026-05-27,2026-05-29,HDFCN00000000110,6651247,133025,23945,6494277,payment
pay_000519,INV-2026-00527,Deccan Steel Works,2026-04-07,2026-04-09,KKBKN00000000111,11947338,238947,43010,11665381,payment
pay_000520,INV-2026-00528,Meenakshi Traders,2026-04-07,2026-04-09,KKBKN00000000111,11970568,239411,43094,11688063,payment
pay_000521,INV-2026-00529,Sunrise Electronics,2026-04-07,2026-04-09,KKBKN00000000111,3477633,69553,12520,3395560,payment
pay_000522,INV-2026-00530,Greenleaf Organics,2026-04-07,2026-04-09,KKBKN00000000111,16358136,327163,58889,15972084,payment
pay_000523,INV-2026-00531,Trident Paper Mills,2026-04-07,2026-04-09,KKBKN00000000111,4355460,87109,15680,4252671,payment
pay_000524,INV-2026-00532,Ashoka Timber Depot,2026-04-07,2026-04-09,KKBKN00000000111,13099540,261991,47158,12790391,payment
pay_000525,INV-2026-00533,Sagar Chemicals,2026-04-07,2026-04-09,ICICN00000000112,14704810,294096,52937,14357777,payment
pay_000526,00534,Lotus Hospitality Services,2026-04-07,2026-04-09,ICICN00000000112,108108,2162,389,105557,payment
pay_000527,INV-2026-00534,Lotus Hospitality Services,2026-04-07,2026-04-09,ICICN00000000112,4432470,88649,15957,4327864,payment
pay_000528,"INV-2026-00535,INV-2026-00536",Lotus Hospitality Services,2026-04-07,2026-04-09,ICICN00000000112,20772395,415448,74781,20282166,payment
pay_000529,INV-2026-00537,Sagarika Seafoods,2026-06-16,2026-06-17,HDFCN00000000113,14801514,296030,53285,14452199,payment
pay_000530,INV-2026-00538,Rudra Plastics,2026-06-16,2026-06-17,HDFCN00000000113,15842684,316854,57034,15468796,payment
pay_000531,INV-2026-00539,Ratna Jewellers,2026-06-16,2026-06-17,HDFCN00000000113,15878092,317562,57161,15503369,payment
pay_000532,INV202600540,Orchid Pharma Distributors,2026-06-16,2026-06-17,HDFCN00000000113,12857528,257151,46287,12554090,payment
pay_000533,INV-2026-00541,Ratna Jewellers,2026-06-25,2026-06-26,SBINN00000000114,1534015,30680,5522,1497813,payment
pay_000534,INV-2026-00542,Rudra Plastics,2026-06-25,2026-06-26,SBINN00000000114,1436579,28732,5172,,payment
pay_000535,INV-2026-00543,Sunrise Electronics,2026-06-25,2026-06-26,SBINN00000000114,3290527,65811,11846,3212870,payment
pay_000536,INV-2026-00544,Ashoka Timber Depot,2026-06-25,2026-06-26,SBINN00000000114,8553283,171066,30792,8351425,payment
pay_000537,INV-2026-00544,Ashoka Timber Depot,2026-06-25,2026-06-26,SBINN00000000114,2343959,46879,8438,2288642,payment
pay_000538,"INV-2026-00545,INV-2026-00546",Rajesh Textiles Pvt Ltd,2026-06-25,2026-06-26,SBINN00000000114,21817851,436357,78544,21302950,payment
pay_000539,INV-2026-00547,Indus Valley Handicrafts,2026-06-25,2026-06-26,SBINN00000000114,2654546,53091,9556,2591899,payment
pay_000540,INV-2026-00548,Silverline Cosmetics,2026-06-25,2026-06-26,SBINN00000000114,13369728,267395,48131,13054202,payment
pay_000541,INV-2026-00549,Sharma Hardware Stores,2026-06-17,2026-06-18,HDFCN00000000115,10425361,208507,37531,10179323,payment
pay_000542,INV-2026-00550,Greenleaf Organics,2026-06-17,2026-06-18,HDFCN00000000115,11285830,225717,40629,,payment
pay_000543,INV-2026-00551,Vishal Auto Components,2026-06-19,2026-06-20,HDFCN00000000116,1889299,37786,6801,1844712,payment
pay_000544,INV-2026-00552,Rajesh Textiles Pvt Ltd,2026-04-10,2026-04-12,UTIBN00000000117,11482424,229648,41337,11211439,payment
pay_000545,INV-2026-00553,Surya Solar Solutions,2026-04-10,2026-04-12,UTIBN00000000117,108078,2162,389,105527,payment
pay_000546,INV-2026-00554,Ratna Jewellers,2026-04-10,2026-04-12,UTIBN00000000117,2710587,54212,9758,2646617,payment
pay_000547,"INV-2026-00555,INV-2026-00556",Nandini Dairy Products,2026-04-10,2026-04-12,UTIBN00000000117,13562368,271247,48824,13242297,payment
pay_000548,INV-2026-00557,Priya Garments,2026-06-27,2026-06-29,UTIBN00000000118,5634575,112692,20285,5501598,payment
pay_000549,INV-2026-00558,Anand Furniture House,2026-06-27,2026-06-29,UTIBN00000000118,11516765,230335,41460,11244970,payment
pay_000550,INV-2026-00559,Bluewave Logistics LLP,2026-04-22,2026-04-23,HDFCN00000000119,8561085,171222,30820,8359043,payment
pay_000551,INV-2026-00559,Bluewave Logistics LLP,2026-04-22,2026-04-23,HDFCN00000000119,7705246,154105,27739,,payment
pay_000552,INV-2026-00559,Bluewave Logistics LLP,2026-04-22,2026-04-23,HDFCN00000000119,349257,6985,1257,341015,payment
pay_000553,INV-2026-00560,Priya Garments,2026-04-22,2026-04-23,HDFCN00000000119,10222522,204450,36801,9981271,payment
pay_000554,INV-2026-00561,Priya Garments,2026-04-22,2026-04-23,HDFCN00000000119,3232445,64649,11637,3156159,payment
pay_000555,INV-2026-00562,Vertex Lab Equipment,2026-04-22,2026-04-23,HDFCN00000000119,1080029,21601,3888,1054540,payment
pay_000556,INV-2026-00563,Infinite Loop Software,2026-04-22,2026-04-23,HDFCN00000000119,4658278,93166,16770,,payment
pay_000557,INV-2026-00563,Infinite Loop Software,2026-04-22,2026-04-23,HDFCN00000000119,971325,19427,3497,948401,payment
pay_000558,INV-2O26-00563,Infinite Loop Software,2026-04-22,2026-04-23,HDFCN00000000119,6189714,123794,22283,,payment
pay_000559,INV-2026-00564,Deccan Steel Works,2026-04-22,2026-04-23,HDFCN00000000119,19745846,394917,71085,19279844,payment
pay_000560,INV-2026-00565,Bharat Tyre Traders,2026-05-15,2026-05-16,UTIBN00000000120,12481325,249627,44933,12186765,payment
pay_000561,INV-2026-00566,Ashoka Timber Depot,2026-05-15,2026-05-16,UTIBN00000000120,5614145,112283,20211,5481651,payment
pay_000562,INV-2026-00567,Lotus Hospitality Services,2026-05-15,2026-05-16,UTIBN00000000120,7565571,151311,27236,7387024,payment
pay_000563,INV-2O26-00568,Orchid Pharma Distributors,2026-04-29,2026-05-01,SBINN00000000121,16564044,331281,59631,16173132,payment
pay_000564,INV-2026-00569,Aakash Sports Goods,2026-04-29,2026-05-01,SBINN00000000121,7792571,155851,28053,7608667,payment
pay_000565,INV-2026-00569,Aakash Sports Goods,2026-04-29,2026-05-01,SBINN00000000121,2047234,50000,9000,-2106234,chargeback
pay_000566,"INV-2026-00570,INV-2026-00571,INV-2026-00572",Ashoka Timber Depot,2026-05-12,2026-05-13,HDFCN00000000122,27193132,543863,97895,26551374,payment
pay_000567,INV- 2026-00573,Vertex Lab Equipment,2026-05-12,2026-05-13,HDFCN00000000122,4470228,89405,16093,4364730,payment
pay_000568,"INV-2026-00574,INV-2026-00575",Kalyani Engineering,2026-05-12,2026-05-13,HDFCN00000000122,16237766,324755,58456,15854555,payment
pay_000569,INV-2026-00567,Chandra Printing Press,2026-05-12,2026-05-13,HDFCN00000000122,17147211,342944,61730,16742537,payment
pay_000570,INV-2026-00577,Nirmal Water Systems,2026-05-12,2026-05-13,HDFCN00000000122,15830771,316615,56991,15457165,payment
pay_000571,INV-2026-00578,Meenakshi Traders,2026-05-12,2026-05-13,HDFCN00000000122,16793506,335870,60457,16397179,payment
pay_000572,INV-2026-00579,Vishal Auto Components,2026-05-12,2026-05-13,HDFCN00000000122,13047551,260951,46971,12739629,payment
pay_000573,INV 2026 00580,Kalyani Engineering,2026-05-04,2026-05-05,ICICN00000000123,13538613,270772,48739,13219102,payment
pay_000574,INV-2026-00581/PART,Rajesh Textiles Pvt Ltd,2026-05-04,2026-05-05,ICICN00000000123,7871565,157431,28338,7685796,payment
pay_000575,INV-2026-00582,Nirmal Water Systems,2026-05-04,2026-05-05,ICICN00000000123,16562251,331245,59624,16171382,payment
pay_000576,INV-2026-00583,Ganesh Cement Agencies,2026-05-04,2026-05-05,ICICN00000000123,6505974,130119,23421,6352434,payment
pay_000577,INV-2026-00584,Coastal Marine Exports,2026-05-04,2026-05-05,ICICN00000000123,15370228,307405,55333,15007490,payment
pay_000578,INV-2026-00585,Trident Paper Mills,2026-05-04,2026-05-05,SBINN00000000124,820233,16405,2953,800875,payment
pay_000579,INV-2026-00586,Greenleaf Organics,2026-04-18,2026-04-20,HDFCN00000000125,4588645,91773,16519,4480353,payment
pay_000580,INV-2026-00587,Kaveri Agro Foods,2026-04-18,2026-04-20,HDFCN00000000125,4912374,98247,17684,4796443,payment
pay_000581,INV-2026-00587,Kaveri Agro Foods,2026-04-18,2026-04-20,HDFCN00000000125,758045,15161,2729,740155,payment
pay_000582,INV-2026-00588,Himalaya Packaging,2026-04-18,2026-04-20,HDFCN00000000125,7531377,150628,27113,7353636,payment
pay_000583,inv-2026-00589,Sagar Chemicals,2026-04-18,2026-04-20,HDFCN00000000125,13731827,274637,49435,13407755,payment
pay_000584,INV-2026-00590,Nandini Dairy Products,2026-04-18,2026-04-20,HDFCN00000000125,2416750,48335,8700,2359715,payment
pay_000585,INV-2026-00591,Priya Garments,2026-04-18,2026-04-20,HDFCN00000000125,2510958,50219,9039,2451700,payment
pay_000586,INV-2026-00592,Zenith Office Supplies,2026-04-18,2026-04-20,HDFCN00000000125,17256804,345136,62124,16849544,payment
pay_000587,INV-2026-00593,Ashoka Timber Depot,2026-05-27,2026-05-29,ICICN00000000126,1965309,39306,7075,1918928,payment
pay_000588,INV-2026-00594,Chandra Printing Press,2026-05-27,2026-05-29,ICICN00000000126,372472,7449,1341,363682,payment
pay_000589,INV-2026-00595,Trident Paper Mills,2026-05-27,2026-05-29,ICICN00000000126,6098069,121961,21953,5954155,payment
pay_000590,INV202600596,Kalyani Engineering,2026-05-27,2026-05-29,ICICN00000000126,14499877,289998,52200,14157679,payment
pay_000591,INV-2026-00597,Silverline Cosmetics,2026-05-27,2026-05-29,ICICN00000000126,7851286,157026,28265,7665995,payment
pay_000592,INV-2026-00598,Bharat Tyre Traders,2026-05-27,2026-05-29,ICICN00000000126,12294251,245885,44259,,payment
pay_000593,INV-2026-00599,Chandra Printing Press,2026-05-15,2026-05-17,SBINN00000000127,5450187,109004,19621,5321562,payment
pay_000594,INV-2026-00600,Orchid Pharma Distributors,2026-05-15,2026-05-17,SBINN00000000127,9854148,197083,35475,9621590,payment
pay_000595,INV-2026-00601,Ganesh Cement Agencies,2026-05-15,2026-05-17,SBINN00000000127,19920044,398401,71712,19449931,payment
pay_000596,INV-2026-00602,Bluewave Logistics LLP,2026-05-07,2026-05-09,KKBKN00000000128,2928312,58566,10542,,payment
pay_000597,INV-2026-00603,Anand Furniture House,2026-06-19,2026-06-21,KKBKN00000000129,8724383,174488,31408,8518487,payment
pay_000598,1NV-2026-00604,Sharma Hardware Stores,2026-06-19,2026-06-21,KKBKN00000000129,3116723,62334,11220,3043169,payment
pay_000599,INV-2026-00605,Himalaya Packaging,2026-06-19,2026-06-21,KKBKN00000000129,8418228,168365,30306,8219557,payment
pay_000600,INV-2026-00605,Himalaya Packaging,2026-06-19,2026-06-21,KKBKN00000000129,2659544,53191,9574,2596779,payment
pay_000601,INV-2026-00606,Konark Ceramics,2026-06-19,2026-06-21,KKBKN00000000129,5214743,104295,18773,5091675,payment
pay_000602,INV-2026-00607,Pinnacle Interiors,2026-06-19,2026-06-21,KKBKN00000000129,607903,12158,2188,593557,payment
pay_000603,INV-2026-00608,Bluewave Logistics LLP,2026-06-19,2026-06-21,KKBKN00000000129,2252431,45049,8109,2199273,payment
pay_000604,INV-2026-00608,Bluewave Logistics LLP,2026-06-19,2026-06-21,KKBKN00000000129,6428838,50000,9000,-6487838,chargeback
pay_000605,INV-2026-00609,Nirmal Water Systems,2026-04-09,2026-04-10,SBINN00000000130,11184932,223699,40266,10920967,payment
pay_000606,INV-2026-00610,Sunrise Electronics,2026-04-09,2026-04-10,SBINN00000000130,7464828,149297,26873,7288658,payment
pay_000607,INV-2026-00611,Ganesh Cement Agencies,2026-04-09,2026-04-10,SBINN00000000130,15291781,305836,55050,14930895,payment
pay_000608,INV-2026-00612,Priya Garments,2026-04-09,2026-04-10,SBINN00000000130,8800544,176011,31682,8592851,payment
pay_000609,INV-2026-00613,Kaveri Agro Foods,2026-04-09,2026-04-10,SBINN00000000130,11421172,228423,41116,11151633,payment
pay_000610,INV-2026-00614,Kalyani Engineering,2026-05-29,2026-05-30,SBINN00000000131,15987318,319746,57554,15610018,payment
pay_000611,INV-2026-00614,Kalyani Engineering,2026-05-29,2026-05-30,SBINN00000000131,1554415,31088,5596,1517731,payment
pay_000612,INV-2026-00615,Nandini Dairy Products,2026-05-29,2026-05-30,SBINN00000000131,13036476,260730,46931,12728815,payment
pay_000613,INV-2026-00616,Bluewave Logistics LLP,2026-05-29,2026-05-30,SBINN00000000131,17282067,345641,62215,16874211,payment
pay_000614,INV-2026-00617,Kalyani Engineering,2026-05-29,2026-05-30,SBINN00000000131,14089062,281781,50721,13756560,payment
pay_000615,"INV-2026-00618,INV-2026-00619,INV-2026-00620",Prakash Lighting Co,2026-04-19,2026-04-20,ICICN00000000132,33886752,677735,121992,33087025,payment
pay_000616,INVOICE-2026-00621,Nandini Dairy Products,2026-04-19,2026-04-20,ICICN00000000132,1768864,35377,6368,1727119,payment
pay_000617,INV-2026-00622,Vishal Auto Components,2026-04-19,2026-04-20,ICICN00000000132,2420265,48405,8713,2363147,payment
pay_000618,INV-2026-00623,Silverline Cosmetics,2026-04-19,2026-04-20,ICICN00000000132,5724491,114490,20608,5589393,payment
pay_000619,INV-2026-00624,Lotus Hospitality Services,2026-04-19,2026-04-20,ICICN00000000132,11392482,227850,41013,11123619,payment
pay_000620,00625,Ratna Jewellers,2026-04-19,2026-04-20,ICICN00000000132,3975235,79505,14311,3881419,payment
pay_000621,INV-2026-00626,Lotus Hospitality Services,2026-04-19,2026-04-20,ICICN00000000132,9737376,194748,35055,9507573,payment
pay_000622,INV-2026-00627,Mahalaxmi Provisions,2026-04-19,2026-04-20,ICICN00000000132,4399841,87997,15839,4296005,payment
pay_000623,INV-2026-00628,Kaveri Agro Foods,2026-06-07,2026-06-08,UTIBN00000000133,19340176,386804,69625,18883747,payment
pay_000624,INV-2026-00629,Himalaya Packaging,2026-06-07,2026-06-08,UTIBN00000000133,11024342,220487,39688,10764167,payment
pay_000625,INV-2026-00630,Kalyani Engineering,2026-06-07,2026-06-08,UTIBN00000000133,12325507,246510,44372,12034625,payment
pay_000626,INV202600631,Prakash Lighting Co,2026-06-07,2026-06-08,UTIBN00000000133,9578080,191562,34481,9352037,payment
pay_000627,INV-2026-00632,Rajesh Textiles Pvt Ltd,2026-06-07,2026-06-08,UTIBN00000000133,19074461,381489,68668,18624304,payment
pay_000628,INV-2026-00633,Ratna Jewellers,2026-06-07,2026-06-08,UTIBN00000000133,1802109,36042,6488,1759579,payment
pay_000629,INV-2026-00634,Deccan Steel Works,2026-06-07,2026-06-08,UTIBN00000000133,8546556,170931,30768,8344857,payment
pay_000630,INV-2026-00635,Trident Paper Mills,2026-04-04,2026-04-05,KKBKN00000000134,7234889,144698,26046,7064145,payment
pay_000631,INV-2026-00636,Bharat Tyre Traders,2026-04-04,2026-04-05,KKBKN00000000134,4021094,80422,14476,3926196,payment
pay_000632,INV-2026-00637,Sunrise Electronics,2026-04-04,2026-04-05,KKBKN00000000134,7670043,153401,27612,7489030,payment
pay_000633,"INV-2026-00638,INV-2026-00639,INV-2026-00640",Prakash Lighting Co,2026-04-04,2026-04-05,KKBKN00000000134,36285877,725718,130629,35429530,payment
pay_000634,INV-2026-00641,Zenith Office Supplies,2026-04-04,2026-04-05,KKBKN00000000134,15836480,316730,57011,15462739,payment
pay_000635,INV-2026-00642,Surya Solar Solutions,2026-04-04,2026-04-05,KKBKN00000000134,11870276,237406,42733,11590137,payment
pay_000636,INV-2026-00643,Nandini Dairy Products,2026-04-04,2026-04-05,KKBKN00000000134,2346570,46931,8448,2291191,payment
pay_000637,"INV-2026-00644,INV-2026-00645,INV-2026-00646",Everest Cold Storage,2026-04-04,2026-04-05,KKBKN00000000134,31475603,629512,113312,30732779,payment
pay_000638,INV-2026-00647,Infinite Loop Software,2026-05-15,2026-05-16,HDFCN00000000135,14594774,291895,52541,14250338,payment
pay_000639,INV-2026-00648,Konark Ceramics,2026-04-19,2026-04-20,ICICN00000000136,19145850,382917,68925,18694008,payment
pay_000640,INV-2026-00649,Indus Valley Handicrafts,2026-06-26,2026-06-27,SBINN00000000137,7312310,146246,26324,7139740,payment
pay_000641,"INV-2026-00650,INV-2026-00651",Vertex Lab Equipment,2026-06-26,2026-06-27,SBINN00000000137,17066285,341326,61439,16663520,payment
pay_000642,INV-2026-00652,Ratna Jewellers,2026-06-26,2026-06-27,SBINN00000000137,17386897,347738,62593,16976566,payment
pay_000643,INV-2026-00653,Infinite Loop Software,2026-06-26,2026-06-27,SBINN00000000137,19696483,393930,70907,19231646,payment
pay_000644,INV-2026-00654,Orchid Pharma Distributors,2026-06-26,2026-06-27,SBINN00000000137,19987182,399744,71954,19515484,payment
pay_000645,INV-2026-00655,Ratna Jewellers,2026-06-07,2026-06-09,ICICN00000000138,5459877,109198,19656,5331023,payment
pay_000646,INV-2026-00656,Surya Solar Solutions,2026-06-07,2026-06-09,ICICN00000000138,10453161,209063,37631,10206467,payment
pay_000647,INV-2026-00657,Ganesh Cement Agencies,2026-06-07,2026-06-09,ICICN00000000138,6530112,130602,23508,6376002,payment
pay_000648,INV-2026-00658,Orchid Pharma Distributors,2026-06-07,2026-06-09,ICICN00000000138,14063591,281272,50629,13731690,payment
pay_000649,INV-2026-00659,Sagarika Seafoods,2026-06-07,2026-06-09,ICICN00000000138,16365793,327316,58917,15979560,payment
pay_000650,INV-2026-00660,Sagar Chemicals,2026-06-07,2026-06-09,ICICN00000000138,15881954,317639,57175,15507140,payment
pay_000651,INV-2026-00661,Greenleaf Organics,2026-06-07,2026-06-09,ICICN00000000138,2509163,50183,9033,2449947,payment
pay_000652,INV-2026-00662,Nirmal Water Systems,2026-06-28,2026-06-30,HDFCN00000000139,13527016,270540,48697,13207779,payment
pay_000653,INV-2026-00663,Prakash Lighting Co,2026-06-28,2026-06-30,HDFCN00000000139,181574,3631,654,177289,payment
pay_000654,INV-2026-00664,Greenleaf Organics,2026-06-28,2026-06-30,HDFCN00000000139,13431021,268620,48352,,payment
pay_000655,INV-2026-00665,Maple Leaf Stationers,2026-06-28,2026-06-30,HDFCN00000000139,11460486,229210,41258,11190018,payment
pay_000656,INV-2026-00666,Deccan Steel Works,2026-06-28,2026-06-30,HDFCN00000000139,6170748,123415,22215,6025118,payment
pay_000657,INV-2026-00667,Vishal Auto Components,2026-06-28,2026-06-30,HDFCN00000000139,947557,18951,3411,925195,payment
pay_000658,INV-2026-00668,Bharat Tyre Traders,2026-04-12,2026-04-14,KKBKN00000000140,12225543,244511,44012,11937020,payment
pay_000659,INV-2026-00669,Himalaya Packaging,2026-05-31,2026-06-01,ICICN00000000141,2310717,46214,8319,2256184,payment
pay_000660,INV-2026-00669,Himalaya Packaging,2026-05-31,2026-06-01,ICICN00000000141,1333332,26667,4800,1301865,payment
pay_000661,INV-2026-00670,Greenleaf Organics,2026-05-31,2026-06-01,ICICN00000000141,1387669,27753,4996,1354920,payment
pay_000662,INV-2026-00671,Lotus Hospitality Services,2026-05-31,2026-06-01,ICICN00000000141,6072393,121448,21861,5929084,payment
pay_000663,"INV-2026-00672,INV-2026-00673",Zenith Office Supplies,2026-05-31,2026-06-01,ICICN00000000141,4999787,99996,17999,4881792,payment
pay_000664,INV-2026-00674,Deccan Steel Works,2026-05-31,2026-06-01,ICICN00000000141,828270,16565,2982,808723,payment
pay_000665,INV-2026-00674,Deccan Steel Works,2026-05-31,2026-06-01,ICICN00000000141,2815842,56317,10137,2749388,payment
pay_000666,INV-2026-00675,Coastal Marine Exports,2026-05-31,2026-06-01,ICICN00000000141,10965034,219301,39474,10706259,payment
pay_000667,INV-2026-00676,Himalaya Packaging,2026-05-31,2026-06-01,ICICN00000000141,871063,17421,3136,850506,payment
pay_000668,INV-2026-00676,Himalaya Packaging,2026-05-31,2026-06-01,ICICN00000000141,23695117,50000,9000,-23754117,chargeback
pay_000669,INV-2026-00677,Nirmal Water Systems,2026-05-03,2026-05-05,HDFCN00000000142,18867896,377358,67924,18422614,payment
pay_000670,INV-2026-00678,Aakash Sports Goods,2026-05-03,2026-05-05,HDFCN00000000142,38699,774,139,37786,payment
pay_000671,INV-2026-00678,Aakash Sports Goods,2026-05-03,2026-05-05,HDFCN00000000142,4158316,83166,14970,4060180,payment
pay_000672,INV-2026-00678,Aakash Sports Goods,2026-05-03,2026-05-05,HDFCN00000000142,1108421,22168,3990,1082263,payment
pay_000673,INV-2026-00679,Rajesh Textiles Pvt Ltd,2026-05-03,2026-05-05,HDFCN00000000142,13945012,278900,50202,13615910,payment
pay_000674,INV-2026-00680,Coastal Marine Exports,2026-05-03,2026-05-05,HDFCN00000000142,13766558,275331,49560,13441667,payment
pay_000675,INV-2026-00681,Chandra Printing Press,2026-05-03,2026-05-05,HDFCN00000000142,5461248,109225,19661,5332362,payment
pay_000676,INV-2026-00682,Lotus Hospitality Services,2026-05-03,2026-05-05,HDFCN00000000142,85639,1713,308,83618,payment
pay_000677,INV-2026-00682,Lotus Hospitality Services,2026-05-03,2026-05-05,HDFCN00000000142,94818,1896,341,92581,payment
pay_000678,INV-2026-00682,Lotus Hospitality Services,2026-05-03,2026-05-05,HDFCN00000000142,13227,265,48,12914,payment
pay_000679,INV-2026-00683,Prakash Lighting Co,2026-05-03,2026-05-05,HDFCN00000000142,18371575,367432,66138,17938005,payment
pay_000680,INV-2026-00684,Meenakshi Traders,2026-05-03,2026-05-05,HDFCN00000000143,1233597,24672,4441,1204484,payment
pay_000681,INV-2026-00684,Meenakshi Traders,2026-05-03,2026-05-05,HDFCN00000000143,504359,10087,1816,492456,payment
pay_000682,INV-2026-00684,Meenakshi Traders,2026-05-03,2026-05-05,HDFCN00000000143,1084162,21683,3903,1058576,payment
pay_000683,INV-2026-00685,Sharma Hardware Stores,2026-05-03,2026-05-05,HDFCN00000000143,3502800,70056,12610,,payment
pay_000684,INV-2026-00686,Sagar Chemicals,2026-05-22,2026-05-23,ICICN00000000144,17092700,341854,61534,16689312,payment
pay_000685,INV-2026-00687,Ashoka Timber Depot,2026-05-22,2026-05-23,ICICN00000000144,9365721,187314,33717,9144690,payment
pay_000686,INV-2026-00688,Kalyani Engineering,2026-05-22,2026-05-23,ICICN00000000144,15913645,318273,57289,15538083,payment
pay_000687,REF INV-2026-00689 - THANKS,Meenakshi Traders,2026-05-22,2026-05-23,ICICN00000000144,9954147,199083,35835,9719229,payment
pay_000688,INV-2026-00690,Silverline Cosmetics,2026-05-22,2026-05-23,ICICN00000000144,11848523,236970,42655,11568898,payment
pay_000689,INV-2026-00691,Deccan Steel Works,2026-04-07,2026-04-09,ICICN00000000145,4197513,83950,15111,4098452,payment
pay_000690,INV 2026 00691,Deccan Steel Works,2026-04-07,2026-04-09,ICICN00000000145,11753675,235074,42313,11476288,payment
pay_000691,INV-2026-00692,Prakash Lighting Co,2026-04-07,2026-04-09,ICICN00000000145,2166710,43334,7800,2115576,payment
pay_000692,INVOICE-2026-00693,Silverline Cosmetics,2026-04-07,2026-04-09,ICICN00000000145,7171661,143433,25818,7002410,payment
pay_000693,INV-2026-00694,Chandra Printing Press,2026-04-07,2026-04-09,ICICN00000000145,2078362,41567,7482,2029313,payment
pay_000694,INV-2026-00695,Infinite Loop Software,2026-04-07,2026-04-09,ICICN00000000145,17834596,356692,64205,17413699,payment
pay_000695,INV-2026-00696,Himalaya Packaging,2026-04-07,2026-04-09,ICICN00000000145,1334964,26699,4806,1303459,payment
pay_000696,INV-2026-00696,Himalaya Packaging,2026-04-07,2026-04-09,ICICN00000000145,364431,7289,1312,355830,payment
pay_000697,INV-2026-00696,Himalaya Packaging,2026-04-07,2026-04-09,ICICN00000000145,2368277,47366,8526,2312385,payment
pay_000698,INV-2026-00697,Lotus Hospitality Services,2026-06-11,2026-06-13,SBINN00000000146,10581231,211625,38093,10331513,payment
pay_000699,INV-2026-00698,Kalyani Engineering,2026-06-11,2026-06-13,SBINN00000000146,9587351,191747,34514,9361090,payment
pay_000700,INV-2026-00699,Bharat Tyre Traders,2026-06-11,2026-06-13,SBINN00000000146,12207455,244149,43947,11919359,payment
pay_000701,INV-2026-00700,Coastal Marine Exports,2026-06-11,2026-06-13,SBINN00000000146,5918128,118363,21305,5778460,payment
pay_000702,1NV-2026-00701,Indus Valley Handicrafts,2026-06-11,2026-06-13,SBINN00000000146,4920539,98411,17714,4804414,payment
pay_000703,INV-2026-00701,Indus Valley Handicrafts,2026-06-11,2026-06-13,SBINN00000000146,3240729,64815,11667,3164247,payment
pay_000704,#INV-2026-00701,Indus Valley Handicrafts,2026-06-11,2026-06-13,SBINN00000000146,83255,1665,300,81290,payment
pay_000705,INV-2026-00702,Nirmal Water Systems,2026-06-11,2026-06-13,SBINN00000000146,8010935,160219,28839,7821877,payment
pay_000706,INVOICE-2026-00703,Rajesh Textiles Pvt Ltd,2026-04-24,2026-04-26,SBINN00000000147,7571350,151427,27257,7392666,payment
pay_000707,INV-2026-00704,Orchid Pharma Distributors,2026-04-24,2026-04-26,SBINN00000000147,17349388,346988,62458,16939942,payment
pay_000708,REF INV-2026-00705 - THANKS,Lotus Hospitality Services,2026-04-24,2026-04-26,SBINN00000000147,952213,19044,3428,,payment
pay_000709,INV-2026-00706,Bharat Tyre Traders,2026-04-07,2026-04-08,SBINN00000000148,12467372,249347,44882,,payment
pay_000710,INV-2026-00707,Greenleaf Organics,2026-04-07,2026-04-08,SBINN00000000148,4937072,98741,17773,4820558,payment
pay_000711,INV-2026-00707,Greenleaf Organics,2026-04-07,2026-04-08,SBINN00000000148,124816,2496,449,121871,payment
pay_000712,INV-2026-00708,Zenith Office Supplies,2026-04-07,2026-04-08,SBINN00000000148,3273524,65470,11785,3196269,payment
pay_000713,INV-2026-00709,Everest Cold Storage,2026-04-07,2026-04-08,SBINN00000000148,557292,11146,2006,544140,payment
pay_000714,INV-2026-00710,Ratna Jewellers,2026-04-07,2026-04-08,SBINN00000000148,242782,4856,874,237052,payment
pay_000715,INV-2026-00711,Surya Solar Solutions,2026-04-07,2026-04-08,SBINN00000000148,16070500,321410,57854,15691236,payment
pay_000716,INV-2026-00712,Sharma Hardware Stores,2026-06-19,2026-06-20,UTIBN00000000149,2539348,50787,9142,2479419,payment
pay_000717,INV-2026-00713,Sagarika Seafoods,2026-06-19,2026-06-20,UTIBN00000000149,5823852,116477,20966,5686409,payment
pay_000718,INV-2026-00714,Kalyani Engineering,2026-06-19,2026-06-20,UTIBN00000000149,17281770,345635,62214,16873921,payment
pay_000719,INV-2026-00715,Deccan Steel Works,2026-06-19,2026-06-20,UTIBN00000000149,4157811,83156,14968,4059687,payment
pay_000720,INV-2026-00716,Deccan Steel Works,2026-06-19,2026-06-20,UTIBN00000000149,2009153,40183,7233,1961737,payment
pay_000721,INV-2026-00717,Meenakshi Traders,2026-06-19,2026-06-20,UTIBN00000000149,17528990,350580,63104,17115306,payment
pay_000722,INVOICE-2026-00718,Ganesh Cement Agencies,2026-06-19,2026-06-20,ICICN00000000150,15279195,305584,55005,14918606,payment
pay_000723,INV-2026-00719,Everest Cold Storage,2026-05-18,2026-05-19,ICICN00000000151,2368815,47376,8528,2312911,payment
pay_000724,"INV-2026-00720,INV-2026-00721",Bluewave Logistics LLP,2026-05-18,2026-05-19,ICICN00000000151,20305825,406117,73101,19826607,payment
pay_000725,INV-2026-00722,Himalaya Packaging,2026-05-18,2026-05-19,ICICN00000000151,7514281,150286,27051,7336944,payment
pay_000726,INV-2026-00722,Himalaya Packaging,2026-05-18,2026-05-19,ICICN00000000151,6054771,121095,21797,5911879,payment
pay_000727,INV-2026-00722,Himalaya Packaging,2026-05-18,2026-05-19,ICICN00000000151,3110854,62217,11199,3037438,payment
pay_000728,INV-2026-00723,Chandra Printing Press,2026-05-18,2026-05-19,ICICN00000000151,2131722,42634,7674,2081414,payment
pay_000729,INV 2026 00723,Chandra Printing Press,2026-05-18,2026-05-19,ICICN00000000151,14147754,282955,50932,13813867,payment
pay_000730,INV-2026-00724,Maple Leaf Stationers,2026-05-18,2026-05-19,ICICN00000000151,1567533,31351,5643,1530539,payment
pay_000731,INV-2026-00725,Bluewave Logistics LLP,2026-05-18,2026-05-19,ICICN00000000151,1853956,37079,6674,1810203,payment
pay_000732,INV-2026-00725,Bluewave Logistics LLP,2026-05-18,2026-05-19,ICICN00000000151,6249929,124999,22500,6102430,payment
pay_000733,INV-2026-00726,Surya Solar Solutions,2026-05-18,2026-05-19,ICICN00000000151,2714659,54293,9773,2650593,payment
pay_000734,INV-2026-00726,Surya Solar Solutions,2026-05-18,2026-05-19,ICICN00000000151,1931495,38630,6953,1885912,payment
pay_000735,INV-2O26-00726,Surya Solar Solutions,2026-05-18,2026-05-19,ICICN00000000151,9048709,180974,32575,8835160,payment
pay_000736,INV-2026-00727,Maple Leaf Stationers,2026-06-24,2026-06-25,UTIBN00000000152,18808347,376167,67710,,payment
pay_000737,INV-2026-00728,Maple Leaf Stationers,2026-06-24,2026-06-25,UTIBN00000000152,19036831,380737,68533,18587561,payment
pay_000738,INV-2026-00729,Zenith Office Supplies,2026-06-24,2026-06-25,UTIBN00000000152,11370900,227418,40935,11102547,payment
pay_000739,INV-2026-00730,Surya Solar Solutions,2026-06-24,2026-06-25,UTIBN00000000152,7517350,150347,27062,7339941,payment
pay_000740,INV-2026-00731,Nirmal Water Systems,2026-06-24,2026-06-25,UTIBN00000000152,11142810,222856,40114,10879840,payment
pay_000741,INV-2026-0073,Nirmal Water Systems,2026-06-24,2026-06-25,UTIBN00000000152,2959144,59183,10653,2889308,payment
pay_000742,INV-2026-00732,Ashoka Timber Depot,2026-06-24,2026-06-25,SBINN00000000153,17190588,343812,61886,16784890,payment
pay_000743,INV-2026-00733,Silverline Cosmetics,2026-06-24,2026-06-25,SBINN00000000153,1118426,22369,4026,1092031,payment
pay_000744,INV-2026-00734,Sunrise Electronics,2026-05-30,2026-06-01,SBINN00000000154,11517740,230355,41464,11245921,payment
pay_000745,INV-2026-00735,Meenakshi Traders,2026-05-30,2026-06-01,SBINN00000000154,17658494,353170,63571,17241753,payment
pay_000746,INV-2026-00736,Zenith Office Supplies,2026-05-30,2026-06-01,SBINN00000000154,11471896,229438,41299,,payment
pay_000747,INV-2026-00737,Nandini Dairy Products,2026-05-30,2026-06-01,SBINN00000000154,6291813,125836,22650,6143327,payment
pay_000748,INV-2026-00738,Bharat Tyre Traders,2026-05-30,2026-06-01,SBINN00000000154,275120,5502,990,,payment
pay_000749,INV-2026-00738,Bharat Tyre Traders,2026-05-30,2026-06-01,SBINN00000000154,435678,8714,1569,425395,payment
pay_000750,INV-2026-00738,Bharat Tyre Traders,2026-05-30,2026-06-01,SBINN00000000154,789680,15794,2843,771043,payment
pay_000751,INV-2026-00739,Everest Cold Storage,2026-05-30,2026-06-01,SBINN00000000154,1323806,26476,4766,,payment
pay_000752,INV-2026-00739,Everest Cold Storage,2026-05-30,2026-06-01,SBINN00000000154,1630955,32619,5871,1592465,payment
pay_000753,INV-2026-00739,Everest Cold Storage,2026-05-30,2026-06-01,SBINN00000000154,3248047,64961,11693,3171393,payment
pay_000754,INV-2026-00740/PART,Priya Garments,2026-05-27,2026-05-29,HDFCN00000000155,12524404,250488,45088,12228828,payment
pay_000755,INV-2026-00741,Trident Paper Mills,2026-05-27,2026-05-29,HDFCN00000000155,171046,3421,616,167009,payment
pay_000756,INV-2026-00741,Trident Paper Mills,2026-05-27,2026-05-29,HDFCN00000000155,6201304,124026,22325,6054953,payment
pay_000757,INV-2026-00742,Infinite Loop Software,2026-05-27,2026-05-29,HDFCN00000000155,8126555,162531,29256,7934768,payment
pay_000758,INV-2026-00743/PART,Maple Leaf Stationers,2026-05-27,2026-05-29,HDFCN00000000155,4119577,82392,14831,,payment
pay_000759,INV-2026-00744,Ashoka Timber Depot,2026-05-27,2026-05-29,HDFCN00000000155,3070135,61403,11053,2997679,payment
pay_000760,INV-2026-00745,Orchid Pharma Distributors,2026-05-27,2026-05-29,HDFCN00000000155,10496392,209928,37787,10248677,payment
pay_000761,"INV-2026-00746,INV-2026-00747",Bharat Tyre Traders,2026-05-27,2026-05-29,HDFCN00000000155,19303522,386070,69493,18847959,payment
pay_000762,INV-2026-00748,Konark Ceramics,2026-05-01,2026-05-02,ICICN00000000156,3559910,71198,12816,3475896,payment
pay_000763,INV-2026-00749,Sagarika Seafoods,2026-05-01,2026-05-02,ICICN00000000156,10474301,209486,37707,10227108,payment
pay_000764,INV-2026-00750,Ganesh Cement Agencies,2026-05-01,2026-05-02,ICICN00000000156,3187494,63750,11475,3112269,payment
pay_000765,INV-2026-00751,Priya Garments,2026-05-01,2026-05-02,ICICN00000000156,13818783,276376,49748,13492659,payment
pay_000766,INV-2026-00752,Anand Furniture House,2026-05-01,2026-05-02,ICICN00000000156,17367609,347352,62523,16957734,payment
pay_000767,INV-2026-00753,Deccan Steel Works,2026-05-01,2026-05-02,ICICN00000000156,6238085,124762,22457,6090866,payment
pay_000768,INV-2026-00753,Deccan Steel Works,2026-05-01,2026-05-02,ICICN00000000156,10378210,207564,37362,,payment
pay_000769,INV-2026-00754,Infinite Loop Software,2026-05-01,2026-05-02,ICICN00000000156,11306801,226136,40704,,payment
pay_000770,INV-2026-00755,Konark Ceramics,2026-05-01,2026-05-02,ICICN00000000156,2883824,57676,10382,2815766,payment
pay_000771,INV-2026-00756,Mahalaxmi Provisions,2026-04-05,2026-04-07,ICICN00000000157,15392931,307859,55415,15029657,payment
pay_000772,INV-2026-00757,Bharat Tyre Traders,2026-04-05,2026-04-07,ICICN00000000157,1014995,20300,3654,991041,payment
pay_000773,INV-2026-00758,Kalyani Engineering,2026-04-05,2026-04-07,ICICN00000000157,1465225,29305,5275,,payment
pay_000774,INV 2026 00759,Chandra Printing Press,2026-04-05,2026-04-07,ICICN00000000157,5854634,117093,21077,5716464,payment
pay_000775,INV-2026-00760,Priya Garments,2026-04-05,2026-04-07,ICICN00000000157,16886354,337727,60791,16487836,payment
pay_000776,INV-2026-00761,Prakash Lighting Co,2026-04-05,2026-04-07,ICICN00000000157,17147097,342942,61730,,payment
pay_000777,INV-2026-00762,Bharat Tyre Traders,2026-05-31,2026-06-02,SBINN00000000158,5557834,111157,20008,,payment
pay_000778,"INV-2026-00763,INV-2026-00764,INV-2026-00765",Nandini Dairy Products,2026-05-31,2026-06-02,SBINN00000000158,42150481,843010,151742,,payment
pay_000779,INV-2026-00766,Bluewave Logistics LLP,2026-05-31,2026-06-02,SBINN00000000158,648741,12975,2336,633430,payment
pay_000780,INV-2026-00766,Bluewave Logistics LLP,2026-05-31,2026-06-02,SBINN00000000158,185307,3706,667,180934,payment
pay_000781,INV-2026-00767,Zenith Office Supplies,2026-06-22,2026-06-24,ICICN00000000159,6925213,138504,24931,6761778,payment
pay_000782,INV-2026-00768,Sagarika Seafoods,2026-06-22,2026-06-24,ICICN00000000159,18607574,372151,66987,18168436,payment
pay_000783,INVOICE-2026-00769,Kaveri Agro Foods,2026-06-22,2026-06-24,ICICN00000000159,10381311,207626,37373,10136312,payment
pay_000784,INV-2026-00770,Konark Ceramics,2026-06-22,2026-06-24,ICICN00000000159,4865230,97305,17515,4750410,payment
pay_000785,INV-2026-00771,Silverline Cosmetics,2026-06-22,2026-06-24,ICICN00000000159,15348635,306973,55255,14986407,payment
pay_000786,INV-2026-00772,Ganesh Cement Agencies,2026-06-25,2026-06-27,KKBKN00000000160,8802251,176045,31688,8594518,payment
pay_000787,INV-2026-00772,Ganesh Cement Agencies,2026-06-25,2026-06-27,KKBKN00000000160,4872557,97451,17541,4757565,payment
pay_000788,INV-2026-00773,Priya Garments,2026-06-25,2026-06-27,KKBKN00000000160,7083579,141672,25501,,payment
pay_000789,INV-2026-00774,Coastal Marine Exports,2026-06-25,2026-06-27,KKBKN00000000160,11904589,238092,42857,11623640,payment
pay_000790,INV-2026-00775,Nandini Dairy Products,2026-06-25,2026-06-27,KKBKN00000000160,4116501,82330,14819,4019352,payment
pay_000791,INV-2026-00776,Lotus Hospitality Services,2026-06-25,2026-06-27,KKBKN00000000160,10643682,212874,38317,10392491,payment
pay_000792,INV-2026-00777,Rajesh Textiles Pvt Ltd,2026-06-25,2026-06-27,KKBKN00000000160,8570282,171406,30853,8368023,payment
pay_000793,INV-2026-00778,Vishal Auto Components,2026-06-25,2026-06-27,KKBKN00000000160,18951553,379031,68226,18504296,payment
pay_000794,INV-2026-00779,Kalyani Engineering,2026-06-10,2026-06-11,SBINN00000000161,13068831,261377,47048,12760406,payment
pay_000795,INV-2026-00780,Nandini Dairy Products,2026-06-10,2026-06-11,SBINN00000000161,3985063,79701,14346,3891016,payment
pay_000796,INV-2026-00780,Nandini Dairy Products,2026-06-10,2026-06-11,SBINN00000000161,2438751,48775,8780,2381196,payment
pay_000797,INV-2026-00781,Nirmal Water Systems,2026-06-10,2026-06-11,SBINN00000000161,611095,12222,2200,596673,payment
pay_000798,INV-2026-00782,Greenleaf Organics,2026-04-29,2026-04-30,HDFCN00000000162,3442465,68849,12393,3361223,payment
pay_000799,INV-2026-00783,Kaveri Agro Foods,2026-04-29,2026-04-30,HDFCN00000000162,1059905,21198,3816,1034891,payment
pay_000800,INV-2026-00783,Kaveri Agro Foods,2026-04-29,2026-04-30,HDFCN00000000162,1810826,36217,6519,1768090,payment
pay_000801,INV-2026-00784,Priya Garments,2026-04-29,2026-04-30,HDFCN00000000162,15535507,310710,55928,15168869,payment
pay_000802,INV202600785,Ratna Jewellers,2026-04-29,2026-04-30,HDFCN00000000162,13926860,278537,50137,13598186,payment
pay_000803,INV-2026-00786,Rajesh Textiles Pvt Ltd,2026-04-29,2026-04-30,HDFCN00000000162,2924204,58484,10527,2855193,payment
pay_000804,INV202600786,Rajesh Textiles Pvt Ltd,2026-04-29,2026-04-30,HDFCN00000000162,754371,15087,2716,736568,payment
pay_000805,INV-2026-00787,Priya Garments,2026-04-15,2026-04-17,KKBKN00000000163,7133226,142665,25680,,payment
pay_000806,INV-2026-00788,Konark Ceramics,2026-04-15,2026-04-17,KKBKN00000000163,8274550,165491,29788,8079271,payment
pay_000807,INV-2026-00789,Nirmal Water Systems,2026-04-15,2026-04-17,KKBKN00000000163,12429715,248594,44747,12136374,payment
pay_000808,INV-2026-00790,Pinnacle Interiors,2026-04-15,2026-04-17,KKBKN00000000163,8736510,174730,31451,8530329,payment
pay_000809,INV-2026-00791,Deccan Steel Works,2026-04-15,2026-04-17,KKBKN00000000163,4444635,88893,16001,4339741,payment
pay_000810,INV-2026-00792,Meenakshi Traders,2026-06-13,2026-06-14,HDFCN00000000164,18365420,367308,66115,17931997,payment
pay_000811,INV-2026-00793,Deccan Steel Works,2026-06-13,2026-06-14,HDFCN00000000164,105614,2112,380,103122,payment
pay_000812,INV-2026-00793,Deccan Steel Works,2026-06-13,2026-06-14,HDFCN00000000164,2230693,44614,8031,2178048,payment
pay_000813,INV-2026-00794,Priya Garments,2026-06-13,2026-06-14,HDFCN00000000164,16871674,337433,60738,16473503,payment
pay_000814,INV-2026-00795,Orchid Pharma Distributors,2026-06-13,2026-06-14,HDFCN00000000164,7448035,148961,26813,,payment
pay_000815,INV-2026-00795,Orchid Pharma Distributors,2026-06-13,2026-06-14,HDFCN00000000164,2671967,53439,9619,,payment
pay_000816,INV-2026-00796,Infinite Loop Software,2026-06-13,2026-06-14,HDFCN00000000164,10846862,216937,39049,10590876,payment
pay_000817,INV-2026-00796,Infinite Loop Software,2026-06-13,2026-06-14,HDFCN00000000164,47792887,50000,9000,-47851887,chargeback
pay_000818,INV-2026-00797,Greenleaf Organics,2026-06-10,2026-06-11,KKBKN00000000165,4170498,83410,15014,,payment
pay_000819,"PAYMENT FOR INV-2026-00798,INV-2026-00799,INV-2026-00800",Everest Cold Storage,2026-06-10,2026-06-11,KKBKN00000000165,27184465,543689,97864,26542912,payment
pay_000820,INV-2026-00801,Nandini Dairy Products,2026-06-10,2026-06-11,KKBKN00000000165,698713,13974,2515,682224,payment
pay_000821,INV-2026-00802,Bharat Tyre Traders,2026-06-10,2026-06-11,KKBKN00000000165,113744,2275,410,,payment
pay_000822,INV-2026-00802,Bharat Tyre Traders,2026-06-10,2026-06-11,KKBKN00000000165,2913135,58263,10487,2844385,payment
pay_000823,INV-2026-00803,Sharma Hardware Stores,2026-06-10,2026-06-11,KKBKN00000000165,6575642,131513,23672,6420457,payment
pay_000824,INV-2026-00804,Bluewave Logistics LLP,2026-06-10,2026-06-11,KKBKN00000000165,9831112,196622,35392,9599098,payment
pay_000825,INV-2026-00804,Bluewave Logistics LLP,2026-06-10,2026-06-11,KKBKN00000000165,5019698,100394,18071,4901233,payment
pay_000826,INV-2026-00805,Kaveri Agro Foods,2026-06-10,2026-06-11,KKBKN00000000165,18274551,365491,65788,17843272,payment
pay_000827,INV-2026-00806,Maple Leaf Stationers,2026-05-04,2026-05-06,HDFCN00000000166,9271249,185425,33377,9052447,payment
pay_000828,"INV-2026-00807,INV-2026-00808,INV-2026-00809",Nirmal Water Systems,2026-05-04,2026-05-06,HDFCN00000000166,34569290,691386,124449,,payment
pay_000829,INV-2026-00810,Nirmal Water Systems,2026-05-04,2026-05-06,HDFCN00000000166,12594925,251899,45342,12297684,payment
pay_000830,INV-2026-00811,Nirmal Water Systems,2026-05-04,2026-05-06,HDFCN00000000166,8137657,162753,29296,7945608,payment
pay_000831,INV-2026-00812,Vertex Lab Equipment,2026-05-04,2026-05-06,HDFCN00000000166,6895041,137901,24822,6732318,payment
pay_000832,INV-2026-0081,Konark Ceramics,2026-05-04,2026-05-06,HDFCN00000000166,18774404,375488,67588,18331328,payment
pay_000833,INV-2026-00814,Priya Garments,2026-05-04,2026-05-06,HDFCN00000000166,6558928,131179,23612,6404137,payment
pay_000834,INV-2026-00815,Priya Garments,2026-05-04,2026-05-06,HDFCN00000000166,10128396,202568,36462,9889366,payment
pay_000835,INV-2026-00816,Nirmal Water Systems,2026-04-06,2026-04-08,UTIBN00000000167,4776691,95534,17196,4663961,payment
pay_000836,INV-2026-00817,Trident Paper Mills,2026-04-06,2026-04-08,UTIBN00000000167,1279137,25583,4605,1248949,payment
pay_000837,INV-2026-00818,Ratna Jewellers,2026-04-06,2026-04-08,UTIBN00000000167,18788897,375778,67640,,payment
pay_000838,INV-2026-00819,Bharat Tyre Traders,2026-04-06,2026-04-08,UTIBN00000000167,15458458,309169,55650,15093639,payment
pay_000839,INV-2026-00820,Zenith Office Supplies,2026-04-06,2026-04-08,UTIBN00000000167,6222298,124446,22400,6075452,payment
pay_000840,INV-2026-00821,Priya Garments,2026-04-06,2026-04-08,UTIBN00000000167,7114230,142285,25611,6946334,payment
pay_000841,INV 2026 00821,Priya Garments,2026-04-06,2026-04-08,UTIBN00000000167,8938702,178774,32179,8727749,payment
pay_000842,INV-2026-00821,Priya Garments,2026-04-06,2026-04-08,UTIBN00000000167,3055728,61115,11001,2983612,payment
pay_000843,INV-2026-00822,Konark Ceramics,2026-04-06,2026-04-08,UTIBN00000000167,11092405,221848,39933,10830624,payment
pay_000844,INV-2026-00823,Sunrise Electronics,2026-05-30,2026-06-01,SBINN00000000168,14126470,282529,50855,13793086,payment
pay_000845,"INV-2026-00824,INV-2026-00825",Nirmal Water Systems,2026-05-30,2026-06-01,SBINN00000000168,19734987,394700,71046,19269241,payment
pay_000846,00826,Meenakshi Traders,2026-05-30,2026-06-01,SBINN00000000168,19876603,397532,71556,19407515,payment
pay_000847,INV-2026-00827,Maple Leaf Stationers,2026-05-30,2026-06-01,SBINN00000000168,16329318,326586,58785,15943947,payment
pay_000848,INV-2026-00828,Nirmal Water Systems,2026-04-03,2026-04-04,UTIBN00000000169,4365639,87313,15716,4262610,payment
pay_000849,INV-2026-00828,Nirmal Water Systems,2026-04-03,2026-04-04,UTIBN00000000169,232975,4660,839,,payment
pay_000850,INV-2026-00828,Nirmal Water Systems,2026-04-03,2026-04-04,UTIBN00000000169,3980746,79615,14331,3886800,payment
pay_000851,INV-2026-00829,Vertex Lab Equipment,2026-04-03,2026-04-04,UTIBN00000000169,10710439,214209,38558,10457672,payment
pay_000852,INV-2026-00830,Prakash Lighting Co,2026-04-03,2026-04-04,UTIBN00000000169,5683559,113671,20461,5549427,payment
pay_000853,INV-2026-00830,Prakash Lighting Co,2026-04-03,2026-04-04,UTIBN00000000169,51713,1034,186,50493,payment
pay_000854,INV-2026-00830,Prakash Lighting Co,2026-04-03,2026-04-04,UTIBN00000000169,2643871,52877,9518,2581476,payment
pay_000855,INV-2026-00831,Aakash Sports Goods,2026-04-03,2026-04-04,UTIBN00000000169,11233978,224680,40442,10968856,payment
pay_000856,INV-2026-00832,Sagarika Seafoods,2026-04-03,2026-04-04,UTIBN00000000169,5869637,117393,21131,5731113,payment
pay_000857,INV- 2026-00833,Kaveri Agro Foods,2026-04-03,2026-04-04,UTIBN00000000169,129628,2593,467,126568,payment
pay_000858,INV-2026-00833,Kaveri Agro Foods,2026-04-03,2026-04-04,UTIBN00000000169,2177349,43547,7838,2125964,payment
pay_000859,INV-2026-00834,Trident Paper Mills,2026-04-13,2026-04-14,SBINN00000000170,3196504,63930,11507,3121067,payment
pay_000860,INV-2026-00835,Pinnacle Interiors,2026-04-13,2026-04-14,SBINN00000000170,16593787,331876,59738,16202173,payment
pay_000861,inv-2026-00836,Nandini Dairy Products,2026-04-13,2026-04-14,SBINN00000000170,10640183,212804,38305,10389074,payment
pay_000862,INV-2026-00837,Himalaya Packaging,2026-04-13,2026-04-14,SBINN00000000170,16816814,336336,60540,16419938,payment
pay_000863,INV-2026-00838,Rajesh Textiles Pvt Ltd,2026-06-23,2026-06-25,KKBKN00000000171,11839960,236799,42624,11560537,payment
pay_000864,INV-2026-00839,Lotus Hospitality Services,2026-06-23,2026-06-25,KKBKN00000000171,643750,12875,2318,628557,payment
pay_000865,INV-2026-00839,Lotus Hospitality Services,2026-06-23,2026-06-25,KKBKN00000000171,1168291,23366,4206,1140719,payment
pay_000866,INV-2026-00840,Rudra Plastics,2026-06-23,2026-06-25,KKBKN00000000171,1027541,20551,3699,,payment
pay_000867,INV-2026-00841,Konark Ceramics,2026-06-23,2026-06-25,KKBKN00000000171,4957534,99151,17847,4840536,payment
pay_000868,INV-2026-00842,Chandra Printing Press,2026-06-23,2026-06-25,KKBKN00000000171,1564259,31285,5631,1527343,payment
pay_000869,INV-2026-00843,Nandini Dairy Products,2026-04-22,2026-04-24,KKBKN00000000172,12991609,259832,46770,,payment
pay_000870,INV-2026-00844,Greenleaf Organics,2026-04-22,2026-04-24,KKBKN00000000172,18791118,375822,67648,18347648,payment
pay_000871,INV-2026-00845,Anand Furniture House,2026-04-22,2026-04-24,KKBKN00000000172,17762530,355251,63945,17343334,payment
pay_000872,INV-2026-00846,Nirmal Water Systems,2026-04-01,2026-04-02,HDFCN00000000173,4101346,82027,14765,4004554,payment
pay_000873,INVOICE-2026-00847,Greenleaf Organics,2026-04-01,2026-04-02,HDFCN00000000173,83593,1672,301,81620,payment
pay_000874,"INV-2026-00848,INV-2026-00849",Himalaya Packaging,2026-04-01,2026-04-02,HDFCN00000000173,32301835,646037,116287,31539511,payment
pay_000875,INV-2026-00850,Kalyani Engineering,2026-04-01,2026-04-02,HDFCN00000000173,6262294,125246,22544,6114504,payment
pay_000876,INV-2026-00851,Mahalaxmi Provisions,2026-04-01,2026-04-02,HDFCN00000000173,19071117,381422,68656,18621039,payment
pay_000877,INV-2026-00852,Himalaya Packaging,2026-04-01,2026-04-02,HDFCN00000000173,4591282,91826,16529,4482927,payment
pay_000878,INV-2026-00853,Bharat Tyre Traders,2026-04-01,2026-04-02,HDFCN00000000173,732559,14651,2637,715271,payment
pay_000879,INV-2026-00854,Orchid Pharma Distributors,2026-04-01,2026-04-02,HDFCN00000000173,261752,5235,942,255575,payment
pay_000880,INV-2026-00855,Vishal Auto Components,2026-06-28,2026-06-30,HDFCN00000000174,1818323,36366,6546,1775411,payment
pay_000881,INV-2026-00856,Everest Cold Storage,2026-06-28,2026-06-30,HDFCN00000000174,1092861,21857,3934,1067070,payment
pay_000882,INV-2026-00857,Chandra Printing Press,2026-05-18,2026-05-20,SBINN00000000175,3056191,61124,11002,2984065,payment
pay_000883,"INV-2026-00858,INV-2026-00859",Sagarika Seafoods,2026-05-18,2026-05-20,SBINN00000000175,17381750,347635,62574,16971541,payment
pay_000884,INV-2026-00860,Infinite Loop Software,2026-05-18,2026-05-20,SBINN00000000175,5302744,106055,19090,5177599,payment
pay_000885,INV-2026-00861,Coastal Marine Exports,2026-05-18,2026-05-20,SBINN00000000175,12880613,257612,46370,12576631,payment
pay_000886,INV-2026-00862,Himalaya Packaging,2026-04-15,2026-04-16,SBINN00000000176,13919578,278392,50111,13591075,payment
pay_000887,INV-2026-00863,Sunrise Electronics,2026-04-15,2026-04-16,SBINN00000000176,16725949,334519,60213,16331217,payment
pay_000888,INV-2026-00864,Ganesh Cement Agencies,2026-04-15,2026-04-16,SBINN00000000176,15768475,315370,56767,15396338,payment
pay_000889,INV-2026-00865,Bluewave Logistics LLP,2026-05-14,2026-05-15,SBINN00000000177,19619695,392394,70631,,payment
pay_000890,INV-2026-00866,Everest Cold Storage,2026-05-14,2026-05-15,SBINN00000000177,14079241,281585,50685,13746971,payment
pay_000891,INV-2026-00867,Ratna Jewellers,2026-05-14,2026-05-15,SBINN00000000177,17070376,341408,61453,16667515,payment
pay_000892,INV-2026-00868,Pinnacle Interiors,2026-05-14,2026-05-15,SBINN00000000177,10633408,212668,38280,10382460,payment
pay_000893,INV-2026-00869,Meenakshi Traders,2026-05-03,2026-05-05,KKBKN00000000178,6999901,139998,25200,6834703,payment
pay_000894,INV-2026-00870,Lotus Hospitality Services,2026-05-03,2026-05-05,KKBKN00000000178,1123058,22461,4043,,payment
pay_000895,INV-2026-00870,Lotus Hospitality Services,2026-05-03,2026-05-05,KKBKN00000000178,9058266,181165,32610,8844491,payment
pay_000896,INV-2026-00871,Sagar Chemicals,2026-04-28,2026-04-29,UTIBN00000000179,9008830,180177,32432,8796221,payment
pay_000897,INV-2026-00872,Priya Garments,2026-04-28,2026-04-29,UTIBN00000000179,5831300,116626,20993,5693681,payment
pay_000898,INV-2026-00872,Priya Garments,2026-04-28,2026-04-29,UTIBN00000000179,9284223,185684,33423,9065116,payment
pay_000899,INV-2026-00872,Priya Garments,2026-04-28,2026-04-29,UTIBN00000000179,144774,2895,521,141358,payment
pay_000900,INV-2026-00873,Mahalaxmi Provisions,2026-04-28,2026-04-29,UTIBN00000000179,6446868,128937,23209,6294722,payment
pay_000901,INV-2026-00874,Bharat Tyre Traders,2026-04-28,2026-04-29,UTIBN00000000179,7974566,159491,28708,7786367,payment
pay_000902,INV-2026-00875,Nandini Dairy Products,2026-04-28,2026-04-29,UTIBN00000000179,7789579,155792,28043,7605744,payment
pay_000903,"INV-2026-00876,INV-2026-00877",Kalyani Engineering,2026-04-28,2026-04-29,UTIBN00000000179,27036470,540729,97331,26398410,payment
pay_000904,INV-2026-00878,Infinite Loop Software,2026-04-28,2026-04-29,UTIBN00000000179,10071215,201424,36256,9833535,payment
pay_000905,INV-2026-00879,Konark Ceramics,2026-04-28,2026-04-29,KKBKN00000000180,83587827,1671757,300916,,payment
pay_000906,INV-2026-00880,Konark Ceramics,2026-05-20,2026-05-21,SBINN00000000181,16469269,329385,59289,16080595,payment
pay_000907,INV-2026-00881,Chandra Printing Press,2026-05-20,2026-05-21,SBINN00000000181,10994952,219899,39582,10735471,payment
pay_000908,INV-2026-00882,Rajesh Textiles Pvt Ltd,2026-05-20,2026-05-21,SBINN00000000181,4644731,92895,16721,4535115,payment
pay_000909,INV-2026-00883,Sagarika Seafoods,2026-05-20,2026-05-21,SBINN00000000181,6962231,139245,25064,6797922,payment
pay_000910,INV-2026-00884,Aakash Sports Goods,2026-05-20,2026-05-21,SBINN00000000181,6684978,133700,24066,6527212,payment
pay_000911,INV-2026-00885,Mahalaxmi Provisions,2026-05-20,2026-05-21,SBINN00000000181,10008614,200172,36031,9772411,payment
pay_000912,INV-2026-00886,Coastal Marine Exports,2026-05-20,2026-05-21,SBINN00000000181,13939275,278786,50181,13610308,payment
pay_000913,INV-2026-00886,Coastal Marine Exports,2026-05-20,2026-05-21,SBINN00000000181,7846110,0,0,-7846110,refund
pay_000914,INV-2026-00887,Kalyani Engineering,2026-06-27,2026-06-29,ICICN00000000182,14487253,289745,52154,14145354,payment
pay_000915,"INV-2026-00888,INV-2026-00889,INV-2026-00890",Trident Paper Mills,2026-06-27,2026-06-29,ICICN00000000182,31427663,628553,113140,30685970,payment
pay_000916,INV-2026-00891,Orchid Pharma Distributors,2026-06-27,2026-06-29,ICICN00000000182,4061661,81233,14622,3965806,payment
pay_000917,INV-2026-00892,Pinnacle Interiors,2026-06-27,2026-06-29,ICICN00000000182,15021371,300427,54077,14666867,payment
pay_000918,"INV-2026-00893,INV-2026-00894,INV-2026-00895",Ratna Jewellers,2026-04-13,2026-04-14,HDFCN00000000183,42697155,853943,153710,41689502,payment
pay_000919,INV-2026-00896,Aakash Sports Goods,2026-04-13,2026-04-14,HDFCN00000000183,6503404,130068,23412,6349924,payment
pay_000920,INV-2026-00897/PART,Infinite Loop Software,2026-04-13,2026-04-14,HDFCN00000000183,6347225,126945,22850,6197430,payment
pay_000921,"INV-2026-00898,INV-2026-00899",Meenakshi Traders,2026-04-13,2026-04-14,HDFCN00000000183,33605022,672100,120978,32811944,payment
pay_000922,INV-2026-00900,Aakash Sports Goods,2026-06-03,2026-06-04,UTIBN00000000184,16915266,338305,60895,16516066,payment
pay_000923,INV-2026-00901,Orchid Pharma Distributors,2026-06-03,2026-06-04,UTIBN00000000184,7573101,151462,27263,7394376,payment
pay_000924,INV-2026-00902,Nandini Dairy Products,2026-06-03,2026-06-04,UTIBN00000000184,3484537,69691,12544,3402302,payment
pay_000925,INV-2026-00903,Konark Ceramics,2026-06-03,2026-06-04,UTIBN00000000184,12187169,243743,43874,11899552,payment
pay_000926,INV-2026-00904,Everest Cold Storage,2026-06-03,2026-06-04,UTIBN00000000184,1311573,26231,4722,1280620,payment
pay_000927,INV-2026-00904,Everest Cold Storage,2026-06-03,2026-06-04,UTIBN00000000184,193220,3864,696,188660,payment
pay_000928,INV-2026-00905,Chandra Printing Press,2026-06-03,2026-06-04,UTIBN00000000184,10155021,203100,36558,9915363,payment
pay_000929,INV-2026-00906,Sunrise Electronics,2026-06-03,2026-06-04,UTIBN00000000184,1444067,28881,5199,1409987,payment
pay_000930,INV-2026-00906,Sunrise Electronics,2026-06-03,2026-06-04,UTIBN00000000184,1262928,25259,4547,1233122,payment
pay_000931,INV-2026-00907,Bluewave Logistics LLP,2026-06-03,2026-06-04,UTIBN00000000184,17784324,355686,64023,17364615,payment
pay_000932,INV-2026-00908,Aakash Sports Goods,2026-04-08,2026-04-10,KKBKN00000000185,14637643,292753,52696,14292194,payment
pay_000933,INV-2026-00909,Kaveri Agro Foods,2026-04-08,2026-04-10,KKBKN00000000185,16773489,335470,60385,,payment
pay_000934,INV-2026-00910,Meenakshi Traders,2026-04-08,2026-04-10,KKBKN00000000185,16591545,331831,59730,16199984,payment
pay_000935,INV-2026-00911,Nirmal Water Systems,2026-04-08,2026-04-10,SBINN00000000186,9378460,187569,33762,9157129,payment
pay_000936,"INV-2026-00912,INV-2026-00913",Orchid Pharma Distributors,2026-05-17,2026-05-19,ICICN00000000187,19458873,389177,70052,18999644,payment
pay_000937,INV-2026-00914,Ganesh Cement Agencies,2026-05-17,2026-05-19,ICICN00000000187,6964219,139284,25071,6799864,payment
pay_000938,#INV-2026-00915,Indus Valley Handicrafts,2026-05-17,2026-05-19,ICICN00000000187,5679146,113583,20445,5545118,payment
pay_000939,INV-2026-00916,Ganesh Cement Agencies,2026-05-17,2026-05-19,ICICN00000000187,7102009,142040,25567,6934402,payment
pay_000940,INV-2026-00917,Ashoka Timber Depot,2026-05-17,2026-05-19,UTIBN00000000188,19468130,389363,70085,19008682,payment
pay_000941,INV-2026-00918,Kaveri Agro Foods,2026-05-17,2026-05-19,UTIBN00000000188,291797,5836,1050,284911,payment
pay_000942,INV-2026-00919,Everest Cold Storage,2026-05-17,2026-05-19,UTIBN00000000188,11111982,222240,40003,10849739,payment
pay_000943,INV-2026-00920,Priya Garments,2026-06-14,2026-06-16,SBINN00000000189,1288304,25766,4638,1257900,payment
pay_000944,INV-2026-00921,Rajesh Textiles Pvt Ltd,2026-06-14,2026-06-16,SBINN00000000189,5433143,108663,19559,5304921,payment
pay_000945,INV-2026-00921,Rajesh Textiles Pvt Ltd,2026-06-14,2026-06-16,SBINN00000000189,4210663,84213,15158,4111292,payment
pay_000946,INV-2026-00922,Ratna Jewellers,2026-06-14,2026-06-16,SBINN00000000189,15092852,301857,54334,,payment
pay_000947,INV-2026-00923,Chandra Printing Press,2026-06-14,2026-06-16,SBINN00000000189,7885942,157719,28389,7699834,payment
pay_000948,INV-2026-00924,Bharat Tyre Traders,2026-06-14,2026-06-16,SBINN00000000189,1015194,20304,3655,991235,payment
pay_000949,INV-2026-00924,Bharat Tyre Traders,2026-06-14,2026-06-16,SBINN00000000189,14444038,288881,51999,14103158,payment
pay_000950,INV-2026-0092S,Sagarika Seafoods,2026-06-14,2026-06-16,SBINN00000000189,4424254,88485,15927,4319842,payment
pay_000951,INV-2026-00926,Rajesh Textiles Pvt Ltd,2026-06-14,2026-06-16,SBINN00000000189,16940244,338805,60985,16540454,payment
pay_000952,INV-2026-00927,Orchid Pharma Distributors,2026-06-14,2026-06-16,SBINN00000000189,11546314,230926,41567,,payment
pay_000953,INV-2026-00928,Ashoka Timber Depot,2026-06-14,2026-06-16,ICICN00000000190,2240369,44807,8065,2187497,payment
pay_000954,"INV-2026-00929,INV-2026-00930",Indus Valley Handicrafts,2026-06-14,2026-06-16,ICICN00000000190,22763316,455266,81948,22226102,payment
pay_000955,INV-2026-00931,Meenakshi Traders,2026-06-14,2026-06-16,ICICN00000000190,18856624,377132,67884,18411608,payment
pay_000956,INV-2026-00932,Maple Leaf Stationers,2026-04-01,2026-04-02,SBINN00000000191,1454928,29099,5238,1420591,payment
pay_000957,INV-2026-00932,Maple Leaf Stationers,2026-04-01,2026-04-02,SBINN00000000191,1332248,26645,4796,1300807,payment
pay_000958,INV-2026-00932,Maple Leaf Stationers,2026-04-01,2026-04-02,SBINN00000000191,4433308,88666,15960,4328682,payment
pay_000959,INV-2026-00933,Chandra Printing Press,2026-04-01,2026-04-02,SBINN00000000191,12301015,246020,44284,12010711,payment
pay_000960,INV-2026-00934,Pinnacle Interiors,2026-04-01,2026-04-02,SBINN00000000191,8460347,169207,30457,8260683,payment
pay_000961,INV-2026-00935,Pinnacle Interiors,2026-05-16,2026-05-18,KKBKN00000000192,457615,9152,1647,446816,payment
pay_000962,INV-2026-00935,Pinnacle Interiors,2026-05-16,2026-05-18,KKBKN00000000192,2660041,53201,9576,2597264,payment
pay_000963,INV-2026-00936,Coastal Marine Exports,2026-04-18,2026-04-19,UTIBN00000000193,11500045,230001,41400,,payment
pay_000964,INV-2026-00937,Zenith Office Supplies,2026-04-18,2026-04-19,UTIBN00000000193,3985162,79703,14347,3891112,payment
pay_000965,INV-2026-00938,Surya Solar Solutions,2026-04-18,2026-04-19,UTIBN00000000193,10018332,200367,36066,9781899,payment
pay_000966,INV-2026-00939,Coastal Marine Exports,2026-04-18,2026-04-19,UTIBN00000000193,10920045,218401,39312,10662332,payment
pay_000967,inv-2026-00940,Sagar Chemicals,2026-04-18,2026-04-19,UTIBN00000000193,1506007,30120,5422,1470465,payment
pay_000968,INV-2026-00941,Surya Solar Solutions,2026-04-18,2026-04-19,UTIBN00000000193,14679918,293598,52848,14333472,payment
pay_000969,INV-2026-00942,Sagar Chemicals,2026-04-18,2026-04-19,UTIBN00000000193,17369244,347385,62529,,payment
pay_000970,INV-2026-00942,Sagar Chemicals,2026-04-18,2026-04-19,UTIBN00000000193,12064418,0,0,-12064418,refund
pay_000971,"INV-2026-00943,INV-2026-00944",Priya Garments,2026-04-18,2026-04-19,HDFCN00000000194,21908094,438162,78869,21391063,payment
pay_000972,REF INV-2026-00945 - THANKS,Everest Cold Storage,2026-04-18,2026-04-19,HDFCN00000000194,5599782,111996,20159,,payment
pay_000973,"INV-2026-00946,INV-2026-00947",Sharma Hardware Stores,2026-04-18,2026-04-19,HDFCN00000000194,2974931,59499,10710,2904722,payment
pay_000974,INV-2026-00948,Deccan Steel Works,2026-05-20,2026-05-21,ICICN00000000195,4308092,86162,15509,4206421,payment
pay_000975,INV-2026-00949,Vishal Auto Components,2026-05-20,2026-05-21,ICICN00000000195,8107186,162144,29186,7915856,payment
pay_000976,INV-2026-00950,Sharma Hardware Stores,2026-05-20,2026-05-21,ICICN00000000195,15380893,307618,55371,15017904,payment
pay_000977,INV-2026-00951,Nandini Dairy Products,2026-05-20,2026-05-21,ICICN00000000195,18641235,372825,67109,18201301,payment
pay_000978,INV-2026-00952,Rudra Plastics,2026-05-20,2026-05-21,ICICN00000000195,8619169,172383,31029,8415757,payment
pay_000979,INV-2O26-00953,Greenleaf Organics,2026-05-20,2026-05-21,ICICN00000000195,13723102,274462,49403,13399237,payment
pay_000980,00954,Nandini Dairy Products,2026-05-20,2026-05-21,ICICN00000000195,5323800,106476,19166,5198158,payment
pay_000981,INV-2026-00954,Nandini Dairy Products,2026-05-20,2026-05-21,ICICN00000000195,8869247,177385,31929,8659933,payment
pay_000982,INV-2026-00955,Orchid Pharma Distributors,2026-05-20,2026-05-21,ICICN00000000195,5206083,104122,18742,5083219,payment
pay_000983,INV-2026-00956,Sagar Chemicals,2026-04-19,2026-04-21,KKBKN00000000196,1421216,28424,5116,1387676,payment
pay_000984,INV-2026-00956,Sagar Chemicals,2026-04-19,2026-04-21,KKBKN00000000196,1851964,37039,6667,1808258,payment
pay_000985,INVOICE-2026-00956,Sagar Chemicals,2026-04-19,2026-04-21,KKBKN00000000196,7016422,140328,25259,6850835,payment
pay_000986,INV-2026-00957,Ashoka Timber Depot,2026-04-19,2026-04-21,KKBKN00000000196,6109658,122193,21995,,payment
pay_000987,INV 2026 00958,Konark Ceramics,2026-04-19,2026-04-21,KKBKN00000000196,8411296,168226,30281,8212789,payment
pay_000988,INV-2026-00959,Sagarika Seafoods,2026-04-19,2026-04-21,KKBKN00000000196,89890,1798,324,87768,payment
pay_000989,INV-2026-00960,Kaveri Agro Foods,2026-04-19,2026-04-21,KKBKN00000000196,7999229,159985,28797,7810447,payment
pay_000990,INV-2026-00961,Greenleaf Organics,2026-04-19,2026-04-21,KKBKN00000000196,5055694,101114,18201,4936379,payment
pay_000991,INV-2026-00962,Ashoka Timber Depot,2026-04-19,2026-04-21,KKBKN00000000196,19382842,387657,69778,18925407,payment
pay_000992,INV-2026-00963,Chandra Printing Press,2026-04-19,2026-04-21,KKBKN00000000196,7836615,156732,28212,7651671,payment
pay_000993,INV-2026-00964,Rajesh Textiles Pvt Ltd,2026-04-06,2026-04-08,HDFCN00000000197,13399462,267989,48238,13083235,payment
pay_000994,INV-2026-00965,Sunrise Electronics,2026-04-06,2026-04-08,HDFCN00000000197,4182166,83643,15056,4083467,payment
pay_000995,INV-2026-00966,Sharma Hardware Stores,2026-04-06,2026-04-08,HDFCN00000000197,7858532,157171,28291,,payment
pay_000996,INV-2026-00967,Vishal Auto Components,2026-06-20,2026-06-21,SBINN00000000198,7048796,140976,25376,6882444,payment
pay_000997,INV-2026-00968,Infinite Loop Software,2026-06-20,2026-06-21,SBINN00000000198,835115,16702,3006,815407,payment
pay_000998,"INV-2026-00969,INV-2026-00970,INV-2026-00971",Anand Furniture House,2026-06-20,2026-06-21,SBINN00000000198,39123618,782472,140845,38200301,payment
pay_000999,INV-2026-00972,Rudra Plastics,2026-06-20,2026-06-21,SBINN00000000198,5750258,115005,20701,5614552,payment
pay_001000,INV-2026-00973,Vertex Lab Equipment,2026-06-20,2026-06-21,SBINN00000000198,1395198,27904,5023,1362271,payment
pay_001001,INV-2026-00974,Kalyani Engineering,2026-06-20,2026-06-21,SBINN00000000198,512180,10244,1844,500092,payment
pay_001002,INV-2026-00974,Kalyani Engineering,2026-06-20,2026-06-21,SBINN00000000198,343665,6873,1237,335555,payment
pay_001003,INV-2026-00974,Kalyani Engineering,2026-06-20,2026-06-21,SBINN00000000198,120485,2410,434,117641,payment
pay_001004,INV-2026-00975,Trident Paper Mills,2026-05-14,2026-05-16,UTIBN00000000199,11097958,221959,39953,10836046,payment
pay_001005,INV-2026-00976,Greenleaf Organics,2026-05-14,2026-05-16,UTIBN00000000199,15492955,309859,55775,15127321,payment
pay_001006,INV-2026-00976,Greenleaf Organics,2026-05-14,2026-05-16,UTIBN00000000199,4336091,86722,15610,4233759,payment
pay_001007,INV-2026-00977,Nirmal Water Systems,2026-05-14,2026-05-16,UTIBN00000000200,30927003,618540,111337,30197126,payment
pay_001008,1NV-2026-00978,Surya Solar Solutions,2026-03-30,2026-04-01,SBINN00000000201,8592206,171844,30932,8389430,payment
pay_001009,1NV-2026-00978,Surya Solar Solutions,2026-03-30,2026-04-01,SBINN00000000201,2450238,0,0,-2450238,refund
pay_001010,INV-2026-00979,Silverline Cosmetics,2026-05-02,2026-05-03,SBINN00000000202,11462849,229257,41266,11192326,payment
pay_001011,INV-2026-00980,Chandra Printing Press,2026-05-02,2026-05-03,SBINN00000000202,13770613,275412,49574,13445627,payment
pay_001012,INV-2026-00981,Rudra Plastics,2026-05-02,2026-05-03,SBINN00000000202,2899270,57985,10437,2830848,payment
pay_001013,INV-2026-00982,Himalaya Packaging,2026-04-03,2026-04-04,HDFCN00000000203,5905155,118103,21259,5765793,payment
pay_001014,inv-2026-00983,Sunrise Electronics,2026-04-03,2026-04-04,HDFCN00000000203,10786882,215738,38833,10532311,payment
pay_001015,INV-2026-00984,Himalaya Packaging,2026-04-03,2026-04-04,HDFCN00000000203,3602379,72048,12969,3517362,payment
pay_001016,INV-2026-00985,Priya Garments,2026-06-08,2026-06-10,UTIBN00000000204,3295749,65915,11865,3217969,payment
pay_001017,INV-2026-00986,Aakash Sports Goods,2026-06-08,2026-06-10,UTIBN00000000204,3106929,62139,11185,3033605,payment
pay_001018,INV-2026-00968,Aakash Sports Goods,2026-06-08,2026-06-10,UTIBN00000000204,3569272,71385,12849,3485038,payment
pay_001019,INV-2026-00986,Aakash Sports Goods,2026-06-08,2026-06-10,UTIBN00000000204,1441215,28824,5188,1407203,payment
pay_001020,INV-2026-00987,Chandra Printing Press,2026-06-08,2026-06-10,UTIBN00000000204,14254325,285087,51316,13917922,payment
pay_001021,INV-2026-00988,Vertex Lab Equipment,2026-06-08,2026-06-10,UTIBN00000000204,18732447,374649,67437,18290361,payment
pay_001022,INV-2026-00989,Bharat Tyre Traders,2026-06-08,2026-06-10,UTIBN00000000204,7995958,159919,28785,7807254,payment
pay_001023,INV-2026-00990,Mahalaxmi Provisions,2026-06-08,2026-06-10,UTIBN00000000204,14700006,294000,52920,,payment
pay_001024,INV-2026-0099,Greenleaf Organics,2026-06-08,2026-06-10,UTIBN00000000204,11160109,223202,40176,10896731,payment
pay_001025,INV-2026-00992,Orchid Pharma Distributors,2026-06-08,2026-06-10,UTIBN00000000204,15562186,311244,56024,15194918,payment
pay_001026,INV-2026-00993,Coastal Marine Exports,2026-04-07,2026-04-08,KKBKN00000000205,8424348,168487,30328,8225533,payment
pay_001027,"INV-2026-00994,INV-2026-00995,INV-2026-00996",Nirmal Water Systems,2026-04-07,2026-04-08,KKBKN00000000205,17375507,347510,62552,16965445,payment
pay_001028,INV-2026-00997,Everest Cold Storage,2026-04-07,2026-04-08,KKBKN00000000205,605058,12101,2178,590779,payment
pay_001029,REF INV-2026-00998 - THANKS,Prakash Lighting Co,2026-04-07,2026-04-08,KKBKN00000000205,19775727,395515,71193,19309019,payment
pay_001030,INV-2026-00999,Vertex Lab Equipment,2026-04-07,2026-04-08,KKBKN00000000205,17902804,358056,64450,17480298,payment
pay_001031,"INV-2026-01000,INV-2026-01001,INV-2026-01002",Lotus Hospitality Services,2026-06-17,2026-06-19,HDFCN00000000206,34786044,695721,125230,33965093,payment
pay_001032,"INV-2026-01000,INV-2026-01001,INV-2026-01002",Lotus Hospitality Services,2026-06-17,2026-06-19,HDFCN00000000206,137670,50000,9000,-196670,chargeback
pay_001033,INV-2026-01003,Mahalaxmi Provisions,2026-05-31,2026-06-02,ICICN00000000207,11652908,233058,41950,,payment
pay_001034,INV-2026-01004,Vishal Auto Components,2026-05-31,2026-06-02,ICICN00000000207,6733681,134674,24241,,payment
pay_001035,"INV-2026-01005,INV-2026-01006",Ashoka Timber Depot,2026-05-31,2026-06-02,ICICN00000000207,29087109,581742,104714,28400653,payment
pay_001036,INV-2026-01007,Infinite Loop Software,2026-05-31,2026-06-02,ICICN00000000207,13062402,261248,47025,12754129,payment
pay_001037,INV-2O26-01008,Everest Cold Storage,2026-05-31,2026-06-02,ICICN00000000207,2627732,52555,9460,2565717,payment
pay_001038,INV-2026-01009,Zenith Office Supplies,2026-05-31,2026-06-02,ICICN00000000207,1685182,33704,6067,1645411,payment
pay_001039,INV-2026-01010,Himalaya Packaging,2026-04-10,2026-04-11,SBINN00000000208,2033110,40662,7319,1985129,payment
pay_001040,INV-2026-01011,Ganesh Cement Agencies,2026-04-10,2026-04-11,SBINN00000000208,10169142,203383,36609,9929150,payment
pay_001041,INV-2026-01012,Rudra Plastics,2026-04-10,2026-04-11,SBINN00000000208,19684429,393689,70864,19219876,payment
pay_001042,INV-2026-01013,Konark Ceramics,2026-04-10,2026-04-11,SBINN00000000208,18242455,364849,65673,17811933,payment
pay_001043,"INV-2026-01014,INV-2026-01015",Vishal Auto Components,2026-04-10,2026-04-11,SBINN00000000208,9899057,197981,35637,9665439,payment
pay_001044,INV-2026-01016,Rajesh Textiles Pvt Ltd,2026-04-10,2026-04-11,SBINN00000000208,12873817,257476,46346,12569995,payment
pay_001045,"INV-2026-01017,INV-2026-01018",Chandra Printing Press,2026-04-10,2026-04-11,SBINN00000000208,12803720,256074,46093,12501553,payment
pay_001046,INV-2026-01019,Bharat Tyre Traders,2026-04-10,2026-04-11,SBINN00000000208,692707,13854,2494,676359,payment
pay_001047,INV-2026-01020,Ganesh Cement Agencies,2026-05-30,2026-06-01,HDFCN00000000209,4605295,92106,16579,4496610,payment
pay_001048,INV-2026-01021,Nirmal Water Systems,2026-05-30,2026-06-01,HDFCN00000000209,224706,4494,809,219403,payment
pay_001049,INV-2026-01022,Prakash Lighting Co,2026-05-30,2026-06-01,HDFCN00000000209,12731967,254639,45835,12431493,payment
pay_001050,INV-2026-01023,Sunrise Electronics,2026-05-30,2026-06-01,HDFCN00000000209,1938210,38764,6978,1892468,payment
pay_001051,INV-2026-01023,Sunrise Electronics,2026-05-30,2026-06-01,HDFCN00000000209,8089524,161790,29122,7898612,payment
pay_001052,INV-2026-01024,Coastal Marine Exports,2026-05-30,2026-06-01,HDFCN00000000209,9386963,187739,33793,9165431,payment
pay_001053,INV-2026-01025,Himalaya Packaging,2026-05-30,2026-06-01,HDFCN00000000209,14022547,280451,50481,,payment
pay_001054,INV-2026-01026,Lotus Hospitality Services,2026-05-30,2026-06-01,HDFCN00000000209,17842186,356844,64232,17421110,payment
pay_001055,INV-2026-01027,Vishal Auto Components,2026-05-30,2026-06-01,HDFCN00000000209,4817352,96347,17342,4703663,payment
pay_001056,INV-2026-01028,Aakash Sports Goods,2026-05-30,2026-06-01,ICICN00000000210,73658752,1473175,265172,,payment
pay_001057,INV-2026-01029,Bharat Tyre Traders,2026-04-04,2026-04-05,HDFCN00000000211,14178986,283580,51044,13844362,payment
pay_001058,INV-2026-01030,Trident Paper Mills,2026-04-04,2026-04-05,HDFCN00000000211,13324104,266482,47967,13009655,payment
pay_001059,INV-2026-01031,Silverline Cosmetics,2026-04-04,2026-04-05,ICICN00000000212,1554272,31085,5595,1517592,payment
pay_001060,INV-2026-01032,Ganesh Cement Agencies,2026-04-04,2026-04-05,ICICN00000000212,13413878,268278,48290,13097310,payment
pay_001061,INV-2026-01033,Infinite Loop Software,2026-04-04,2026-04-05,ICICN00000000212,7470433,149409,26894,7294130,payment
pay_001062,INV-2026-01034,Surya Solar Solutions,2026-03-31,2026-04-02,HDFCN00000000213,15825384,316508,56971,15451905,payment
pay_001063,INVOICE-2026-01035,Zenith Office Supplies,2026-03-31,2026-04-02,HDFCN00000000213,16290547,325811,58646,15906090,payment
pay_001064,INV-2026-01036,Deccan Steel Works,2026-03-31,2026-04-02,HDFCN00000000213,16090420,321808,57925,15710687,payment
pay_001065,INV-2026-01037,Ashoka Timber Depot,2026-03-31,2026-04-02,HDFCN00000000213,4531116,90622,16312,4424182,payment
pay_001066,"INV-2026-01038,INV-2026-01039",Konark Ceramics,2026-03-31,2026-04-02,HDFCN00000000213,15860737,317215,57099,15486423,payment
pay_001067,INV-2026-01040,Everest Cold Storage,2026-03-31,2026-04-02,HDFCN00000000213,225186,4504,811,219871,payment
pay_001068,INV-2026-01041,Ganesh Cement Agencies,2026-03-31,2026-04-02,HDFCN00000000213,13452717,269054,48430,13135233,payment
pay_001069,INV-2026-01042,Vishal Auto Components,2026-03-31,2026-04-02,HDFCN00000000213,19647106,392942,70730,19183434,payment
pay_001070,INV-2026-01043,Nirmal Water Systems,2026-04-07,2026-04-09,SBINN00000000214,17380599,347612,62570,16970417,payment
pay_001071,INV-2026-01044,Infinite Loop Software,2026-04-07,2026-04-09,SBINN00000000214,16388908,327778,59000,16002130,payment
pay_001072,INV-2026-01045,Konark Ceramics,2026-04-07,2026-04-09,SBINN00000000214,6951523,139030,25025,6787468,payment
pay_001073,INV-2026-01045,Konark Ceramics,2026-04-07,2026-04-09,SBINN00000000214,8839899,176798,31824,8631277,payment
pay_001074,INV-2026-01046,Himalaya Packaging,2026-04-07,2026-04-09,SBINN00000000214,3421985,68440,12319,3341226,payment
pay_001075,INV-2026-01047,Infinite Loop Software,2026-04-07,2026-04-09,SBINN00000000214,12414080,248282,44691,12121107,payment
pay_001076,INV-2026-01048,Greenleaf Organics,2026-04-07,2026-04-09,SBINN00000000214,1721296,34426,6197,1680673,payment
pay_001077,INV-2026-01049,Coastal Marine Exports,2026-04-07,2026-04-09,SBINN00000000214,5111529,102231,18402,4990896,payment
pay_001078,INV-2026-01050,Vishal Auto Components,2026-06-23,2026-06-24,UTIBN00000000215,15492411,309848,55773,15126790,payment
pay_001079,INV-2026-01051,Rajesh Textiles Pvt Ltd,2026-06-23,2026-06-24,UTIBN00000000215,10366858,207337,37321,10122200,payment
pay_001080,INV-2026-01051,Rajesh Textiles Pvt Ltd,2026-06-23,2026-06-24,UTIBN00000000215,7718703,154374,27787,7536542,payment
pay_001081,INV-2026-01052,Kaveri Agro Foods,2026-06-23,2026-06-24,UTIBN00000000215,2362927,47259,8507,2307161,payment
pay_001082,INV-2026-01053,Himalaya Packaging,2026-06-23,2026-06-24,UTIBN00000000215,3855864,77117,13881,3764866,payment
pay_001083,INV-2026-01054,Sharma Hardware Stores,2026-04-12,2026-04-13,SBINN00000000216,7544293,150886,27159,7366248,payment
pay_001084,INV-2O26-01055,Nandini Dairy Products,2026-04-12,2026-04-13,SBINN00000000216,10905193,218104,39259,10647830,payment
pay_001085,INV-2026-01056,Nandini Dairy Products,2026-05-19,2026-05-20,HDFCN00000000217,8889021,177780,32000,8679241,payment
pay_001086,INV-2026-01057,Konark Ceramics,2026-05-19,2026-05-20,HDFCN00000000217,11905132,238103,42859,11624170,payment
pay_001087,INV202601058,Chandra Printing Press,2026-05-19,2026-05-20,HDFCN00000000217,16457048,329141,59245,16068662,payment
pay_001088,"INV-2026-01059,INV-2026-01060",Vishal Auto Components,2026-05-19,2026-05-20,HDFCN00000000217,3037762,60755,10936,2966071,payment
pay_001089,INV-2026-01061/PART,Himalaya Packaging,2026-05-19,2026-05-20,HDFCN00000000217,3786549,75731,13632,3697186,payment
pay_001090,INV-2026-01062,Ratna Jewellers,2026-05-19,2026-05-20,HDFCN00000000217,247619,4952,891,241776,payment
pay_001091,INV-2026-01063,Coastal Marine Exports,2026-05-19,2026-05-20,HDFCN00000000217,17064221,341284,61431,16661506,payment
pay_001092,INV-2026-01064,Bharat Tyre Traders,2026-05-29,2026-05-31,HDFCN00000000218,19424154,388483,69927,18965744,payment
pay_001093,#INV-2026-01065,Kalyani Engineering,2026-05-29,2026-05-31,HDFCN00000000219,5096022,101920,18346,4975756,payment
pay_001094,INV-2026-01066,Himalaya Packaging,2026-05-29,2026-05-31,HDFCN00000000219,16774261,335485,60387,16378389,payment
pay_001095,INV 2026 01067,Vertex Lab Equipment,2026-05-29,2026-05-31,HDFCN00000000219,9737925,194759,35057,,payment
pay_001096,INV-2026-01068,Sunrise Electronics,2026-05-29,2026-05-30,UTIBN00000000220,10112521,202250,36405,9873866,payment
pay_001097,INV-2026-01069/PART,Konark Ceramics,2026-04-07,2026-04-09,KKBKN00000000221,15782773,315655,56818,15410300,payment
pay_001098,"INV-2026-01070,INV-2026-01071",Anand Furniture House,2026-04-07,2026-04-09,KKBKN00000000221,24085854,481717,86709,23517428,payment
pay_001099,"INV-2026-01072,INV-2026-01073",Coastal Marine Exports,2026-04-07,2026-04-09,KKBKN00000000221,30464336,609287,109672,29745377,payment
pay_001100,"INV-2026-01074,INV-2026-01075",Deccan Steel Works,2026-04-07,2026-04-09,KKBKN00000000221,16301792,326036,58686,15917070,payment
pay_001101,"INV-2O26-01076,INV-2026-01077",Nirmal Water Systems,2026-04-07,2026-04-09,KKBKN00000000221,22488404,449768,80958,21957678,payment
pay_001102,INV-2026-01078,Sharma Hardware Stores,2026-04-07,2026-04-09,KKBKN00000000221,6509421,130188,23434,6355799,payment
pay_001103,INV-2026-01079,Sharma Hardware Stores,2026-04-07,2026-04-09,KKBKN00000000221,13877107,277542,49958,13549607,payment
pay_001104,#INV-2026-01080,Greenleaf Organics,2026-04-07,2026-04-09,KKBKN00000000221,1989928,39799,7164,1942965,payment
pay_001105,INV-2026-01080,Greenleaf Organics,2026-04-07,2026-04-09,KKBKN00000000221,10109677,202194,36395,9871088,payment
pay_001106,INV-2026-01081,Maple Leaf Stationers,2026-06-02,2026-06-03,ICICN00000000222,16559395,331188,59614,16168593,payment
pay_001107,INV-2026-01082,Kalyani Engineering,2026-06-02,2026-06-03,ICICN00000000222,18143695,362874,65317,17715504,payment
pay_001108,INV-2O26-01083,Chandra Printing Press,2026-04-06,2026-04-07,SBINN00000000223,10306060,206121,37102,,payment
pay_001109,INV-2026-01084,Aakash Sports Goods,2026-04-06,2026-04-07,SBINN00000000223,10416924,208338,37501,10171085,payment
pay_001110,INV-2026-01084,Aakash Sports Goods,2026-04-06,2026-04-07,SBINN00000000223,394638,7893,1421,385324,payment
pay_001111,INV-2026-01085,Ganesh Cement Agencies,2026-04-06,2026-04-07,SBINN00000000223,2513618,50272,9049,2454297,payment
pay_001112,INV-2026-01086,Vishal Auto Components,2026-04-06,2026-04-07,SBINN00000000223,3902101,78042,14048,3810011,payment
pay_001113,INV-2026-01087,Nirmal Water Systems,2026-04-06,2026-04-07,SBINN00000000223,16574572,331491,59668,16183413,payment
pay_001114,INV-2026-01088/PART,Silverline Cosmetics,2026-06-08,2026-06-10,KKBKN00000000224,8590939,171819,30927,,payment
pay_001115,INV-2026-01089,Bharat Tyre Traders,2026-06-08,2026-06-10,KKBKN00000000224,19226202,384524,69214,18772464,payment
pay_001116,INV-2026-01090/PART,Aakash Sports Goods,2026-06-08,2026-06-10,KKBKN00000000224,15125577,302512,54452,14768613,payment
pay_001117,INV-2026-01091,Bluewave Logistics LLP,2026-06-08,2026-06-10,KKBKN00000000224,2119138,42383,7629,2069126,payment
pay_001118,INV-2026-01092,Himalaya Packaging,2026-06-08,2026-06-10,KKBKN00000000224,2096129,41923,7546,2046660,payment
pay_001119,INV-2026-01093,Ganesh Cement Agencies,2026-05-25,2026-05-26,HDFCN00000000225,10464299,209286,37671,,payment
pay_001120,INV-2026-01094,Ashoka Timber Depot,2026-05-25,2026-05-26,HDFCN00000000225,18346324,366926,66047,17913351,payment
pay_001121,INV-2026-01095,Konark Ceramics,2026-04-17,2026-04-18,ICICN00000000226,5332615,106652,19197,5206766,payment
pay_001122,INV-2026-01096,Bharat Tyre Traders,2026-04-17,2026-04-18,ICICN00000000226,4586953,91739,16513,4478701,payment
pay_001123,INV-2026-01097,Coastal Marine Exports,2026-04-17,2026-04-18,ICICN00000000226,18764409,375288,67552,18321569,payment
pay_001124,"INV-2026-01098,INV-2026-01099",Trident Paper Mills,2026-04-17,2026-04-18,ICICN00000000226,22962583,459252,82665,22420666,payment
pay_001125,"INV-2026-01100,INV-2026-01101",Kaveri Agro Foods,2026-04-17,2026-04-18,ICICN00000000226,8571903,171438,30859,8369606,payment
pay_001126,INV-2026-01102,Lotus Hospitality Services,2026-04-17,2026-04-18,ICICN00000000226,17931541,358631,64554,,payment
pay_001127,INV-2026-01103,Ashoka Timber Depot,2026-04-17,2026-04-18,KKBKN00000000227,6956909,139138,25045,6792726,payment
pay_001128,"INV-2026-01104,INV-2026-01105",Nirmal Water Systems,2026-04-17,2026-04-18,KKBKN00000000227,15232759,304655,54838,,payment
pay_001129,INV-2026-01106,Nirmal Water Systems,2026-05-08,2026-05-10,KKBKN00000000228,6488348,129767,23358,6335223,payment
pay_001130,INV-2026-01160,Nirmal Water Systems,2026-05-08,2026-05-10,KKBKN00000000228,11968494,239370,43087,,payment
pay_001131,INV-2026-01107,Sharma Hardware Stores,2026-04-18,2026-04-20,UTIBN00000000229,4972410,99448,17901,4855061,payment
pay_001132,INV-2026-01108,Prakash Lighting Co,2026-04-18,2026-04-20,UTIBN00000000229,3925235,78505,14131,3832599,payment
pay_001133,INV-2026-01108,Prakash Lighting Co,2026-04-18,2026-04-20,UTIBN00000000229,7561937,151239,27223,7383475,payment
pay_001134,INV-2026-01109,Vertex Lab Equipment,2026-04-18,2026-04-20,UTIBN00000000229,2813208,56264,10128,2746816,payment
pay_001135,INV-2026-01109,Vertex Lab Equipment,2026-04-18,2026-04-20,UTIBN00000000229,16645363,332907,59923,16252533,payment
pay_001136,INV-2026-01110,Pinnacle Interiors,2026-04-18,2026-04-20,UTIBN00000000229,18300879,366018,65883,17868978,payment
pay_001137,INV-2O26-01111,Sharma Hardware Stores,2026-04-18,2026-04-20,UTIBN00000000229,12581097,251622,45292,12284183,payment
pay_001138,INV-2026-01112,Sharma Hardware Stores,2026-04-18,2026-04-20,UTIBN00000000229,12569831,251397,45251,12273183,payment
pay_001139,INV-2026-01113,Nirmal Water Systems,2026-04-18,2026-04-20,UTIBN00000000229,7092195,141844,25532,6924819,payment
pay_001140,INV-2026-01114,Vishal Auto Components,2026-04-11,2026-04-13,UTIBN00000000230,18440668,368813,66386,18005469,payment
pay_001141,INV-2O26-01115,Coastal Marine Exports,2026-04-11,2026-04-13,UTIBN00000000230,9288704,185774,33439,9069491,payment
pay_001142,INV-2026-01115,Coastal Marine Exports,2026-04-11,2026-04-13,UTIBN00000000230,575119,11502,2070,561547,payment
pay_001143,INV-2026-01115,Coastal Marine Exports,2026-04-11,2026-04-13,UTIBN00000000230,9469651,189393,34091,9246167,payment
pay_001144,INV-2026-01116,Konark Ceramics,2026-04-11,2026-04-13,UTIBN00000000230,2734900,54698,9846,2670356,payment
pay_001145,INV-2026-01117,Ashoka Timber Depot,2026-04-11,2026-04-13,UTIBN00000000230,6866579,137332,24720,,payment
pay_001146,INV-2026-01118,Nirmal Water Systems,2026-04-11,2026-04-13,UTIBN00000000230,1679824,33596,6047,1640181,payment
pay_001147,"INV- 2026-01119,INV-2026-01120",Vishal Auto Components,2026-04-11,2026-04-13,UTIBN00000000230,30343084,606862,109235,29626987,payment
pay_001148,01121,Kalyani Engineering,2026-04-11,2026-04-13,UTIBN00000000230,18742216,374844,67472,18299900,payment
pay_001149,INV-2026-01122,Sunrise Electronics,2026-06-09,2026-06-10,KKBKN00000000231,3828803,76576,13784,3738443,payment
pay_001150,INV-2026-01123,Pinnacle Interiors,2026-06-09,2026-06-10,KKBKN00000000231,13795396,275908,49663,13469825,payment
pay_001151,INV-2026-01124,Aakash Sports Goods,2026-06-09,2026-06-10,KKBKN00000000231,7229549,144591,26026,,payment
pay_001152,"INV-2026-01125,INV-2026-01126",Chandra Printing Press,2026-06-09,2026-06-10,KKBKN00000000231,22112707,442254,79606,21590847,payment
pay_001153,INV-2026-01127,Meenakshi Traders,2026-06-09,2026-06-10,KKBKN00000000231,13147249,262945,47330,12836974,payment
pay_001154,"INV-2026-01128,INV-2026-01129",Prakash Lighting Co,2026-06-09,2026-06-10,KKBKN00000000231,11478173,229563,41321,11207289,payment
pay_001155,INV-2026-01130,Nirmal Water Systems,2026-06-09,2026-06-10,KKBKN00000000231,18677678,373554,67240,,payment
pay_001156,INV-2026-01131,Rajesh Textiles Pvt Ltd,2026-04-21,2026-04-22,KKBKN00000000232,3315554,66311,11936,3237307,payment
pay_001157,INV-2026-01132,Orchid Pharma Distributors,2026-04-30,2026-05-02,ICICN00000000233,3192887,63858,11494,3117535,payment
pay_001158,INV-2026-01133,Surya Solar Solutions,2026-04-30,2026-05-02,ICICN00000000233,3148478,62970,11335,3074173,payment
pay_001159,INV-2026-01134,Indus Valley Handicrafts,2026-04-30,2026-05-02,ICICN00000000233,8052304,161046,28988,7862270,payment
pay_001160,INV-2026-01134,Indus Valley Handicrafts,2026-04-30,2026-05-02,ICICN00000000233,7664836,153297,27593,7483946,payment
pay_001161,INV-2026-01135,Surya Solar Solutions,2026-05-14,2026-05-15,SBINN00000000234,9744560,194891,35080,9514589,payment
pay_001162,INV-2026-01136,Ganesh Cement Agencies,2026-05-14,2026-05-15,SBINN00000000234,6942201,138844,24992,,payment
pay_001163,INV-2026-01137,Sharma Hardware Stores,2026-05-14,2026-05-15,SBINN00000000234,9163922,183278,32990,8947654,payment
pay_001164,INV-2026-01138,Kalyani Engineering,2026-05-14,2026-05-15,SBINN00000000234,4686892,93738,16873,4576281,payment
pay_001165,INV-2026-01138,Kalyani Engineering,2026-05-14,2026-05-15,SBINN00000000234,1674985,33500,6030,1635455,payment
pay_001166,INV-2026-01139,Ashoka Timber Depot,2026-06-24,2026-06-26,UTIBN00000000235,12637842,252757,45496,12339589,payment
pay_001167,INV-2026-01140,Kaveri Agro Foods,2026-06-13,2026-06-14,ICICN00000000236,2079257,41585,7485,2030187,payment
pay_001168,INV-2026-01140,Kaveri Agro Foods,2026-06-13,2026-06-14,ICICN00000000236,6822733,136455,24562,6661716,payment
pay_001169,INV-2026-01141,Orchid Pharma Distributors,2026-06-13,2026-06-14,UTIBN00000000237,2479475,49590,8926,,payment
pay_001170,INV-2026-01142,Bluewave Logistics LLP,2026-06-13,2026-06-14,UTIBN00000000237,17729205,354584,63825,17310796,payment
pay_001171,INV-2026-01143,Mahalaxmi Provisions,2026-05-23,2026-05-25,KKBKN00000000238,8839048,176781,31821,8630446,payment
pay_001172,INV-2026-01144,Zenith Office Supplies,2026-05-23,2026-05-25,KKBKN00000000238,5061220,101224,18220,,payment
pay_001173,#INV-2026-01145,Silverline Cosmetics,2026-05-23,2026-05-25,KKBKN00000000238,11088073,221761,39917,10826395,payment
pay_001174,INV-2026-01146,Chandra Printing Press,2026-05-23,2026-05-25,KKBKN00000000238,2497817,49956,8992,,payment
pay_001175,INV-2026-01146,Chandra Printing Press,2026-05-23,2026-05-25,KKBKN00000000238,2617662,0,0,-2617662,refund
pay_001176,REF INV-2026-01147 - THANKS,Anand Furniture House,2026-04-09,2026-04-11,HDFCN00000000239,15011081,300222,54040,14656819,payment
pay_001177,INV-2026-01148,Aakash Sports Goods,2026-04-09,2026-04-11,HDFCN00000000239,8911423,178228,32081,8701114,payment
pay_001178,INV-2026-01149,Mahalaxmi Provisions,2026-04-09,2026-04-11,HDFCN00000000239,8626755,172535,31056,8423164,payment
pay_001179,INV-2026-01150,Silverline Cosmetics,2026-04-09,2026-04-11,HDFCN00000000239,13287677,265754,47836,12974087,payment
pay_001180,INV-2026-01151,Kalyani Engineering,2026-04-09,2026-04-11,HDFCN00000000239,17707500,354150,63747,17289603,payment
pay_001181,INV-2026-01152,Mahalaxmi Provisions,2026-04-09,2026-04-11,HDFCN00000000239,17089725,341795,61523,16686407,payment
pay_001182,INV-2026-01153,Himalaya Packaging,2026-04-09,2026-04-11,HDFCN00000000239,11449422,228988,41218,11179216,payment
pay_001183,INV-2026-01154,Bluewave Logistics LLP,2026-04-09,2026-04-11,HDFCN00000000239,6113054,122261,22007,5968786,payment
pay_001184,PAYMENT FOR INV-2026-01155,Rajesh Textiles Pvt Ltd,2026-05-04,2026-05-06,UTIBN00000000240,1773704,35474,6385,1731845,payment
pay_001185,INV-2026-01155,Rajesh Textiles Pvt Ltd,2026-05-04,2026-05-06,UTIBN00000000240,7154664,143093,25757,6985814,payment
pay_001186,INV-2026-01156,Coastal Marine Exports,2026-05-04,2026-05-06,UTIBN00000000240,10720243,214405,38593,10467245,payment
pay_001187,INV-2026-01157,Bluewave Logistics LLP,2026-05-04,2026-05-06,UTIBN00000000240,2918817,58376,10508,2849933,payment
pay_001188,INV-2026-01158,Trident Paper Mills,2026-05-04,2026-05-06,UTIBN00000000240,14764726,295295,53153,14416278,payment
pay_001189,"INV-2062-01159,INV-2026-01160",Vishal Auto Components,2026-05-04,2026-05-06,UTIBN00000000240,2086462,41729,7511,2037222,payment
pay_001190,INV-2026-01161,Sagar Chemicals,2026-05-04,2026-05-06,UTIBN00000000240,11584550,231691,41704,11311155,payment
pay_001191,INV-2026-01162,Anand Furniture House,2026-04-07,2026-04-08,HDFCN00000000241,12007979,240160,43229,11724590,payment
pay_001192,INV-2026-01163,Bluewave Logistics LLP,2026-04-07,2026-04-08,HDFCN00000000241,10944177,218884,39399,10685894,payment
pay_001193,INV-2026-01163,Bluewave Logistics LLP,2026-04-07,2026-04-08,HDFCN00000000241,2373939,47479,8546,2317914,payment
pay_001194,INV-2026-01163,Bluewave Logistics LLP,2026-04-07,2026-04-08,HDFCN00000000241,5942463,118849,21393,5802221,payment
pay_001195,INV-2026-01164,Ratna Jewellers,2026-05-23,2026-05-25,UTIBN00000000242,8560347,171207,30817,8358323,payment
pay_001196,INV-2026-01165,Rudra Plastics,2026-05-23,2026-05-25,UTIBN00000000242,4182871,83657,15058,4084156,payment
pay_001197,INV-2026-01166,Vishal Auto Components,2026-06-23,2026-06-25,HDFCN00000000243,1621771,32435,5838,1583498,payment
pay_001198,INV-2026-01167,Pinnacle Interiors,2026-06-23,2026-06-25,HDFCN00000000243,9966286,199326,35879,9731081,payment
pay_001199,INV-2026-01168,Infinite Loop Software,2026-06-23,2026-06-25,HDFCN00000000243,13018130,260363,46865,12710902,payment
pay_001200,INV-2026-01169,Prakash Lighting Co,2026-06-23,2026-06-25,HDFCN00000000243,16518056,330361,59465,16128230,payment
pay_001201,INV-2026-01169,Prakash Lighting Co,2026-06-23,2026-06-25,HDFCN00000000243,811549,16231,2922,792396,payment
pay_001202,INV-2026-01170,Rajesh Textiles Pvt Ltd,2026-04-15,2026-04-17,HDFCN00000000244,1509431,30189,5434,1473808,payment
pay_001203,INV-2026-01171,Orchid Pharma Distributors,2026-04-15,2026-04-17,HDFCN00000000244,10572224,211444,38060,10322720,payment
pay_001204,INV-2026-01172,Ganesh Cement Agencies,2026-04-15,2026-04-17,HDFCN00000000244,15613086,312262,56207,15244617,payment
pay_001205,INV-2026-01173,Zenith Office Supplies,2026-04-15,2026-04-17,HDFCN00000000244,16843998,336880,60638,,payment
pay_001206,INV-2026-01174,Deccan Steel Works,2026-04-15,2026-04-17,HDFCN00000000244,12644708,252894,45521,12346293,payment
pay_001207,INV-2026-01175,Orchid Pharma Distributors,2026-04-15,2026-04-17,HDFCN00000000244,4893990,97880,17618,4778492,payment
pay_001208,INV-2026-01176,Indus Valley Handicrafts,2026-04-15,2026-04-17,HDFCN00000000244,12203725,244075,43934,11915716,payment
pay_001209,INV-2026-01177,Everest Cold Storage,2026-04-15,2026-04-17,HDFCN00000000244,12131617,242632,43674,11845311,payment
pay_001210,INV-2026-01178,Ganesh Cement Agencies,2026-06-28,2026-06-30,UTIBN00000000245,9909438,198189,35674,9675575,payment
pay_001211,INV-2026-01179,Ratna Jewellers,2026-06-20,2026-06-21,ICICN00000000246,18551704,371034,66786,18113884,payment
pay_001212,INV-2026-01180,Ganesh Cement Agencies,2026-06-20,2026-06-21,ICICN00000000246,599338,11987,2158,585193,payment
pay_001213,INV-2206-01180,Ganesh Cement Agencies,2026-06-20,2026-06-21,ICICN00000000246,728327,14567,2622,711138,payment
pay_001214,PAYMENT FOR INV-2026-01181,Sharma Hardware Stores,2026-06-20,2026-06-21,ICICN00000000246,10179326,203587,36646,9939093,payment
pay_001215,PAYMENT FOR INV-2026-01181,Sharma Hardware Stores,2026-06-20,2026-06-21,ICICN00000000246,37859,0,0,-37859,refund
pay_001216,INV-2026-01182,Meenakshi Traders,2026-04-01,2026-04-02,HDFCN00000000247,8678865,173577,31244,8474044,payment
pay_001217,INV-2026-01183,Silverline Cosmetics,2026-04-01,2026-04-02,HDFCN00000000247,854765,17095,3077,,payment
pay_001218,REF INV-2026-01184 - THANKS,Meenakshi Traders,2026-04-01,2026-04-02,HDFCN00000000247,15250810,305016,54903,14890891,payment
pay_001219,INV-2026-01185,Ganesh Cement Agencies,2026-05-10,2026-05-11,HDFCN00000000248,7581634,151633,27294,7402707,payment
pay_001220,"INV-2026-01186,INV-2026-01187",Vishal Auto Components,2026-05-10,2026-05-11,HDFCN00000000248,16398144,327963,59033,16011148,payment
pay_001221,INV-2026-01188,Indus Valley Handicrafts,2026-05-10,2026-05-11,HDFCN00000000248,11659167,233183,41973,11384011,payment
pay_001222,INV-2026-01189,Sunrise Electronics,2026-05-10,2026-05-11,HDFCN00000000248,10254972,205099,36918,10012955,payment
pay_001223,INV-2026-01190,Konark Ceramics,2026-05-10,2026-05-11,HDFCN00000000248,4543370,90867,16356,4436147,payment
pay_001224,INV-2026-01191,Kalyani Engineering,2026-06-18,2026-06-19,UTIBN00000000249,9511757,190235,34242,9287280,payment
pay_001225,1NV-2026-01192,Lotus Hospitality Services,2026-05-06,2026-05-08,ICICN00000000250,55011,1100,198,53713,payment
pay_001226,INV-2026-01193,Sunrise Electronics,2026-05-06,2026-05-08,ICICN00000000250,2514291,50286,9051,2454954,payment
pay_001227,INV-2026-01193,Sunrise Electronics,2026-05-06,2026-05-08,ICICN00000000250,3801756,76035,13686,3712035,payment
pay_001228,"INV- 2026-01194,INV-2026-01195",Ratna Jewellers,2026-05-06,2026-05-08,ICICN00000000250,7966610,159332,28680,7778598,payment
pay_001229,inv-2026-01196,Pinnacle Interiors,2026-05-27,2026-05-29,HDFCN00000000251,12754315,255086,45915,12453314,payment
pay_001230,INV-2026-01197,Sharma Hardware Stores,2026-05-27,2026-05-29,HDFCN00000000251,3590823,71816,12927,,payment
pay_001231,INV-2026-01198,Nirmal Water Systems,2026-05-27,2026-05-29,HDFCN00000000251,13379951,267599,48168,13064184,payment
pay_001232,"INV-2026-01199,INV-2026-01200,INV-2026-01201",Lotus Hospitality Services,2026-05-27,2026-05-29,HDFCN00000000251,35112279,702246,126404,34283629,payment
pay_001233,INVOICE-2026-01202,Priya Garments,2026-05-27,2026-05-29,HDFCN00000000251,4036404,80728,14531,3941145,payment
pay_001234,INV-2026-01203,Priya Garments,2026-06-27,2026-06-29,KKBKN00000000252,7308396,146168,26310,7135918,payment
pay_001235,INV-2026-01204,Trident Paper Mills,2026-06-27,2026-06-29,KKBKN00000000252,14823997,296480,53366,14474151,payment
pay_001236,INV-2026-01205,Vertex Lab Equipment,2026-06-27,2026-06-29,KKBKN00000000252,2554278,51086,9195,2493997,payment
pay_001237,INV-2026-01206,Priya Garments,2026-06-27,2026-06-29,KKBKN00000000252,12202701,244054,43930,11914717,payment
pay_001238,INV-2026-01207,Chandra Printing Press,2026-06-27,2026-06-29,KKBKN00000000252,15097341,301947,54350,14741044,payment
pay_001239,INV-2026-01208,Rajesh Textiles Pvt Ltd,2026-06-27,2026-06-29,KKBKN00000000252,6943455,138869,24996,6779590,payment
pay_001240,INV-2026-01209,Meenakshi Traders,2026-06-27,2026-06-29,KKBKN00000000252,8836675,176734,31812,8628129,payment
pay_001241,INV-2026-01209,Meenakshi Traders,2026-06-27,2026-06-29,KKBKN00000000252,18208961,0,0,-18208961,refund
pay_001242,INV-2026-01210,Everest Cold Storage,2026-06-27,2026-06-29,KKBKN00000000253,17703586,354072,63733,17285781,payment
pay_001243,INV-2026-01211,Surya Solar Solutions,2026-06-27,2026-06-29,KKBKN00000000253,12785581,255712,46028,,payment
pay_001244,INV-2026-01211,Surya Solar Solutions,2026-06-27,2026-06-29,KKBKN00000000253,3553231,71065,12792,3469374,payment
pay_001245,INV-2026-01212,Sharma Hardware Stores,2026-06-01,2026-06-03,ICICN00000000254,3036633,60733,10932,2964968,payment
pay_001246,INV-2026-01212,Sharma Hardware Stores,2026-06-01,2026-06-03,ICICN00000000254,1547821,30956,5572,,payment
pay_001247,INV-2026-01213,Ganesh Cement Agencies,2026-06-01,2026-06-03,HDFCN00000000255,4584454,91689,16504,,payment
pay_001248,INV-2026-01214,Bharat Tyre Traders,2026-06-05,2026-06-07,ICICN00000000256,14094844,281897,50741,13762206,payment
pay_001249,INV-2026-01215,Rajesh Textiles Pvt Ltd,2026-06-05,2026-06-07,ICICN00000000256,15262872,305257,54946,14902669,payment
pay_001250,INV-2026-01216,Indus Valley Handicrafts,2026-06-05,2026-06-07,ICICN00000000256,18711575,374232,67362,18269981,payment
pay_001251,INV-2026-01217,Nandini Dairy Products,2026-06-05,2026-06-07,ICICN00000000256,17468195,349364,62886,,payment
pay_001252,INV-2026-01218,Prakash Lighting Co,2026-06-05,2026-06-07,ICICN00000000256,14679808,293596,52847,,payment
pay_001253,INV-2026-01219,Chandra Printing Press,2026-06-05,2026-06-07,ICICN00000000256,4702667,94053,16930,4591684,payment
pay_001254,INV-2026-01220,Kalyani Engineering,2026-06-05,2026-06-07,ICICN00000000256,682681,13654,2458,666569,payment
pay_001255,INV-2026-01221,Sharma Hardware Stores,2026-06-05,2026-06-07,ICICN00000000256,3479269,69585,12525,3397159,payment
pay_001256,INV-2026-01221,Sharma Hardware Stores,2026-06-05,2026-06-07,ICICN00000000256,38391798,0,0,-38391798,refund
pay_001257,INV-2026-01222,Sagarika Seafoods,2026-06-21,2026-06-22,SBINN00000000257,6470201,129404,23293,6317504,payment
pay_001258,INV-2026-01223,Vertex Lab Equipment,2026-06-21,2026-06-22,SBINN00000000257,6698951,133979,24116,6540856,payment
pay_001259,INV-2026-01224,Kalyani Engineering,2026-06-21,2026-06-22,SBINN00000000257,1723631,34473,6205,1682953,payment
pay_001260,01225,Kaveri Agro Foods,2026-05-17,2026-05-18,HDFCN00000000258,5140763,102815,18507,5019441,payment
pay_001261,INV-2026-01226,Anand Furniture House,2026-05-17,2026-05-18,HDFCN00000000258,361865,7237,1303,353325,payment
pay_001262,INV-2026-01227,Himalaya Packaging,2026-05-17,2026-05-18,HDFCN00000000258,12058330,241167,43410,11773753,payment
pay_001263,INV-2026-01228,Konark Ceramics,2026-05-17,2026-05-18,HDFCN00000000258,14548632,290973,52375,14205284,payment
pay_001264,INV-2026-01229,Pinnacle Interiors,2026-05-18,2026-05-20,ICICN00000000259,12724151,254483,45807,,payment
pay_001265,INV-2026-02130,Greenleaf Organics,2026-05-18,2026-05-20,ICICN00000000259,3461447,69229,12461,3379757,payment
pay_001266,INV-2026-01231,Sharma Hardware Stores,2026-05-18,2026-05-20,ICICN00000000259,630565,12611,2270,615684,payment
pay_001267,INV-2026-01231,Sharma Hardware Stores,2026-05-18,2026-05-20,ICICN00000000259,7930645,0,0,-7930645,refund
pay_001268,INV-2026-01232,Orchid Pharma Distributors,2026-04-22,2026-04-23,ICICN00000000260,6969002,139380,25088,6804534,payment
pay_001269,INV-2026-01232,Orchid Pharma Distributors,2026-04-22,2026-04-23,ICICN00000000260,3804114,76082,13695,3714337,payment
pay_001270,"INV-2026-01233,INV-2026-01234",Mahalaxmi Provisions,2026-04-22,2026-04-23,ICICN00000000260,20138383,402768,72498,19663117,payment
pay_001271,INV-2026-01235,Meenakshi Traders,2026-04-22,2026-04-23,ICICN00000000260,19241935,384839,69271,18787825,payment
pay_001272,INV-2026-01236,Kalyani Engineering,2026-04-22,2026-04-23,ICICN00000000260,556675,11134,2004,543537,payment
pay_001273,INV-2026-01237,Ashoka Timber Depot,2026-04-22,2026-04-23,ICICN00000000260,9108206,182164,32790,8893252,payment
pay_001274,INV-2026-01238,Mahalaxmi Provisions,2026-04-22,2026-04-23,ICICN00000000260,15859478,317190,57094,15485194,payment
pay_001275,INV-2026-01239,Infinite Loop Software,2026-04-22,2026-04-23,ICICN00000000260,5135024,102700,18486,5013838,payment
pay_001276,INV-2026-01239,Infinite Loop Software,2026-04-22,2026-04-23,ICICN00000000260,1840524,0,0,-1840524,refund
pay_001277,INV-2026-01240,Sagar Chemicals,2026-06-06,2026-06-08,ICICN00000000261,10761354,215227,38741,10507386,payment
pay_001278,INV-2026-01241,Sagar Chemicals,2026-06-06,2026-06-08,ICICN00000000261,14055064,281101,50598,13723365,payment
pay_001279,INV-2026-01242,Chandra Printing Press,2026-06-06,2026-06-08,ICICN00000000261,12984408,259688,46744,12677976,payment
pay_001280,INV-2026-01243,Bluewave Logistics LLP,2026-04-10,2026-04-12,UTIBN00000000262,19821852,396437,71359,19354056,payment
pay_001281,INV-2026-01244,Mahalaxmi Provisions,2026-04-10,2026-04-12,UTIBN00000000262,8441651,168833,30390,8242428,payment
pay_001282,INV-2026-01244,Mahalaxmi Provisions,2026-04-10,2026-04-12,UTIBN00000000262,4303772,86075,15494,4202203,payment
pay_001283,inv-2026-01245,Ashoka Timber Depot,2026-04-10,2026-04-12,UTIBN00000000262,928292,18566,3342,906384,payment
pay_001284,INV-2026-01246,Zenith Office Supplies,2026-04-10,2026-04-12,UTIBN00000000262,14539320,290786,52341,14196193,payment
pay_001285,INV-2026-01247,Vertex Lab Equipment,2026-04-10,2026-04-12,UTIBN00000000262,2423275,48466,8724,2366085,payment
pay_001286,INV-2026-01248,Sharma Hardware Stores,2026-05-19,2026-05-20,UTIBN00000000263,9962358,199247,35864,9727247,payment
pay_001287,INV-2026-01249,Trident Paper Mills,2026-05-19,2026-05-20,UTIBN00000000263,13236688,264734,47652,12924302,payment
pay_001288,INV-2026-01250,Infinite Loop Software,2026-05-19,2026-05-20,UTIBN00000000263,7422116,148442,26720,7246954,payment
pay_001289,INV-2026-01250,Infinite Loop Software,2026-05-19,2026-05-20,UTIBN00000000263,471526,9431,1698,460397,payment
pay_001290,INV-2026-01250,Infinite Loop Software,2026-05-19,2026-05-20,UTIBN00000000263,6503536,130071,23413,6350052,payment
pay_001291,INV-2026-01251,Chandra Printing Press,2026-05-19,2026-05-20,UTIBN00000000263,13487913,269758,48556,13169599,payment
pay_001292,INV-2026-01252,Bharat Tyre Traders,2026-05-19,2026-05-20,UTIBN00000000263,4797453,95949,17271,4684233,payment
pay_001293,INV-2026-01253,Rudra Plastics,2026-05-17,2026-05-18,SBINN00000000264,18908488,378170,68071,18462247,payment
pay_001294,INV-2026-01254,Pinnacle Interiors,2026-05-17,2026-05-18,SBINN00000000264,19166907,383338,69001,18714568,payment
pay_001295,INV-2026-01255,Chandra Printing Press,2026-05-17,2026-05-18,SBINN00000000264,7109938,142199,25596,6942143,payment
pay_001296,INV-2026-01256,Everest Cold Storage,2026-05-14,2026-05-15,SBINN00000000265,18327619,366552,65979,,payment
pay_001297,INV-2026-01257,Ganesh Cement Agencies,2026-05-14,2026-05-15,SBINN00000000265,17313848,346277,62330,16905241,payment
pay_001298,INV-2026-01258,Aakash Sports Goods,2026-05-14,2026-05-15,SBINN00000000265,16374785,327496,58949,15988340,payment
pay_001299,INV-2026-01259,Priya Garments,2026-05-14,2026-05-15,SBINN00000000265,12838499,256770,46219,12535510,payment
pay_001300,INV-2026-01260,Rudra Plastics,2026-05-14,2026-05-15,SBINN00000000265,10141375,202828,36509,9902038,payment
pay_001301,INV-2026-01261,Coastal Marine Exports,2026-05-14,2026-05-15,SBINN00000000265,16612131,332243,59804,16220084,payment
pay_001302,INV-2026-01262,Nandini Dairy Products,2026-05-14,2026-05-15,SBINN00000000265,10455074,209101,37638,10208335,payment
pay_001303,"INV-2026-01263,INV-2026-01264",Ashoka Timber Depot,2026-05-14,2026-05-15,SBINN00000000265,26138445,522769,94098,25521578,payment
pay_001304,"INV-2026-01263,INV-2026-01264",Ashoka Timber Depot,2026-05-14,2026-05-15,SBINN00000000265,48779176,0,0,-48779176,refund
pay_001305,INV-2026-01265,Infinite Loop Software,2026-05-21,2026-05-23,ICICN00000000266,17841651,356833,64230,17420588,payment
pay_001306,INV-2026-01266,Sagarika Seafoods,2026-05-21,2026-05-23,ICICN00000000266,6264662,125293,22553,6116816,payment
pay_001307,1NV-2026-01267,Surya Solar Solutions,2026-05-21,2026-05-23,ICICN00000000266,6245619,124912,22484,6098223,payment
pay_001308,INV-2026-01268,Kalyani Engineering,2026-05-21,2026-05-23,ICICN00000000266,12156626,243133,43764,11869729,payment
pay_001309,REF INV-2026-01269 - THANKS,Coastal Marine Exports,2026-05-21,2026-05-23,ICICN00000000266,6636793,132736,23892,6480165,payment
pay_001310,INV-2026-01270,Bluewave Logistics LLP,2026-05-21,2026-05-23,ICICN00000000266,13961997,279240,50263,13632494,payment
pay_001311,INV-2026-01271,Konark Ceramics,2026-05-21,2026-05-23,ICICN00000000266,344122,6882,1239,336001,payment
pay_001312,INV-2026-01272,Everest Cold Storage,2026-05-21,2026-05-23,ICICN00000000266,11873027,237461,42743,11592823,payment
pay_001313,INV-2026-01273,Surya Solar Solutions,2026-06-21,2026-06-22,UTIBN00000000267,5094273,101885,18339,4974049,payment
pay_001314,INV-2026-01274,Pinnacle Interiors,2026-06-21,2026-06-22,UTIBN00000000267,3572264,71445,12860,3487959,payment
pay_001315,INV-2026-01275,Kaveri Agro Foods,2026-06-21,2026-06-22,UTIBN00000000267,2248593,44972,8095,2195526,payment
pay_001316,INV-2026-01276,Greenleaf Organics,2026-06-21,2026-06-22,UTIBN00000000267,13554668,271093,48797,13234778,payment
pay_001317,INV-2026-01277,Kaveri Agro Foods,2026-06-21,2026-06-22,UTIBN00000000267,1211169,24223,4360,1182586,payment
pay_001318,INV-2026-01278,Vertex Lab Equipment,2026-06-21,2026-06-22,UTIBN00000000267,16991747,339835,61170,16590742,payment
pay_001319,INV- 2026-01279,Infinite Loop Software,2026-06-19,2026-06-20,UTIBN00000000268,8222488,164450,29601,8028437,payment
pay_001320,INV-2026-01280,Coastal Marine Exports,2026-06-19,2026-06-20,UTIBN00000000268,7472937,149459,26903,7296575,payment
pay_001321,INV-2026-01281,Konark Ceramics,2026-06-19,2026-06-20,UTIBN00000000268,9427408,188548,33939,9204921,payment
pay_001322,INV-2026-01282,Vertex Lab Equipment,2026-06-19,2026-06-20,UTIBN00000000268,15492786,309856,55774,15127156,payment
pay_001323,"INV-2026-01283,INV-2026-01284",Aakash Sports Goods,2026-06-19,2026-06-20,UTIBN00000000268,16770599,335412,60374,16374813,payment
pay_001324,"INV-2026-01285,INV-2026-01286,INV-2026-01287",Maple Leaf Stationers,2026-06-19,2026-06-20,UTIBN00000000268,42954177,859084,154635,41940458,payment
pay_001325,INV-2026-01288,Anand Furniture House,2026-06-19,2026-06-20,UTIBN00000000268,8424013,168480,30326,8225207,payment
pay_001326,INV-2O26-01289,Bharat Tyre Traders,2026-06-19,2026-06-20,UTIBN00000000268,2502855,50057,9010,2443788,payment
pay_001327,INV-2026-01290,Silverline Cosmetics,2026-06-15,2026-06-17,UTIBN00000000269,7770680,155414,27975,7587291,payment
pay_001328,INV-2026-01291,Nandini Dairy Products,2026-04-03,2026-04-04,SBINN00000000270,15279005,305580,55004,14918421,payment
pay_001329,INV-2026-01291,Nandini Dairy Products,2026-04-03,2026-04-04,SBINN00000000270,2898502,57970,10435,2830097,payment
pay_001330,INV-2026-01292,Greenleaf Organics,2026-06-20,2026-06-21,HDFCN00000000271,3943238,78865,14196,3850177,payment
pay_001331,"INV-2026-01293,INV-2026-0129",Pinnacle Interiors,2026-06-20,2026-06-21,HDFCN00000000271,21408046,428161,77069,20902816,payment
pay_001332,INV-2026-01295,Ganesh Cement Agencies,2026-06-20,2026-06-21,HDFCN00000000271,10421393,208428,37517,10175448,payment
pay_001333,INV-2026-01296/PART,Infinite Loop Software,2026-06-20,2026-06-21,HDFCN00000000271,17432294,348646,62756,17020892,payment
pay_001334,INV-2026-01297,Anand Furniture House,2026-06-20,2026-06-21,HDFCN00000000271,14167596,283352,51003,,payment
pay_001335,PAYMENT FOR INV-2026-01298,Nirmal Water Systems,2026-06-20,2026-06-21,HDFCN00000000271,9985735,199715,35949,9750071,payment
pay_001336,INV-2026-01299,Vishal Auto Components,2026-06-20,2026-06-21,HDFCN00000000271,12260117,245202,44136,,payment
pay_001337,INV-2026-01300,Pinnacle Interiors,2026-06-20,2026-06-21,HDFCN00000000271,3564221,71284,12831,3480106,payment
pay_001338,INV-2026-01300,Pinnacle Interiors,2026-06-20,2026-06-21,HDFCN00000000271,15210627,304213,54758,14851656,payment
pay_001339,INV-2026-01301,Nandini Dairy Products,2026-04-02,2026-04-03,SBINN00000000272,18308516,366170,65911,17876435,payment
pay_001340,INV-2026-01302,Kalyani Engineering,2026-04-02,2026-04-03,SBINN00000000272,7150339,143007,25741,6981591,payment
pay_001341,"INV-2026-03103,INV-2026-01304",Pinnacle Interiors,2026-04-02,2026-04-03,SBINN00000000272,29656419,593128,106763,28956528,payment
pay_001342,INV-2026-01305,Meenakshi Traders,2026-04-02,2026-04-03,SBINN00000000272,5238745,104775,18860,5115110,payment
pay_001343,INV-2026-01306,Vishal Auto Components,2026-04-02,2026-04-03,UTIBN00000000273,60354018,1207080,217274,58929664,payment
