invoice_id,customer_id,customer_name,invoice_date,due_date,gross_amount_paise,status
INV-2026-00001,cust_004,Kaveri Agro Foods,2026-06-18,2026-07-18,7540656,paid
INV-2026-00002,cust_038,Maple Leaf Stationers,2026-06-03,2026-07-03,19697509,paid
INV-2026-00003,cust_015,Infinite Loop Software,2026-06-12,2026-07-12,14113972,paid
INV-2026-00004,cust_015,Infinite Loop Software,2026-06-17,2026-07-17,18192407,paid
INV-2026-00005,cust_036,Konark Ceramics,2026-06-16,2026-07-16,3507975,paid
INV-2026-00006,cust_013,Coastal Marine Exports,2026-06-04,2026-07-04,2156848,paid
INV-2026-00007,cust_040,Prakash Lighting Co,2026-05-31,2026-06-30,17891570,paid
INV-2026-00008,cust_021,Kalyani Engineering,2026-06-07,2026-07-07,12182690,paid
INV-2026-00009,cust_036,Konark Ceramics,2026-04-18,2026-05-18,11462612,paid
INV-2026-00010,cust_039,Indus Valley Handicrafts,2026-04-03,2026-05-03,15357710,paid
INV-2026-00011,cust_032,Aakash Sports Goods,2026-04-27,2026-05-27,8358575,paid
INV-2026-00012,cust_032,Aakash Sports Goods,2026-04-19,2026-05-19,13168095,paid
INV-2026-00013,cust_032,Aakash Sports Goods,2026-04-19,2026-05-19,18486144,paid
INV-2026-00014,cust_032,Aakash Sports Goods,2026-04-23,2026-05-23,4644478,paid
INV-2026-00015,cust_025,Lotus Hospitality Services,2026-04-27,2026-05-27,2834504,paid
INV-2026-00016,cust_015,Infinite Loop Software,2026-05-01,2026-05-31,16322648,paid
INV-2026-00017,cust_026,Mahalaxmi Provisions,2026-06-07,2026-07-07,13486625,paid
INV-2026-00018,cust_014,Ganesh Cement Agencies,2026-06-19,2026-07-19,11460307,paid
INV-2026-00019,cust_007,Nandini Dairy Products,2026-06-05,2026-07-05,3454579,paid
INV-2026-00020,cust_007,Nandini Dairy Products,2026-06-11,2026-07-11,905667,paid
INV-2026-00021,cust_040,Prakash Lighting Co,2026-06-02,2026-07-02,8514365,paid
INV-2026-00022,cust_039,Indus Valley Handicrafts,2026-06-19,2026-07-19,3920621,paid
INV-2026-00023,cust_030,Vertex Lab Equipment,2026-06-13,2026-07-13,2931811,paid
INV-2026-00024,cust_022,Trident Paper Mills,2026-06-07,2026-07-07,5466980,paid
INV-2026-00025,cust_040,Prakash Lighting Co,2026-05-07,2026-06-06,6598014,paid
INV-2026-00026,cust_026,Mahalaxmi Provisions,2026-05-24,2026-06-23,6758134,paid
INV-2026-00027,cust_023,Surya Solar Solutions,2026-05-31,2026-06-30,9425730,paid
INV-2026-00028,cust_013,Coastal Marine Exports,2026-05-20,2026-06-19,15056470,paid
INV-2026-00029,cust_025,Lotus Hospitality Services,2026-03-14,2026-04-13,6738049,paid
INV-2026-00030,cust_012,Priya Garments,2026-03-18,2026-04-17,11207425,paid
INV-2026-00031,cust_002,Sunrise Electronics,2026-04-10,2026-05-10,3498457,paid
INV-2026-00032,cust_002,Sunrise Electronics,2026-04-14,2026-05-14,4722479,paid
INV-2026-00033,cust_002,Sunrise Electronics,2026-04-17,2026-05-17,6586585,paid
INV-2026-00034,cust_014,Ganesh Cement Agencies,2026-04-21,2026-05-21,16866203,paid
INV-2026-00035,cust_014,Ganesh Cement Agencies,2026-04-23,2026-05-23,19727566,paid
INV-2026-00036,cust_035,Silverline Cosmetics,2026-04-26,2026-05-26,2093616,paid
INV-2026-00037,cust_040,Prakash Lighting Co,2026-05-24,2026-06-23,2122163,paid
INV-2026-00038,cust_034,Ashoka Timber Depot,2026-05-26,2026-06-25,3610441,paid
INV-2026-00039,cust_004,Kaveri Agro Foods,2026-06-02,2026-07-02,1465959,paid
INV-2026-00040,cust_033,Nirmal Water Systems,2026-06-10,2026-07-10,2176305,paid
INV-2026-00041,cust_040,Prakash Lighting Co,2026-05-22,2026-06-21,17235287,paid
INV-2026-00042,cust_018,Sagar Chemicals,2026-05-24,2026-06-23,16090237,paid
INV-2026-00043,cust_016,Ratna Jewellers,2026-06-02,2026-07-02,18824167,paid
INV-2026-00044,cust_013,Coastal Marine Exports,2026-06-06,2026-07-06,14030019,paid
INV-2026-00045,cust_026,Mahalaxmi Provisions,2026-06-07,2026-07-07,7556534,paid
INV-2026-00046,cust_028,Pinnacle Interiors,2026-05-31,2026-06-30,11428849,paid
INV-2026-00047,cust_025,Lotus Hospitality Services,2026-03-31,2026-04-30,9963794,paid
INV-2026-00048,cust_008,Orchid Pharma Distributors,2026-03-25,2026-04-24,9963794,paid
INV-2026-00049,cust_017,Himalaya Packaging,2026-05-20,2026-06-19,17323238,paid
INV-2026-00050,cust_021,Kalyani Engineering,2026-05-12,2026-06-11,6202004,paid
INV-2026-00051,cust_021,Kalyani Engineering,2026-05-24,2026-06-23,2479813,paid
INV-2026-00052,cust_002,Sunrise Electronics,2026-05-12,2026-06-11,8792670,paid
INV-2026-00053,cust_015,Infinite Loop Software,2026-05-23,2026-06-22,437430,paid
INV-2026-00054,cust_015,Infinite Loop Software,2026-05-27,2026-06-26,18607752,paid
INV-2026-00055,cust_018,Sagar Chemicals,2026-06-05,2026-07-05,17730334,paid
INV-2026-00056,cust_008,Orchid Pharma Distributors,2026-05-29,2026-06-28,1740462,paid
INV-2026-00057,cust_020,Zenith Office Supplies,2026-05-21,2026-06-20,6957902,paid
INV-2026-00058,cust_012,Priya Garments,2026-05-29,2026-06-28,80271605,paid
INV-2026-00059,cust_026,Mahalaxmi Provisions,2026-05-30,2026-06-29,4405988,paid
INV-2026-00060,cust_017,Himalaya Packaging,2026-05-30,2026-06-29,2884841,paid
INV-2026-00061,cust_025,Lotus Hospitality Services,2026-05-10,2026-06-09,9510111,paid
INV-2026-00062,cust_031,Chandra Printing Press,2026-06-08,2026-07-08,6793771,paid
INV-2026-00063,cust_001,Rajesh Textiles Pvt Ltd,2026-06-24,2026-07-24,13455370,paid
INV-2026-00064,cust_001,Rajesh Textiles Pvt Ltd,2026-06-10,2026-07-10,1448111,paid
INV-2026-00065,cust_033,Nirmal Water Systems,2026-05-18,2026-06-17,17013142,paid
INV-2026-00066,cust_029,Sagarika Seafoods,2026-03-20,2026-04-19,682188,paid
INV-2026-00067,cust_016,Ratna Jewellers,2026-04-09,2026-05-09,15382648,paid
INV-2026-00068,cust_033,Nirmal Water Systems,2026-04-07,2026-05-07,17699300,paid
INV-2026-00069,cust_031,Chandra Printing Press,2026-04-07,2026-05-07,8960655,paid
INV-2026-00070,cust_014,Ganesh Cement Agencies,2026-03-20,2026-04-19,15496449,paid
INV-2026-00071,cust_025,Lotus Hospitality Services,2026-03-31,2026-04-30,1618585,paid
INV-2026-00072,cust_025,Lotus Hospitality Services,2026-03-21,2026-04-20,6703512,paid
INV-2026-00073,cust_025,Lotus Hospitality Services,2026-04-07,2026-05-07,4996764,paid
INV-2026-00074,cust_020,Zenith Office Supplies,2026-04-05,2026-05-05,468397,paid
INV-2026-00075,cust_034,Ashoka Timber Depot,2026-03-26,2026-04-25,15697745,paid
INV-2026-00076,cust_036,Konark Ceramics,2026-04-07,2026-05-07,15919406,paid
INV-2026-00077,cust_024,Bharat Tyre Traders,2026-05-28,2026-06-27,13273148,paid
INV-2026-00078,cust_032,Aakash Sports Goods,2026-05-31,2026-06-30,10181795,paid
INV-2026-00079,cust_038,Maple Leaf Stationers,2026-04-18,2026-05-18,9282678,paid
INV-2026-00080,cust_038,Maple Leaf Stationers,2026-05-11,2026-06-10,9466638,paid
INV-2026-00081,cust_019,Anand Furniture House,2026-05-08,2026-06-07,8415949,paid
INV-2026-00082,cust_028,Pinnacle Interiors,2026-05-06,2026-06-05,12577523,paid
INV-2026-00083,cust_028,Pinnacle Interiors,2026-04-17,2026-05-17,13473170,paid
INV-2026-00084,cust_036,Konark Ceramics,2026-04-19,2026-05-19,2753712,paid
INV-2026-00085,cust_027,Everest Cold Storage,2026-04-18,2026-05-18,4699722,paid
INV-2026-00086,cust_019,Anand Furniture House,2026-04-25,2026-05-25,4321859,paid
INV-2026-00087,cust_022,Trident Paper Mills,2026-04-12,2026-05-12,14391936,paid
INV-2026-00088,cust_013,Coastal Marine Exports,2026-04-21,2026-05-21,11524113,paid
INV-2026-00089,cust_021,Kalyani Engineering,2026-04-18,2026-05-18,19163199,paid
INV-2026-00090,cust_002,Sunrise Electronics,2026-04-13,2026-05-13,12895907,paid
INV-2026-00091,cust_034,Ashoka Timber Depot,2026-04-18,2026-05-18,11398212,paid
INV-2026-00092,cust_032,Aakash Sports Goods,2026-04-15,2026-05-15,4273623,paid
INV-2026-00093,cust_034,Ashoka Timber Depot,2026-04-20,2026-05-20,3157078,paid
INV-2026-00094,cust_016,Ratna Jewellers,2026-04-06,2026-05-06,15010525,paid
INV-2026-00095,cust_001,Rajesh Textiles Pvt Ltd,2026-06-10,2026-07-10,15114276,paid
INV-2026-00096,cust_001,Rajesh Textiles Pvt Ltd,2026-06-17,2026-07-17,3708976,paid
INV-2026-00097,cust_001,Rajesh Textiles Pvt Ltd,2026-06-17,2026-07-17,5230079,paid
INV-2026-00098,cust_007,Nandini Dairy Products,2026-06-01,2026-07-01,15395282,paid
INV-2026-00099,cust_003,Meenakshi Traders,2026-06-17,2026-07-17,19155299,paid
INV-2026-00100,cust_003,Meenakshi Traders,2026-06-23,2026-07-23,10243241,paid
INV-2026-00101,cust_017,Himalaya Packaging,2026-06-11,2026-07-11,3812548,paid
INV-2026-00102,cust_034,Ashoka Timber Depot,2026-06-18,2026-07-18,13071869,paid
INV-2026-00103,cust_039,Indus Valley Handicrafts,2026-06-15,2026-07-15,15508212,paid
INV-2026-00104,cust_039,Indus Valley Handicrafts,2026-06-16,2026-07-16,10665180,paid
INV-2026-00105,cust_039,Indus Valley Handicrafts,2026-06-04,2026-07-04,8182171,paid
INV-2026-00106,cust_016,Ratna Jewellers,2026-06-24,2026-07-24,13868055,paid
INV-2026-00107,cust_020,Zenith Office Supplies,2026-06-09,2026-07-09,14143394,paid
INV-2026-00108,cust_020,Zenith Office Supplies,2026-06-22,2026-07-22,8682083,paid
INV-2026-00109,cust_024,Bharat Tyre Traders,2026-06-17,2026-07-17,156780663,paid
INV-2026-00110,cust_017,Himalaya Packaging,2026-05-26,2026-06-25,3707703,paid
INV-2026-00111,cust_032,Aakash Sports Goods,2026-05-28,2026-06-27,16325669,paid
INV-2026-00112,cust_004,Kaveri Agro Foods,2026-05-31,2026-06-30,13252326,paid
INV-2026-00113,cust_039,Indus Valley Handicrafts,2026-06-03,2026-07-03,2067804,paid
INV-2026-00114,cust_007,Nandini Dairy Products,2026-05-10,2026-06-09,11843270,paid
INV-2026-00115,cust_007,Nandini Dairy Products,2026-04-29,2026-05-29,4200961,paid
INV-2026-00116,cust_014,Ganesh Cement Agencies,2026-04-18,2026-05-18,10408226,paid
INV-2026-00117,cust_028,Pinnacle Interiors,2026-04-27,2026-05-27,6617133,paid
INV-2026-00118,cust_028,Pinnacle Interiors,2026-05-01,2026-05-31,18220699,paid
INV-2026-00119,cust_028,Pinnacle Interiors,2026-04-28,2026-05-28,6526884,paid
INV-2026-00120,cust_017,Himalaya Packaging,2026-04-21,2026-05-21,10669428,paid
INV-2026-00121,cust_012,Priya Garments,2026-04-26,2026-05-26,5127296,paid
INV-2026-00122,cust_012,Priya Garments,2026-04-16,2026-05-16,7973627,paid
INV-2026-00123,cust_012,Priya Garments,2026-04-25,2026-05-25,10772277,paid
INV-2026-00124,cust_039,Indus Valley Handicrafts,2026-04-23,2026-05-23,5416608,paid
INV-2026-00125,cust_039,Indus Valley Handicrafts,2026-04-28,2026-05-28,13732046,paid
INV-2026-00126,cust_031,Chandra Printing Press,2026-04-25,2026-05-25,5441941,paid
INV-2026-00127,cust_007,Nandini Dairy Products,2026-04-27,2026-05-27,2871343,paid
INV-2026-00128,cust_027,Everest Cold Storage,2026-04-13,2026-05-13,15047593,paid
INV-2026-00129,cust_009,Vishal Auto Components,2026-04-16,2026-05-16,7933053,paid
INV-2026-00130,cust_008,Orchid Pharma Distributors,2026-04-26,2026-05-26,9907693,paid
INV-2026-00131,cust_018,Sagar Chemicals,2026-04-12,2026-05-12,8785394,paid
INV-2026-00132,cust_001,Rajesh Textiles Pvt Ltd,2026-06-10,2026-07-10,15092356,paid
INV-2026-00133,cust_003,Meenakshi Traders,2026-06-10,2026-07-10,4050246,paid
INV-2026-00134,cust_014,Ganesh Cement Agencies,2026-05-12,2026-06-11,6876373,paid
INV-2026-00135,cust_018,Sagar Chemicals,2026-04-13,2026-05-13,10371201,paid
INV-2026-00136,cust_004,Kaveri Agro Foods,2026-04-04,2026-05-04,12035029,paid
INV-2026-00137,cust_002,Sunrise Electronics,2026-03-28,2026-04-27,12256477,paid
INV-2026-00138,cust_026,Mahalaxmi Provisions,2026-04-16,2026-05-16,247185,paid
INV-2026-00139,cust_011,Deccan Steel Works,2026-04-20,2026-05-20,13680403,paid
INV-2026-00140,cust_024,Bharat Tyre Traders,2026-04-17,2026-05-17,4411240,paid
INV-2026-00141,cust_010,Greenleaf Organics,2026-04-10,2026-05-10,3037388,paid
INV-2026-00142,cust_039,Indus Valley Handicrafts,2026-06-11,2026-07-11,2945560,paid
INV-2026-00143,cust_010,Greenleaf Organics,2026-05-16,2026-06-15,6512439,paid
INV-2026-00144,cust_003,Meenakshi Traders,2026-05-29,2026-06-28,4000397,paid
INV-2026-00145,cust_040,Prakash Lighting Co,2026-04-14,2026-05-14,6075336,paid
INV-2026-00146,cust_026,Mahalaxmi Provisions,2026-04-24,2026-05-24,12081782,paid
INV-2026-00147,cust_003,Meenakshi Traders,2026-04-26,2026-05-26,10576892,paid
INV-2026-00148,cust_003,Meenakshi Traders,2026-04-04,2026-05-04,17212479,paid
INV-2026-00149,cust_033,Nirmal Water Systems,2026-04-08,2026-05-08,4619634,paid
INV-2026-00150,cust_040,Prakash Lighting Co,2026-04-25,2026-05-25,6549738,paid
INV-2026-00151,cust_032,Aakash Sports Goods,2026-04-03,2026-05-03,5590223,paid
INV-2026-00152,cust_015,Infinite Loop Software,2026-04-09,2026-05-09,8513124,paid
INV-2026-00153,cust_015,Infinite Loop Software,2026-04-23,2026-05-23,10916233,paid
INV-2026-00154,cust_018,Sagar Chemicals,2026-04-14,2026-05-14,4867486,paid
INV-2026-00155,cust_029,Sagarika Seafoods,2026-05-28,2026-06-27,3560088,paid
INV-2026-00156,cust_035,Silverline Cosmetics,2026-06-03,2026-07-03,12514338,paid
INV-2026-00157,cust_024,Bharat Tyre Traders,2026-06-04,2026-07-04,11150774,paid
INV-2026-00158,cust_029,Sagarika Seafoods,2026-05-27,2026-06-26,1670392,paid
INV-2026-00159,cust_034,Ashoka Timber Depot,2026-05-26,2026-06-25,19708545,paid
INV-2026-00160,cust_021,Kalyani Engineering,2026-05-23,2026-06-22,1183910,paid
INV-2026-00161,cust_038,Maple Leaf Stationers,2026-04-10,2026-05-10,15985060,paid
INV-2026-00162,cust_010,Greenleaf Organics,2026-04-19,2026-05-19,4905045,paid
INV-2026-00163,cust_018,Sagar Chemicals,2026-04-13,2026-05-13,435743,paid
INV-2026-00164,cust_036,Konark Ceramics,2026-04-02,2026-05-02,19460316,paid
INV-2026-00165,cust_034,Ashoka Timber Depot,2026-04-14,2026-05-14,5589808,paid
INV-2026-00166,cust_005,Bluewave Logistics LLP,2026-04-25,2026-05-25,16086510,paid
INV-2026-00167,cust_001,Rajesh Textiles Pvt Ltd,2026-04-13,2026-05-13,15661721,paid
INV-2026-00168,cust_012,Priya Garments,2026-04-23,2026-05-23,8822025,paid
INV-2026-00169,cust_003,Meenakshi Traders,2026-04-03,2026-05-03,8884832,paid
INV-2026-00170,cust_034,Ashoka Timber Depot,2026-04-17,2026-05-17,7331161,paid
INV-2026-00171,cust_034,Ashoka Timber Depot,2026-04-04,2026-05-04,14720467,paid
INV-2026-00172,cust_015,Infinite Loop Software,2026-03-26,2026-04-25,7162402,paid
INV-2026-00173,cust_038,Maple Leaf Stationers,2026-03-31,2026-04-30,1154397,paid
INV-2026-00174,cust_038,Maple Leaf Stationers,2026-04-04,2026-05-04,3804507,paid
INV-2026-00175,cust_011,Deccan Steel Works,2026-03-31,2026-04-30,1014107,paid
INV-2026-00176,cust_003,Meenakshi Traders,2026-03-12,2026-04-11,1616625,paid
INV-2026-00177,cust_024,Bharat Tyre Traders,2026-03-18,2026-04-17,2262861,paid
INV-2026-00178,cust_006,Sharma Hardware Stores,2026-03-15,2026-04-14,9692372,paid
INV-2026-00179,cust_009,Vishal Auto Components,2026-03-29,2026-04-28,9930417,paid
INV-2026-00180,cust_009,Vishal Auto Components,2026-03-25,2026-04-24,11341596,paid
INV-2026-00181,cust_009,Vishal Auto Components,2026-03-22,2026-04-21,8813062,paid
INV-2026-00182,cust_037,Rudra Plastics,2026-04-25,2026-05-25,14681661,paid
INV-2026-00183,cust_019,Anand Furniture House,2026-04-29,2026-05-29,196353,paid
INV-2026-00184,cust_036,Konark Ceramics,2026-05-19,2026-06-18,11010361,paid
INV-2026-00185,cust_026,Mahalaxmi Provisions,2026-05-16,2026-06-15,2941482,paid
INV-2026-00186,cust_002,Sunrise Electronics,2026-05-30,2026-06-29,8881372,paid
INV-2026-00187,cust_035,Silverline Cosmetics,2026-05-27,2026-06-26,7887495,paid
INV-2026-00188,cust_009,Vishal Auto Components,2026-05-15,2026-06-14,1186962,paid
INV-2026-00189,cust_021,Kalyani Engineering,2026-05-25,2026-06-24,18630296,paid
INV-2026-00190,cust_011,Deccan Steel Works,2026-05-17,2026-06-16,8680632,paid
INV-2026-00191,cust_009,Vishal Auto Components,2026-05-19,2026-06-18,8033955,paid
INV-2026-00192,cust_025,Lotus Hospitality Services,2026-06-12,2026-07-12,10186971,paid
INV-2026-00193,cust_025,Lotus Hospitality Services,2026-06-16,2026-07-16,13438927,paid
INV-2026-00194,cust_028,Pinnacle Interiors,2026-05-31,2026-06-30,9989268,paid
INV-2026-00195,cust_010,Greenleaf Organics,2026-05-24,2026-06-23,13629927,paid
INV-2026-00196,cust_017,Himalaya Packaging,2026-06-10,2026-07-10,14128782,paid
INV-2026-00197,cust_026,Mahalaxmi Provisions,2026-05-24,2026-06-23,5299872,paid
INV-2026-00198,cust_028,Pinnacle Interiors,2026-06-13,2026-07-13,13785327,paid
INV-2026-00199,cust_012,Priya Garments,2026-06-03,2026-07-03,406754,paid
INV-2026-00200,cust_032,Aakash Sports Goods,2026-06-10,2026-07-10,1329951,paid
INV-2026-00201,cust_014,Ganesh Cement Agencies,2026-05-19,2026-06-18,6754562,paid
INV-2026-00202,cust_018,Sagar Chemicals,2026-04-11,2026-05-11,496553,paid
INV-2026-00203,cust_027,Everest Cold Storage,2026-03-22,2026-04-21,11865354,paid
INV-2026-00204,cust_007,Nandini Dairy Products,2026-03-20,2026-04-19,13487801,paid
INV-2026-00205,cust_034,Ashoka Timber Depot,2026-03-18,2026-04-17,13202087,paid
INV-2026-00206,cust_011,Deccan Steel Works,2026-03-19,2026-04-18,2361731,paid
INV-2026-00207,cust_012,Priya Garments,2026-04-30,2026-05-30,9485898,paid
INV-2026-00208,cust_020,Zenith Office Supplies,2026-05-10,2026-06-09,14427848,paid
INV-2026-00209,cust_006,Sharma Hardware Stores,2026-05-14,2026-06-13,5175545,paid
INV-2026-00210,cust_025,Lotus Hospitality Services,2026-05-15,2026-06-14,4761099,paid
INV-2026-00211,cust_025,Lotus Hospitality Services,2026-05-09,2026-06-08,11631319,paid
INV-2026-00212,cust_025,Lotus Hospitality Services,2026-05-05,2026-06-04,19593958,paid
INV-2026-00213,cust_014,Ganesh Cement Agencies,2026-05-05,2026-06-04,9881193,paid
INV-2026-00214,cust_007,Nandini Dairy Products,2026-05-18,2026-06-17,6279832,paid
INV-2026-00215,cust_023,Surya Solar Solutions,2026-05-19,2026-06-18,13555132,paid
INV-2026-00216,cust_027,Everest Cold Storage,2026-04-30,2026-05-30,15929359,paid
INV-2026-00217,cust_004,Kaveri Agro Foods,2026-04-30,2026-05-30,16537716,paid
INV-2026-00218,cust_011,Deccan Steel Works,2026-04-11,2026-05-11,271686,paid
INV-2026-00219,cust_021,Kalyani Engineering,2026-04-16,2026-05-16,16746903,paid
INV-2026-00220,cust_030,Vertex Lab Equipment,2026-04-21,2026-05-21,2579881,paid
INV-2026-00221,cust_028,Pinnacle Interiors,2026-06-01,2026-07-01,9752205,paid
INV-2026-00222,cust_032,Aakash Sports Goods,2026-05-17,2026-06-16,9166670,paid
INV-2026-00223,cust_023,Surya Solar Solutions,2026-05-13,2026-06-12,16565255,paid
INV-2026-00224,cust_022,Trident Paper Mills,2026-05-11,2026-06-10,10090141,paid
INV-2026-00225,cust_026,Mahalaxmi Provisions,2026-05-21,2026-06-20,18350624,paid
INV-2026-00226,cust_026,Mahalaxmi Provisions,2026-06-02,2026-07-02,1606814,paid
INV-2026-00227,cust_012,Priya Garments,2026-03-27,2026-04-26,3425768,paid
INV-2026-00228,cust_001,Rajesh Textiles Pvt Ltd,2026-04-05,2026-05-05,10429926,paid
INV-2026-00229,cust_003,Meenakshi Traders,2026-03-27,2026-04-26,19052970,paid
INV-2026-00230,cust_004,Kaveri Agro Foods,2026-03-24,2026-04-23,1371354,paid
INV-2026-00231,cust_031,Chandra Printing Press,2026-05-04,2026-06-03,571102,paid
INV-2026-00232,cust_001,Rajesh Textiles Pvt Ltd,2026-05-05,2026-06-04,3007463,paid
INV-2026-00233,cust_017,Himalaya Packaging,2026-05-21,2026-06-20,1122692,paid
INV-2026-00234,cust_040,Prakash Lighting Co,2026-05-13,2026-06-12,5619936,paid
INV-2026-00235,cust_040,Prakash Lighting Co,2026-05-07,2026-06-06,2055851,paid
INV-2026-00236,cust_037,Rudra Plastics,2026-05-07,2026-06-06,5635815,paid
INV-2026-00237,cust_008,Orchid Pharma Distributors,2026-05-02,2026-06-01,5553789,paid
INV-2026-00238,cust_027,Everest Cold Storage,2026-04-28,2026-05-28,15241954,paid
INV-2026-00239,cust_037,Rudra Plastics,2026-05-14,2026-06-13,2084667,paid
INV-2026-00240,cust_039,Indus Valley Handicrafts,2026-05-03,2026-06-02,570113,paid
INV-2026-00241,cust_039,Indus Valley Handicrafts,2026-05-04,2026-06-03,14430149,paid
INV-2026-00242,cust_018,Sagar Chemicals,2026-05-30,2026-06-29,18432731,paid
INV-2026-00243,cust_032,Aakash Sports Goods,2026-06-22,2026-07-22,18168762,paid
INV-2026-00244,cust_025,Lotus Hospitality Services,2026-05-31,2026-06-30,7902818,paid
INV-2026-00245,cust_033,Nirmal Water Systems,2026-04-17,2026-05-17,7186814,paid
INV-2026-00246,cust_012,Priya Garments,2026-04-14,2026-05-14,12224412,paid
INV-2026-00247,cust_023,Surya Solar Solutions,2026-04-07,2026-05-07,5049913,paid
INV-2026-00248,cust_032,Aakash Sports Goods,2026-04-20,2026-05-20,12521119,paid
INV-2026-00249,cust_006,Sharma Hardware Stores,2026-04-04,2026-05-04,1068671,paid
INV-2026-00250,cust_014,Ganesh Cement Agencies,2026-04-05,2026-05-05,16368041,paid
INV-2026-00251,cust_014,Ganesh Cement Agencies,2026-03-30,2026-04-29,9439351,paid
INV-2026-00252,cust_029,Sagarika Seafoods,2026-04-04,2026-05-04,4442403,paid
INV-2026-00253,cust_017,Himalaya Packaging,2026-04-02,2026-05-02,3062625,paid
INV-2026-00254,cust_033,Nirmal Water Systems,2026-03-26,2026-04-25,5409596,paid
INV-2026-00255,cust_021,Kalyani Engineering,2026-04-23,2026-05-23,10075820,paid
INV-2026-00256,cust_029,Sagarika Seafoods,2026-04-26,2026-05-26,15844922,paid
INV-2026-00257,cust_017,Himalaya Packaging,2026-04-18,2026-05-18,16200189,paid
INV-2026-00258,cust_025,Lotus Hospitality Services,2026-04-22,2026-05-22,2571750,paid
INV-2026-00259,cust_022,Trident Paper Mills,2026-05-05,2026-06-04,16073526,paid
INV-2026-00260,cust_032,Aakash Sports Goods,2026-05-09,2026-06-08,16237876,paid
INV-2026-00261,cust_014,Ganesh Cement Agencies,2026-05-14,2026-06-13,4049322,paid
INV-2026-00262,cust_013,Coastal Marine Exports,2026-05-10,2026-06-09,8825248,paid
INV-2026-00263,cust_016,Ratna Jewellers,2026-05-10,2026-06-09,5492317,paid
INV-2026-00264,cust_016,Ratna Jewellers,2026-05-22,2026-06-21,9899045,paid
INV-2026-00265,cust_002,Sunrise Electronics,2026-05-07,2026-06-06,11488905,paid
INV-2026-00266,cust_039,Indus Valley Handicrafts,2026-05-11,2026-06-10,9240171,paid
INV-2026-00267,cust_009,Vishal Auto Components,2026-05-13,2026-06-12,6498487,paid
INV-2026-00268,cust_012,Priya Garments,2026-04-17,2026-05-17,1280468,paid
INV-2026-00269,cust_024,Bharat Tyre Traders,2026-04-28,2026-05-28,12000641,paid
INV-2026-00270,cust_029,Sagarika Seafoods,2026-04-26,2026-05-26,4102434,paid
INV-2026-00271,cust_016,Ratna Jewellers,2026-04-18,2026-05-18,12847295,paid
INV-2026-00272,cust_017,Himalaya Packaging,2026-06-06,2026-07-06,19393543,paid
INV-2026-00273,cust_017,Himalaya Packaging,2026-06-12,2026-07-12,17595990,paid
INV-2026-00274,cust_017,Himalaya Packaging,2026-06-19,2026-07-19,14955292,paid
INV-2026-00275,cust_007,Nandini Dairy Products,2026-06-25,2026-07-25,9210798,paid
INV-2026-00276,cust_032,Aakash Sports Goods,2026-06-02,2026-07-02,9432585,paid
INV-2026-00277,cust_026,Mahalaxmi Provisions,2026-06-09,2026-07-09,19907918,paid
INV-2026-00278,cust_026,Mahalaxmi Provisions,2026-04-29,2026-05-29,14665702,paid
INV-2026-00279,cust_037,Rudra Plastics,2026-04-29,2026-05-29,13491638,paid
INV-2026-00280,cust_004,Kaveri Agro Foods,2026-05-05,2026-06-04,11908802,paid
INV-2026-00281,cust_028,Pinnacle Interiors,2026-05-09,2026-06-08,12278307,paid
INV-2026-00282,cust_005,Bluewave Logistics LLP,2026-05-03,2026-06-02,16987426,paid
INV-2026-00283,cust_015,Infinite Loop Software,2026-04-27,2026-05-27,15274696,paid
INV-2026-00284,cust_008,Orchid Pharma Distributors,2026-06-06,2026-07-06,2884479,paid
INV-2026-00285,cust_008,Orchid Pharma Distributors,2026-05-31,2026-06-30,19855441,paid
INV-2026-00286,cust_008,Orchid Pharma Distributors,2026-05-28,2026-06-27,5029723,paid
INV-2026-00287,cust_033,Nirmal Water Systems,2026-06-05,2026-07-05,13691354,paid
INV-2026-00288,cust_030,Vertex Lab Equipment,2026-05-27,2026-06-26,7486200,paid
INV-2026-00289,cust_040,Prakash Lighting Co,2026-06-05,2026-07-05,1088923,paid
INV-2026-00290,cust_015,Infinite Loop Software,2026-05-28,2026-06-27,12907107,paid
INV-2026-00291,cust_023,Surya Solar Solutions,2026-04-02,2026-05-02,17529483,paid
INV-2026-00292,cust_010,Greenleaf Organics,2026-03-15,2026-04-14,11876400,paid
INV-2026-00293,cust_013,Coastal Marine Exports,2026-03-28,2026-04-27,17423431,paid
INV-2026-00294,cust_031,Chandra Printing Press,2026-03-16,2026-04-15,4320561,paid
INV-2026-00295,cust_007,Nandini Dairy Products,2026-03-18,2026-04-17,3990893,paid
INV-2026-00296,cust_007,Nandini Dairy Products,2026-03-21,2026-04-20,13387665,paid
INV-2026-00297,cust_007,Nandini Dairy Products,2026-03-18,2026-04-17,5070853,paid
INV-2026-00298,cust_018,Sagar Chemicals,2026-03-17,2026-04-16,3775416,paid
INV-2026-00299,cust_029,Sagarika Seafoods,2026-03-27,2026-04-26,11881920,paid
INV-2026-00300,cust_026,Mahalaxmi Provisions,2026-03-17,2026-04-16,12951709,paid
INV-2026-00301,cust_001,Rajesh Textiles Pvt Ltd,2026-05-11,2026-06-10,16737872,paid
INV-2026-00302,cust_001,Rajesh Textiles Pvt Ltd,2026-05-20,2026-06-19,18050106,paid
INV-2026-00303,cust_035,Silverline Cosmetics,2026-05-16,2026-06-15,17412671,paid
INV-2026-00304,cust_028,Pinnacle Interiors,2026-05-18,2026-06-17,1416065,paid
INV-2026-00305,cust_023,Surya Solar Solutions,2026-05-29,2026-06-28,2340727,paid
INV-2026-00306,cust_007,Nandini Dairy Products,2026-05-13,2026-06-12,13501759,paid
INV-2026-00307,cust_037,Rudra Plastics,2026-05-23,2026-06-22,14183976,paid
INV-2026-00308,cust_038,Maple Leaf Stationers,2026-05-13,2026-06-12,3145154,paid
INV-2026-00309,cust_027,Everest Cold Storage,2026-04-03,2026-05-03,19006629,paid
INV-2026-00310,cust_027,Everest Cold Storage,2026-04-14,2026-05-14,18603331,paid
INV-2026-00311,cust_027,Everest Cold Storage,2026-04-23,2026-05-23,10265869,paid
INV-2026-00312,cust_007,Nandini Dairy Products,2026-04-02,2026-05-02,1040932,paid
INV-2026-00313,cust_032,Aakash Sports Goods,2026-04-05,2026-05-05,8976101,paid
INV-2026-00314,cust_001,Rajesh Textiles Pvt Ltd,2026-04-12,2026-05-12,10882107,paid
INV-2026-00315,cust_016,Ratna Jewellers,2026-06-19,2026-07-19,19746359,paid
INV-2026-00316,cust_021,Kalyani Engineering,2026-06-15,2026-07-15,14088383,paid
INV-2026-00317,cust_021,Kalyani Engineering,2026-06-05,2026-07-05,8504633,paid
INV-2026-00318,cust_032,Aakash Sports Goods,2026-06-22,2026-07-22,8201306,paid
INV-2026-00319,cust_038,Maple Leaf Stationers,2026-06-15,2026-07-15,13424727,paid
INV-2026-00320,cust_036,Konark Ceramics,2026-06-14,2026-07-14,15720384,paid
INV-2026-00321,cust_016,Ratna Jewellers,2026-06-12,2026-07-12,898396,paid
INV-2026-00322,cust_010,Greenleaf Organics,2026-06-16,2026-07-16,3158190,paid
INV-2026-00323,cust_035,Silverline Cosmetics,2026-06-16,2026-07-16,18671896,paid
INV-2026-00324,cust_016,Ratna Jewellers,2026-06-09,2026-07-09,7313734,paid
INV-2026-00325,cust_031,Chandra Printing Press,2026-06-13,2026-07-13,15239828,paid
INV-2026-00326,cust_020,Zenith Office Supplies,2026-05-24,2026-06-23,5990718,paid
INV-2026-00327,cust_020,Zenith Office Supplies,2026-05-02,2026-06-01,7820022,paid
INV-2026-00328,cust_020,Zenith Office Supplies,2026-05-16,2026-06-15,6368783,paid
INV-2026-00329,cust_007,Nandini Dairy Products,2026-05-01,2026-05-31,16839481,paid
INV-2026-00330,cust_007,Nandini Dairy Products,2026-05-02,2026-06-01,10014278,paid
INV-2026-00331,cust_020,Zenith Office Supplies,2026-05-22,2026-06-21,13437304,paid
INV-2026-00332,cust_020,Zenith Office Supplies,2026-05-17,2026-06-16,11991966,paid
INV-2026-00333,cust_023,Surya Solar Solutions,2026-03-29,2026-04-28,6145394,paid
INV-2026-00334,cust_018,Sagar Chemicals,2026-03-09,2026-04-08,7404858,paid
INV-2026-00335,cust_003,Meenakshi Traders,2026-03-13,2026-04-12,5486257,paid
INV-2026-00336,cust_020,Zenith Office Supplies,2026-03-09,2026-04-08,1366470,paid
INV-2026-00337,cust_037,Rudra Plastics,2026-03-16,2026-04-15,8596618,paid
INV-2026-00338,cust_037,Rudra Plastics,2026-04-01,2026-05-01,3803805,paid
INV-2026-00339,cust_019,Anand Furniture House,2026-03-14,2026-04-13,1638694,paid
INV-2026-00340,cust_033,Nirmal Water Systems,2026-04-29,2026-05-29,14423054,paid
INV-2026-00341,cust_033,Nirmal Water Systems,2026-04-14,2026-05-14,17225878,paid
INV-2026-00342,cust_033,Nirmal Water Systems,2026-04-11,2026-05-11,4333043,paid
INV-2026-00343,cust_013,Coastal Marine Exports,2026-04-10,2026-05-10,18811182,paid
INV-2026-00344,cust_013,Coastal Marine Exports,2026-04-27,2026-05-27,5906280,paid
INV-2026-00345,cust_013,Coastal Marine Exports,2026-04-18,2026-05-18,5542732,paid
INV-2026-00346,cust_016,Ratna Jewellers,2026-04-28,2026-05-28,2042566,paid
INV-2026-00347,cust_023,Surya Solar Solutions,2026-04-29,2026-05-29,10470422,paid
INV-2026-00348,cust_032,Aakash Sports Goods,2026-04-28,2026-05-28,8160495,paid
INV-2026-00349,cust_029,Sagarika Seafoods,2026-04-15,2026-05-15,11843075,paid
INV-2026-00350,cust_022,Trident Paper Mills,2026-05-02,2026-06-01,18446558,paid
INV-2026-00351,cust_011,Deccan Steel Works,2026-05-01,2026-05-31,15524593,paid
INV-2026-00352,cust_019,Anand Furniture House,2026-05-16,2026-06-15,1579417,paid
INV-2026-00353,cust_006,Sharma Hardware Stores,2026-05-08,2026-06-07,18963069,paid
INV-2026-00354,cust_032,Aakash Sports Goods,2026-05-03,2026-06-02,6418920,paid
INV-2026-00355,cust_021,Kalyani Engineering,2026-04-28,2026-05-28,9645665,paid
INV-2026-00356,cust_021,Kalyani Engineering,2026-04-28,2026-05-28,8485988,paid
INV-2026-00357,cust_006,Sharma Hardware Stores,2026-05-18,2026-06-17,898693,paid
INV-2026-00358,cust_034,Ashoka Timber Depot,2026-04-27,2026-05-27,5702551,paid
INV-2026-00359,cust_032,Aakash Sports Goods,2026-03-26,2026-04-25,5334234,paid
INV-2026-00360,cust_039,Indus Valley Handicrafts,2026-04-16,2026-05-16,4810960,paid
INV-2026-00361,cust_011,Deccan Steel Works,2026-03-29,2026-04-28,13518266,paid
INV-2026-00362,cust_014,Ganesh Cement Agencies,2026-04-18,2026-05-18,1124455,paid
INV-2026-00363,cust_005,Bluewave Logistics LLP,2026-04-02,2026-05-02,14183397,paid
INV-2026-00364,cust_005,Bluewave Logistics LLP,2026-03-28,2026-04-27,5965039,paid
INV-2026-00365,cust_004,Kaveri Agro Foods,2026-03-30,2026-04-29,10016964,paid
INV-2026-00366,cust_027,Everest Cold Storage,2026-03-25,2026-04-24,4641996,paid
INV-2026-00367,cust_017,Himalaya Packaging,2026-05-24,2026-06-23,6855522,paid
INV-2026-00368,cust_013,Coastal Marine Exports,2026-05-21,2026-06-20,16467419,paid
INV-2026-00369,cust_030,Vertex Lab Equipment,2026-05-11,2026-06-10,3842248,paid
INV-2026-00370,cust_038,Maple Leaf Stationers,2026-05-16,2026-06-15,2515348,paid
INV-2026-00371,cust_009,Vishal Auto Components,2026-05-12,2026-06-11,17069977,paid
INV-2026-00372,cust_008,Orchid Pharma Distributors,2026-05-06,2026-06-05,17335774,paid
INV-2026-00373,cust_026,Mahalaxmi Provisions,2026-05-23,2026-06-22,18942266,paid
INV-2026-00374,cust_011,Deccan Steel Works,2026-04-01,2026-05-01,440808,paid
INV-2026-00375,cust_008,Orchid Pharma Distributors,2026-03-26,2026-04-25,17656305,paid
INV-2026-00376,cust_032,Aakash Sports Goods,2026-03-31,2026-04-30,3393541,paid
INV-2026-00377,cust_032,Aakash Sports Goods,2026-03-31,2026-04-30,18465779,paid
INV-2026-00378,cust_032,Aakash Sports Goods,2026-04-01,2026-05-01,3840622,paid
INV-2026-00379,cust_016,Ratna Jewellers,2026-04-05,2026-05-05,15041046,paid
INV-2026-00380,cust_029,Sagarika Seafoods,2026-04-11,2026-05-11,16426165,paid
INV-2026-00381,cust_036,Konark Ceramics,2026-03-21,2026-04-20,12828231,paid
INV-2026-00382,cust_031,Chandra Printing Press,2026-06-03,2026-07-03,15102086,paid
INV-2026-00383,cust_040,Prakash Lighting Co,2026-06-14,2026-07-14,11098546,paid
INV-2026-00384,cust_020,Zenith Office Supplies,2026-06-07,2026-07-07,1514852,paid
INV-2026-00385,cust_024,Bharat Tyre Traders,2026-06-15,2026-07-15,19412331,paid
INV-2026-00386,cust_023,Surya Solar Solutions,2026-06-15,2026-07-15,19483439,paid
INV-2026-00387,cust_015,Infinite Loop Software,2026-06-06,2026-07-06,1572750,paid
INV-2026-00388,cust_015,Infinite Loop Software,2026-06-05,2026-07-05,4943198,paid
INV-2026-00389,cust_010,Greenleaf Organics,2026-06-17,2026-07-17,2180133,paid
INV-2026-00390,cust_005,Bluewave Logistics LLP,2026-04-20,2026-05-20,11508849,paid
INV-2026-00391,cust_033,Nirmal Water Systems,2026-05-07,2026-06-06,11808472,paid
INV-2026-00392,cust_026,Mahalaxmi Provisions,2026-04-22,2026-05-22,11365102,paid
INV-2026-00393,cust_020,Zenith Office Supplies,2026-05-14,2026-06-13,19239731,paid
INV-2026-00394,cust_022,Trident Paper Mills,2026-05-04,2026-06-03,2735429,paid
INV-2026-00395,cust_022,Trident Paper Mills,2026-05-04,2026-06-03,6047633,paid
INV-2026-00396,cust_023,Surya Solar Solutions,2026-05-11,2026-06-10,14420347,paid
INV-2026-00397,cust_016,Ratna Jewellers,2026-04-09,2026-05-09,1680781,paid
INV-2026-00398,cust_037,Rudra Plastics,2026-04-09,2026-05-09,219452,paid
INV-2026-00399,cust_035,Silverline Cosmetics,2026-04-13,2026-05-13,10884600,paid
INV-2026-00400,cust_014,Ganesh Cement Agencies,2026-03-21,2026-04-20,958810,paid
INV-2026-00401,cust_040,Prakash Lighting Co,2026-03-28,2026-04-27,5307263,paid
INV-2026-00402,cust_014,Ganesh Cement Agencies,2026-03-14,2026-04-13,3065469,paid
INV-2026-00403,cust_038,Maple Leaf Stationers,2026-04-03,2026-05-03,19342925,paid
INV-2026-00404,cust_040,Prakash Lighting Co,2026-03-16,2026-04-15,16074287,paid
INV-2026-00405,cust_020,Zenith Office Supplies,2026-03-21,2026-04-20,15255560,paid
INV-2026-00406,cust_024,Bharat Tyre Traders,2026-03-30,2026-04-29,4474642,paid
INV-2026-00407,cust_036,Konark Ceramics,2026-03-18,2026-04-17,12213441,paid
INV-2026-00408,cust_016,Ratna Jewellers,2026-05-25,2026-06-24,7201634,paid
INV-2026-00409,cust_023,Surya Solar Solutions,2026-05-28,2026-06-27,15488359,paid
INV-2026-00410,cust_002,Sunrise Electronics,2026-05-17,2026-06-16,567962,paid
INV-2026-00411,cust_015,Infinite Loop Software,2026-05-27,2026-06-26,12651929,paid
INV-2026-00412,cust_015,Infinite Loop Software,2026-06-01,2026-07-01,14605727,paid
INV-2026-00413,cust_015,Infinite Loop Software,2026-06-02,2026-07-02,7813846,paid
INV-2026-00414,cust_021,Kalyani Engineering,2026-05-20,2026-06-19,9401010,paid
INV-2026-00415,cust_014,Ganesh Cement Agencies,2026-05-03,2026-06-02,7090330,paid
INV-2026-00416,cust_024,Bharat Tyre Traders,2026-05-23,2026-06-22,14639753,paid
INV-2026-00417,cust_024,Bharat Tyre Traders,2026-05-24,2026-06-23,10035890,paid
INV-2026-00418,cust_008,Orchid Pharma Distributors,2026-05-28,2026-06-27,4525633,paid
INV-2026-00419,cust_011,Deccan Steel Works,2026-05-16,2026-06-15,3077663,paid
INV-2026-00420,cust_026,Mahalaxmi Provisions,2026-05-27,2026-06-26,19688535,paid
INV-2026-00421,cust_001,Rajesh Textiles Pvt Ltd,2026-05-09,2026-06-08,7822170,paid
INV-2026-00422,cust_001,Rajesh Textiles Pvt Ltd,2026-05-10,2026-06-09,14495057,paid
INV-2026-00423,cust_001,Rajesh Textiles Pvt Ltd,2026-05-06,2026-06-05,3568797,paid
INV-2026-00424,cust_004,Kaveri Agro Foods,2026-05-18,2026-06-17,2216165,paid
INV-2026-00425,cust_008,Orchid Pharma Distributors,2026-05-24,2026-06-23,17680026,paid
INV-2026-00426,cust_001,Rajesh Textiles Pvt Ltd,2026-05-29,2026-06-28,1499306,paid
INV-2026-00427,cust_004,Kaveri Agro Foods,2026-05-14,2026-06-13,12217168,paid
INV-2026-00428,cust_021,Kalyani Engineering,2026-05-11,2026-06-10,15274993,paid
INV-2026-00429,cust_040,Prakash Lighting Co,2026-06-04,2026-07-04,6707892,paid
INV-2026-00430,cust_006,Sharma Hardware Stores,2026-05-17,2026-06-16,1179199,paid
INV-2026-00431,cust_004,Kaveri Agro Foods,2026-05-25,2026-06-24,10934147,paid
INV-2026-00432,cust_029,Sagarika Seafoods,2026-06-01,2026-07-01,15333842,paid
INV-2026-00433,cust_001,Rajesh Textiles Pvt Ltd,2026-05-22,2026-06-21,15840974,paid
INV-2026-00434,cust_017,Himalaya Packaging,2026-06-05,2026-07-05,11719481,paid
INV-2026-00435,cust_031,Chandra Printing Press,2026-06-16,2026-07-16,2259562,paid
INV-2026-00436,cust_034,Ashoka Timber Depot,2026-06-14,2026-07-14,17749098,paid
INV-2026-00437,cust_024,Bharat Tyre Traders,2026-06-15,2026-07-15,5165612,paid
INV-2026-00438,cust_030,Vertex Lab Equipment,2026-05-31,2026-06-30,1501536,paid
INV-2026-00439,cust_034,Ashoka Timber Depot,2026-05-24,2026-06-23,4429606,paid
INV-2026-00440,cust_024,Bharat Tyre Traders,2026-05-20,2026-06-19,12838708,paid
INV-2026-00441,cust_036,Konark Ceramics,2026-05-27,2026-06-26,8762985,paid
INV-2026-00442,cust_025,Lotus Hospitality Services,2026-03-20,2026-04-19,9956833,paid
INV-2026-00443,cust_028,Pinnacle Interiors,2026-03-17,2026-04-16,8666496,paid
INV-2026-00444,cust_025,Lotus Hospitality Services,2026-04-07,2026-05-07,6479362,paid
INV-2026-00445,cust_038,Maple Leaf Stationers,2026-03-21,2026-04-20,6865880,paid
INV-2026-00446,cust_005,Bluewave Logistics LLP,2026-03-30,2026-04-29,13245606,paid
INV-2026-00447,cust_005,Bluewave Logistics LLP,2026-03-26,2026-04-25,13965431,paid
INV-2026-00448,cust_002,Sunrise Electronics,2026-03-24,2026-04-23,15570310,paid
INV-2026-00449,cust_031,Chandra Printing Press,2026-04-09,2026-05-09,14808502,paid
INV-2026-00450,cust_001,Rajesh Textiles Pvt Ltd,2026-03-19,2026-04-18,6769100,paid
INV-2026-00451,cust_013,Coastal Marine Exports,2026-05-17,2026-06-16,1888055,paid
INV-2026-00452,cust_020,Zenith Office Supplies,2026-06-01,2026-07-01,14150235,paid
INV-2026-00453,cust_020,Zenith Office Supplies,2026-06-05,2026-07-05,14683221,paid
INV-2026-00454,cust_017,Himalaya Packaging,2026-06-13,2026-07-13,1798428,paid
INV-2026-00455,cust_024,Bharat Tyre Traders,2026-05-27,2026-06-26,16457682,paid
INV-2026-00456,cust_010,Greenleaf Organics,2026-05-23,2026-06-22,11517400,paid
INV-2026-00457,cust_018,Sagar Chemicals,2026-06-06,2026-07-06,9832267,paid
INV-2026-00458,cust_038,Maple Leaf Stationers,2026-06-01,2026-07-01,9832267,paid
INV-2026-00459,cust_019,Anand Furniture House,2026-04-01,2026-05-01,5383648,paid
INV-2026-00460,cust_014,Ganesh Cement Agencies,2026-04-04,2026-05-04,3245563,paid
INV-2026-00461,cust_006,Sharma Hardware Stores,2026-04-05,2026-05-05,7558452,paid
INV-2026-00462,cust_017,Himalaya Packaging,2026-04-04,2026-05-04,14296434,paid
INV-2026-00463,cust_011,Deccan Steel Works,2026-04-09,2026-05-09,7857028,paid
INV-2026-00464,cust_019,Anand Furniture House,2026-06-07,2026-07-07,3190371,paid
INV-2026-00465,cust_010,Greenleaf Organics,2026-06-11,2026-07-11,11229720,paid
INV-2026-00466,cust_008,Orchid Pharma Distributors,2026-06-21,2026-07-21,7112364,paid
INV-2026-00467,cust_008,Orchid Pharma Distributors,2026-06-04,2026-07-04,17642330,paid
INV-2026-00468,cust_023,Surya Solar Solutions,2026-06-21,2026-07-21,10117141,paid
INV-2026-00469,cust_003,Meenakshi Traders,2026-05-07,2026-06-06,13908292,paid
INV-2026-00470,cust_016,Ratna Jewellers,2026-05-26,2026-06-25,9125437,paid
INV-2026-00471,cust_003,Meenakshi Traders,2026-05-30,2026-06-29,6684150,paid
INV-2026-00472,cust_017,Himalaya Packaging,2026-05-18,2026-06-17,13245866,paid
INV-2026-00473,cust_008,Orchid Pharma Distributors,2026-05-28,2026-06-27,2879512,paid
INV-2026-00474,cust_014,Ganesh Cement Agencies,2026-05-12,2026-06-11,17261578,paid
INV-2026-00475,cust_027,Everest Cold Storage,2026-06-01,2026-07-01,17209707,paid
INV-2026-00476,cust_027,Everest Cold Storage,2026-05-15,2026-06-14,5658131,paid
INV-2026-00477,cust_023,Surya Solar Solutions,2026-05-30,2026-06-29,6700509,paid
INV-2026-00478,cust_022,Trident Paper Mills,2026-06-03,2026-07-03,145540,paid
INV-2026-00479,cust_031,Chandra Printing Press,2026-05-12,2026-06-11,11123020,paid
INV-2026-00480,cust_031,Chandra Printing Press,2026-06-03,2026-07-03,2151903,paid
INV-2026-00481,cust_031,Chandra Printing Press,2026-05-30,2026-06-29,1738611,paid
INV-2026-00482,cust_027,Everest Cold Storage,2026-05-25,2026-06-24,19604763,paid
INV-2026-00483,cust_027,Everest Cold Storage,2026-05-31,2026-06-30,16577564,paid
INV-2026-00484,cust_027,Everest Cold Storage,2026-05-15,2026-06-14,16700559,paid
INV-2026-00485,cust_020,Zenith Office Supplies,2026-05-13,2026-06-12,15691507,paid
INV-2026-00486,cust_038,Maple Leaf Stationers,2026-05-24,2026-06-23,17261708,paid
INV-2026-00487,cust_006,Sharma Hardware Stores,2026-03-19,2026-04-18,11444798,paid
INV-2026-00488,cust_028,Pinnacle Interiors,2026-04-09,2026-05-09,10132106,paid
INV-2026-00489,cust_002,Sunrise Electronics,2026-03-15,2026-04-14,16001233,paid
INV-2026-00490,cust_039,Indus Valley Handicrafts,2026-04-05,2026-05-05,11304736,paid
INV-2026-00491,cust_006,Sharma Hardware Stores,2026-03-26,2026-04-25,1142832,paid
INV-2026-00492,cust_006,Sharma Hardware Stores,2026-04-04,2026-05-04,14882109,paid
INV-2026-00493,cust_035,Silverline Cosmetics,2026-04-06,2026-05-06,7308571,paid
INV-2026-00494,cust_026,Mahalaxmi Provisions,2026-05-20,2026-06-19,5933658,paid
INV-2026-00495,cust_030,Vertex Lab Equipment,2026-04-29,2026-05-29,8465858,paid
INV-2026-00496,cust_007,Nandini Dairy Products,2026-04-27,2026-05-27,17292512,paid
INV-2026-00497,cust_024,Bharat Tyre Traders,2026-04-23,2026-05-23,1961915,paid
INV-2026-00498,cust_008,Orchid Pharma Distributors,2026-04-09,2026-05-09,10490374,paid
INV-2026-00499,cust_010,Greenleaf Organics,2026-03-31,2026-04-30,15447350,paid
INV-2026-00500,cust_031,Chandra Printing Press,2026-04-15,2026-05-15,4899496,paid
INV-2026-00501,cust_012,Priya Garments,2026-04-03,2026-05-03,9474484,paid
INV-2026-00502,cust_016,Ratna Jewellers,2026-04-06,2026-05-06,915847,paid
INV-2026-00503,cust_027,Everest Cold Storage,2026-03-29,2026-04-28,12816993,paid
INV-2026-00504,cust_024,Bharat Tyre Traders,2026-04-15,2026-05-15,10928417,paid
INV-2026-00505,cust_018,Sagar Chemicals,2026-05-06,2026-06-05,6672005,paid
INV-2026-00506,cust_029,Sagarika Seafoods,2026-04-30,2026-05-30,8781201,paid
INV-2026-00507,cust_021,Kalyani Engineering,2026-05-06,2026-06-05,9003954,paid
INV-2026-00508,cust_011,Deccan Steel Works,2026-05-11,2026-06-10,1524617,paid
INV-2026-00509,cust_035,Silverline Cosmetics,2026-05-04,2026-06-03,13865141,paid
INV-2026-00510,cust_018,Sagar Chemicals,2026-04-29,2026-05-29,13322125,paid
INV-2026-00511,cust_008,Orchid Pharma Distributors,2026-05-24,2026-06-23,5969623,paid
INV-2026-00512,cust_008,Orchid Pharma Distributors,2026-05-17,2026-06-16,11517046,paid
INV-2026-00513,cust_032,Aakash Sports Goods,2026-05-18,2026-06-17,6282255,paid
INV-2026-00514,cust_010,Greenleaf Organics,2026-05-13,2026-06-12,13929449,paid
INV-2026-00515,cust_019,Anand Furniture House,2026-05-19,2026-06-18,2262911,paid
INV-2026-00516,cust_016,Ratna Jewellers,2026-05-17,2026-06-16,7228534,paid
INV-2026-00517,cust_018,Sagar Chemicals,2026-05-08,2026-06-07,4494573,paid
INV-2026-00518,cust_015,Infinite Loop Software,2026-05-13,2026-06-12,19142185,paid
INV-2026-00519,cust_006,Sharma Hardware Stores,2026-05-02,2026-06-01,17406686,paid
INV-2026-00520,cust_021,Kalyani Engineering,2026-05-10,2026-06-09,4706069,paid
INV-2026-00521,cust_033,Nirmal Water Systems,2026-05-06,2026-06-05,18669745,paid
INV-2026-00522,cust_033,Nirmal Water Systems,2026-05-05,2026-06-04,1132641,paid
INV-2026-00523,cust_033,Nirmal Water Systems,2026-06-15,2026-07-15,2165817,paid
INV-2026-00524,cust_028,Pinnacle Interiors,2026-05-06,2026-06-05,15305633,paid
INV-2026-00525,cust_040,Prakash Lighting Co,2026-05-15,2026-06-14,5605548,paid
INV-2026-00526,cust_029,Sagarika Seafoods,2026-05-02,2026-06-01,6651247,paid
INV-2026-00527,cust_011,Deccan Steel Works,2026-03-28,2026-04-27,11947338,paid
INV-2026-00528,cust_003,Meenakshi Traders,2026-03-16,2026-04-15,11970568,paid
INV-2026-00529,cust_002,Sunrise Electronics,2026-03-24,2026-04-23,3477633,paid
INV-2026-00530,cust_010,Greenleaf Organics,2026-03-23,2026-04-22,16358136,paid
INV-2026-00531,cust_022,Trident Paper Mills,2026-03-23,2026-04-22,4355460,paid
INV-2026-00532,cust_034,Ashoka Timber Depot,2026-03-22,2026-04-21,13099540,paid
INV-2026-00533,cust_018,Sagar Chemicals,2026-03-22,2026-04-21,14704810,paid
INV-2026-00534,cust_025,Lotus Hospitality Services,2026-03-25,2026-04-24,4540578,paid
INV-2026-00535,cust_025,Lotus Hospitality Services,2026-03-24,2026-04-23,1501247,paid
INV-2026-00536,cust_025,Lotus Hospitality Services,2026-04-01,2026-05-01,19271148,paid
INV-2026-00537,cust_029,Sagarika Seafoods,2026-05-29,2026-06-28,14801514,paid
INV-2026-00538,cust_037,Rudra Plastics,2026-06-15,2026-07-15,15842684,paid
INV-2026-00539,cust_016,Ratna Jewellers,2026-06-01,2026-07-01,15878092,paid
INV-2026-00540,cust_008,Orchid Pharma Distributors,2026-05-28,2026-06-27,12857528,paid
INV-2026-00541,cust_016,Ratna Jewellers,2026-06-18,2026-07-18,1534015,paid
INV-2026-00542,cust_037,Rudra Plastics,2026-06-17,2026-07-17,1436579,paid
INV-2026-00543,cust_002,Sunrise Electronics,2026-06-22,2026-07-22,3290527,paid
INV-2026-00544,cust_034,Ashoka Timber Depot,2026-06-09,2026-07-09,10897242,paid
INV-2026-00545,cust_001,Rajesh Textiles Pvt Ltd,2026-06-08,2026-07-08,2922884,paid
INV-2026-00546,cust_001,Rajesh Textiles Pvt Ltd,2026-06-09,2026-07-09,18894967,paid
INV-2026-00547,cust_039,Indus Valley Handicrafts,2026-06-08,2026-07-08,2654546,paid
INV-2026-00548,cust_035,Silverline Cosmetics,2026-06-11,2026-07-11,13369728,paid
INV-2026-00549,cust_006,Sharma Hardware Stores,2026-06-08,2026-07-08,10425361,paid
INV-2026-00550,cust_010,Greenleaf Organics,2026-05-30,2026-06-29,11285830,paid
INV-2026-00551,cust_009,Vishal Auto Components,2026-06-06,2026-07-06,1889299,paid
INV-2026-00552,cust_001,Rajesh Textiles Pvt Ltd,2026-04-10,2026-05-10,11482424,paid
INV-2026-00553,cust_023,Surya Solar Solutions,2026-03-31,2026-04-30,108078,paid
INV-2026-00554,cust_016,Ratna Jewellers,2026-03-16,2026-04-15,2710587,paid
INV-2026-00555,cust_007,Nandini Dairy Products,2026-03-28,2026-04-27,11356281,paid
INV-2026-00556,cust_007,Nandini Dairy Products,2026-03-30,2026-04-29,2206087,paid
INV-2026-00557,cust_012,Priya Garments,2026-06-08,2026-07-08,5634575,paid
INV-2026-00558,cust_019,Anand Furniture House,2026-06-20,2026-07-20,11516765,paid
INV-2026-00559,cust_005,Bluewave Logistics LLP,2026-04-19,2026-05-19,16615588,paid
INV-2026-00560,cust_012,Priya Garments,2026-04-14,2026-05-14,10222522,paid
INV-2026-00561,cust_012,Priya Garments,2026-03-30,2026-04-29,3232445,paid
INV-2026-00562,cust_030,Vertex Lab Equipment,2026-04-16,2026-05-16,1080029,paid
INV-2026-00563,cust_015,Infinite Loop Software,2026-04-16,2026-05-16,11819317,paid
INV-2026-00564,cust_011,Deccan Steel Works,2026-04-01,2026-05-01,19745846,paid
INV-2026-00565,cust_024,Bharat Tyre Traders,2026-05-07,2026-06-06,12481325,paid
INV-2026-00566,cust_034,Ashoka Timber Depot,2026-05-08,2026-06-07,5614145,paid
INV-2026-00567,cust_025,Lotus Hospitality Services,2026-05-15,2026-06-14,7565571,paid
INV-2026-00568,cust_008,Orchid Pharma Distributors,2026-04-07,2026-05-07,16564044,paid
INV-2026-00569,cust_032,Aakash Sports Goods,2026-04-24,2026-05-24,7792571,paid
INV-2026-00570,cust_034,Ashoka Timber Depot,2026-05-07,2026-06-06,17178992,paid
INV-2026-00571,cust_034,Ashoka Timber Depot,2026-05-02,2026-06-01,7176440,paid
INV-2026-00572,cust_034,Ashoka Timber Depot,2026-05-09,2026-06-08,2837700,paid
INV-2026-00573,cust_030,Vertex Lab Equipment,2026-04-28,2026-05-28,4470228,paid
INV-2026-00574,cust_021,Kalyani Engineering,2026-04-21,2026-05-21,12171050,paid
INV-2026-00575,cust_021,Kalyani Engineering,2026-05-10,2026-06-09,4066716,paid
INV-2026-00576,cust_031,Chandra Printing Press,2026-05-07,2026-06-06,17147211,paid
INV-2026-00577,cust_033,Nirmal Water Systems,2026-04-22,2026-05-22,15830771,paid
INV-2026-00578,cust_003,Meenakshi Traders,2026-05-05,2026-06-04,16793506,paid
INV-2026-00579,cust_009,Vishal Auto Components,2026-05-08,2026-06-07,13047551,paid
INV-2026-00580,cust_021,Kalyani Engineering,2026-05-02,2026-06-01,13538613,paid
INV-2026-00581,cust_001,Rajesh Textiles Pvt Ltd,2026-04-19,2026-05-19,7871565,paid
INV-2026-00582,cust_033,Nirmal Water Systems,2026-04-11,2026-05-11,16562251,paid
INV-2026-00583,cust_014,Ganesh Cement Agencies,2026-04-28,2026-05-28,6505974,paid
INV-2026-00584,cust_013,Coastal Marine Exports,2026-04-09,2026-05-09,15370228,paid
INV-2026-00585,cust_022,Trident Paper Mills,2026-04-12,2026-05-12,820233,paid
INV-2026-00586,cust_010,Greenleaf Organics,2026-04-02,2026-05-02,4588645,paid
INV-2026-00587,cust_004,Kaveri Agro Foods,2026-04-05,2026-05-05,5670419,paid
INV-2026-00588,cust_017,Himalaya Packaging,2026-03-28,2026-04-27,7531377,paid
INV-2026-00589,cust_018,Sagar Chemicals,2026-03-27,2026-04-26,13731827,paid
INV-2026-00590,cust_007,Nandini Dairy Products,2026-04-09,2026-05-09,2416750,paid
INV-2026-00591,cust_012,Priya Garments,2026-04-05,2026-05-05,2510958,paid
INV-2026-00592,cust_020,Zenith Office Supplies,2026-03-29,2026-04-28,17256804,paid
INV-2026-00593,cust_034,Ashoka Timber Depot,2026-05-25,2026-06-24,1965309,paid
INV-2026-00594,cust_031,Chandra Printing Press,2026-05-17,2026-06-16,372472,paid
INV-2026-00595,cust_022,Trident Paper Mills,2026-05-05,2026-06-04,6098069,paid
INV-2026-00596,cust_021,Kalyani Engineering,2026-05-20,2026-06-19,14499877,paid
INV-2026-00597,cust_035,Silverline Cosmetics,2026-05-23,2026-06-22,7851286,paid
INV-2026-00598,cust_024,Bharat Tyre Traders,2026-05-12,2026-06-11,12294251,paid
INV-2026-00599,cust_031,Chandra Printing Press,2026-04-24,2026-05-24,5450187,paid
INV-2026-00600,cust_008,Orchid Pharma Distributors,2026-04-21,2026-05-21,9854148,paid
INV-2026-00601,cust_014,Ganesh Cement Agencies,2026-04-23,2026-05-23,19920044,paid
INV-2026-00602,cust_005,Bluewave Logistics LLP,2026-05-02,2026-06-01,2928312,paid
INV-2026-00603,cust_019,Anand Furniture House,2026-06-04,2026-07-04,8724383,paid
INV-2026-00604,cust_006,Sharma Hardware Stores,2026-06-11,2026-07-11,3116723,paid
INV-2026-00605,cust_017,Himalaya Packaging,2026-05-27,2026-06-26,11077772,paid
INV-2026-00606,cust_036,Konark Ceramics,2026-05-26,2026-06-25,5214743,paid
INV-2026-00607,cust_028,Pinnacle Interiors,2026-05-28,2026-06-27,607903,paid
INV-2026-00608,cust_005,Bluewave Logistics LLP,2026-06-16,2026-07-16,2252431,paid
INV-2026-00609,cust_033,Nirmal Water Systems,2026-03-23,2026-04-22,11184932,paid
INV-2026-00610,cust_002,Sunrise Electronics,2026-04-09,2026-05-09,7464828,paid
INV-2026-00611,cust_014,Ganesh Cement Agencies,2026-03-18,2026-04-17,15291781,paid
INV-2026-00612,cust_012,Priya Garments,2026-03-31,2026-04-30,8800544,paid
INV-2026-00613,cust_004,Kaveri Agro Foods,2026-03-16,2026-04-15,11421172,paid
INV-2026-00614,cust_021,Kalyani Engineering,2026-05-13,2026-06-12,17541733,paid
INV-2026-00615,cust_007,Nandini Dairy Products,2026-05-10,2026-06-09,13036476,paid
INV-2026-00616,cust_005,Bluewave Logistics LLP,2026-05-08,2026-06-07,17282067,paid
INV-2026-00617,cust_021,Kalyani Engineering,2026-05-07,2026-06-06,14089062,paid
INV-2026-00618,cust_040,Prakash Lighting Co,2026-04-17,2026-05-17,11485325,paid
INV-2026-00619,cust_040,Prakash Lighting Co,2026-04-06,2026-05-06,17491786,paid
INV-2026-00620,cust_040,Prakash Lighting Co,2026-04-17,2026-05-17,4909641,paid
INV-2026-00621,cust_007,Nandini Dairy Products,2026-03-27,2026-04-26,1768864,paid
INV-2026-00622,cust_009,Vishal Auto Components,2026-03-28,2026-04-27,2420265,paid
INV-2026-00623,cust_035,Silverline Cosmetics,2026-04-06,2026-05-06,5724491,paid
INV-2026-00624,cust_025,Lotus Hospitality Services,2026-04-06,2026-05-06,11392482,paid
INV-2026-00625,cust_016,Ratna Jewellers,2026-04-02,2026-05-02,3975235,paid
INV-2026-00626,cust_025,Lotus Hospitality Services,2026-04-14,2026-05-14,9737376,paid
INV-2026-00627,cust_026,Mahalaxmi Provisions,2026-03-27,2026-04-26,4399841,paid
INV-2026-00628,cust_004,Kaveri Agro Foods,2026-05-31,2026-06-30,19340176,paid
INV-2026-00629,cust_017,Himalaya Packaging,2026-06-06,2026-07-06,11024342,paid
INV-2026-00630,cust_021,Kalyani Engineering,2026-05-30,2026-06-29,12325507,paid
INV-2026-00631,cust_040,Prakash Lighting Co,2026-05-26,2026-06-25,9578080,paid
INV-2026-00632,cust_001,Rajesh Textiles Pvt Ltd,2026-05-25,2026-06-24,19074461,paid
INV-2026-00633,cust_016,Ratna Jewellers,2026-05-18,2026-06-17,1802109,paid
INV-2026-00634,cust_011,Deccan Steel Works,2026-05-29,2026-06-28,8546556,paid
INV-2026-00635,cust_022,Trident Paper Mills,2026-03-21,2026-04-20,7234889,paid
INV-2026-00636,cust_024,Bharat Tyre Traders,2026-04-01,2026-05-01,4021094,paid
INV-2026-00637,cust_002,Sunrise Electronics,2026-04-04,2026-05-04,7670043,paid
INV-2026-00638,cust_040,Prakash Lighting Co,2026-04-03,2026-05-03,6708551,paid
INV-2026-00639,cust_040,Prakash Lighting Co,2026-03-21,2026-04-20,13533662,paid
INV-2026-00640,cust_040,Prakash Lighting Co,2026-03-26,2026-04-25,16043664,paid
INV-2026-00641,cust_020,Zenith Office Supplies,2026-03-17,2026-04-16,15836480,paid
INV-2026-00642,cust_023,Surya Solar Solutions,2026-03-26,2026-04-25,11870276,paid
INV-2026-00643,cust_007,Nandini Dairy Products,2026-03-19,2026-04-18,2346570,paid
INV-2026-00644,cust_027,Everest Cold Storage,2026-03-28,2026-04-27,7027096,paid
INV-2026-00645,cust_027,Everest Cold Storage,2026-03-29,2026-04-28,12208858,paid
INV-2026-00646,cust_027,Everest Cold Storage,2026-03-18,2026-04-17,12239649,paid
INV-2026-00647,cust_015,Infinite Loop Software,2026-04-22,2026-05-22,14594774,paid
INV-2026-00648,cust_036,Konark Ceramics,2026-04-16,2026-05-16,19145850,paid
INV-2026-00649,cust_039,Indus Valley Handicrafts,2026-06-13,2026-07-13,7312310,paid
INV-2026-00650,cust_030,Vertex Lab Equipment,2026-06-01,2026-07-01,11465406,paid
INV-2026-00651,cust_030,Vertex Lab Equipment,2026-06-04,2026-07-04,5600879,paid
INV-2026-00652,cust_016,Ratna Jewellers,2026-06-19,2026-07-19,17386897,paid
INV-2026-00653,cust_015,Infinite Loop Software,2026-06-20,2026-07-20,19696483,paid
INV-2026-00654,cust_008,Orchid Pharma Distributors,2026-06-04,2026-07-04,19987182,paid
INV-2026-00655,cust_016,Ratna Jewellers,2026-05-31,2026-06-30,5459877,paid
INV-2026-00656,cust_023,Surya Solar Solutions,2026-05-29,2026-06-28,10453161,paid
INV-2026-00657,cust_014,Ganesh Cement Agencies,2026-06-03,2026-07-03,6530112,paid
INV-2026-00658,cust_008,Orchid Pharma Distributors,2026-06-02,2026-07-02,14063591,paid
INV-2026-00659,cust_029,Sagarika Seafoods,2026-05-20,2026-06-19,16365793,paid
INV-2026-00660,cust_018,Sagar Chemicals,2026-06-01,2026-07-01,15881954,paid
INV-2026-00661,cust_010,Greenleaf Organics,2026-05-31,2026-06-30,2509163,paid
INV-2026-00662,cust_033,Nirmal Water Systems,2026-06-07,2026-07-07,13527016,paid
INV-2026-00663,cust_040,Prakash Lighting Co,2026-06-11,2026-07-11,181574,paid
INV-2026-00664,cust_010,Greenleaf Organics,2026-06-07,2026-07-07,13431021,paid
INV-2026-00665,cust_038,Maple Leaf Stationers,2026-06-21,2026-07-21,11460486,paid
INV-2026-00666,cust_011,Deccan Steel Works,2026-06-16,2026-07-16,6170748,paid
INV-2026-00667,cust_009,Vishal Auto Components,2026-06-03,2026-07-03,947557,paid
INV-2026-00668,cust_024,Bharat Tyre Traders,2026-04-10,2026-05-10,12225543,paid
INV-2026-00669,cust_017,Himalaya Packaging,2026-05-08,2026-06-07,3644049,paid
INV-2026-00670,cust_010,Greenleaf Organics,2026-05-25,2026-06-24,1387669,paid
INV-2026-00671,cust_025,Lotus Hospitality Services,2026-05-11,2026-06-10,6072393,paid
INV-2026-00672,cust_020,Zenith Office Supplies,2026-05-26,2026-06-25,4218484,paid
INV-2026-00673,cust_020,Zenith Office Supplies,2026-05-30,2026-06-29,781303,paid
INV-2026-00674,cust_011,Deccan Steel Works,2026-05-26,2026-06-25,3644112,paid
INV-2026-00675,cust_013,Coastal Marine Exports,2026-05-18,2026-06-17,10965034,paid
INV-2026-00676,cust_017,Himalaya Packaging,2026-05-16,2026-06-15,871063,paid
INV-2026-00677,cust_033,Nirmal Water Systems,2026-05-02,2026-06-01,18867896,paid
INV-2026-00678,cust_032,Aakash Sports Goods,2026-04-21,2026-05-21,5305436,paid
INV-2026-00679,cust_001,Rajesh Textiles Pvt Ltd,2026-04-22,2026-05-22,13945012,paid
INV-2026-00680,cust_013,Coastal Marine Exports,2026-04-10,2026-05-10,13766558,paid
INV-2026-00681,cust_031,Chandra Printing Press,2026-04-14,2026-05-14,5461248,paid
INV-2026-00682,cust_025,Lotus Hospitality Services,2026-04-27,2026-05-27,193684,paid
INV-2026-00683,cust_040,Prakash Lighting Co,2026-04-15,2026-05-15,18371575,paid
INV-2026-00684,cust_003,Meenakshi Traders,2026-04-09,2026-05-09,2822118,paid
INV-2026-00685,cust_006,Sharma Hardware Stores,2026-04-29,2026-05-29,3502800,paid
INV-2026-00686,cust_018,Sagar Chemicals,2026-05-16,2026-06-15,17092700,paid
INV-2026-00687,cust_034,Ashoka Timber Depot,2026-05-04,2026-06-03,9365721,paid
INV-2026-00688,cust_021,Kalyani Engineering,2026-04-30,2026-05-30,15913645,paid
INV-2026-00689,cust_003,Meenakshi Traders,2026-05-18,2026-06-17,9954147,paid
INV-2026-00690,cust_035,Silverline Cosmetics,2026-05-18,2026-06-17,11848523,paid
INV-2026-00691,cust_011,Deccan Steel Works,2026-03-31,2026-04-30,15951188,paid
INV-2026-00692,cust_040,Prakash Lighting Co,2026-03-14,2026-04-13,2166710,paid
INV-2026-00693,cust_035,Silverline Cosmetics,2026-03-24,2026-04-23,7171661,paid
INV-2026-00694,cust_031,Chandra Printing Press,2026-03-17,2026-04-16,2078362,paid
INV-2026-00695,cust_015,Infinite Loop Software,2026-03-23,2026-04-22,17834596,paid
INV-2026-00696,cust_017,Himalaya Packaging,2026-03-17,2026-04-16,4067672,paid
INV-2026-00697,cust_025,Lotus Hospitality Services,2026-06-06,2026-07-06,10581231,paid
INV-2026-00698,cust_021,Kalyani Engineering,2026-06-08,2026-07-08,9587351,paid
INV-2026-00699,cust_024,Bharat Tyre Traders,2026-05-21,2026-06-20,12207455,paid
INV-2026-00700,cust_013,Coastal Marine Exports,2026-05-21,2026-06-20,5918128,paid
INV-2026-00701,cust_039,Indus Valley Handicrafts,2026-06-02,2026-07-02,8244523,paid
INV-2026-00702,cust_033,Nirmal Water Systems,2026-05-18,2026-06-17,8010935,paid
INV-2026-00703,cust_001,Rajesh Textiles Pvt Ltd,2026-04-19,2026-05-19,7571350,paid
INV-2026-00704,cust_008,Orchid Pharma Distributors,2026-04-01,2026-05-01,17349388,paid
INV-2026-00705,cust_025,Lotus Hospitality Services,2026-04-02,2026-05-02,952213,paid
INV-2026-00706,cust_024,Bharat Tyre Traders,2026-03-27,2026-04-26,12467372,paid
INV-2026-00707,cust_010,Greenleaf Organics,2026-04-03,2026-05-03,5061888,paid
INV-2026-00708,cust_020,Zenith Office Supplies,2026-03-20,2026-04-19,3273524,paid
INV-2026-00709,cust_027,Everest Cold Storage,2026-03-14,2026-04-13,557292,paid
INV-2026-00710,cust_016,Ratna Jewellers,2026-03-31,2026-04-30,242782,paid
INV-2026-00711,cust_023,Surya Solar Solutions,2026-04-05,2026-05-05,16070500,paid
INV-2026-00712,cust_006,Sharma Hardware Stores,2026-06-10,2026-07-10,2539348,paid
INV-2026-00713,cust_029,Sagarika Seafoods,2026-06-15,2026-07-15,5823852,paid
INV-2026-00714,cust_021,Kalyani Engineering,2026-06-16,2026-07-16,17281770,paid
INV-2026-00715,cust_011,Deccan Steel Works,2026-06-04,2026-07-04,4157811,paid
INV-2026-00716,cust_011,Deccan Steel Works,2026-05-25,2026-06-24,2009153,paid
INV-2026-00717,cust_003,Meenakshi Traders,2026-06-16,2026-07-16,17528990,paid
INV-2026-00718,cust_014,Ganesh Cement Agencies,2026-05-29,2026-06-28,15279195,paid
INV-2026-00719,cust_027,Everest Cold Storage,2026-05-05,2026-06-04,2368815,paid
INV-2026-00720,cust_005,Bluewave Logistics LLP,2026-05-10,2026-06-09,3401412,paid
INV-2026-00721,cust_005,Bluewave Logistics LLP,2026-05-06,2026-06-05,16904413,paid
INV-2026-00722,cust_017,Himalaya Packaging,2026-04-27,2026-05-27,16679906,paid
INV-2026-00723,cust_031,Chandra Printing Press,2026-05-16,2026-06-15,16279476,paid
INV-2026-00724,cust_038,Maple Leaf Stationers,2026-04-25,2026-05-25,1567533,paid
INV-2026-00725,cust_005,Bluewave Logistics LLP,2026-05-08,2026-06-07,8103885,paid
INV-2026-00726,cust_023,Surya Solar Solutions,2026-05-07,2026-06-06,13694863,paid
INV-2026-00727,cust_038,Maple Leaf Stationers,2026-06-01,2026-07-01,18808347,paid
INV-2026-00728,cust_038,Maple Leaf Stationers,2026-06-04,2026-07-04,19036831,paid
INV-2026-00729,cust_020,Zenith Office Supplies,2026-06-09,2026-07-09,11370900,paid
INV-2026-00730,cust_023,Surya Solar Solutions,2026-06-06,2026-07-06,7517350,paid
INV-2026-00731,cust_033,Nirmal Water Systems,2026-06-24,2026-07-24,14101954,paid
INV-2026-00732,cust_034,Ashoka Timber Depot,2026-06-02,2026-07-02,17190588,paid
INV-2026-00733,cust_035,Silverline Cosmetics,2026-06-12,2026-07-12,1118426,paid
INV-2026-00734,cust_002,Sunrise Electronics,2026-05-29,2026-06-28,11517740,paid
INV-2026-00735,cust_003,Meenakshi Traders,2026-05-11,2026-06-10,17658494,paid
INV-2026-00736,cust_020,Zenith Office Supplies,2026-05-23,2026-06-22,11471896,paid
INV-2026-00737,cust_007,Nandini Dairy Products,2026-05-07,2026-06-06,6291813,paid
INV-2026-00738,cust_024,Bharat Tyre Traders,2026-05-15,2026-06-14,1500478,paid
INV-2026-00739,cust_027,Everest Cold Storage,2026-05-26,2026-06-25,6202808,paid
INV-2026-00740,cust_012,Priya Garments,2026-05-27,2026-06-26,12524404,paid
INV-2026-00741,cust_022,Trident Paper Mills,2026-05-26,2026-06-25,6372350,paid
INV-2026-00742,cust_015,Infinite Loop Software,2026-05-21,2026-06-20,8126555,paid
INV-2026-00743,cust_038,Maple Leaf Stationers,2026-05-17,2026-06-16,4119577,paid
INV-2026-00744,cust_034,Ashoka Timber Depot,2026-05-08,2026-06-07,3070135,paid
INV-2026-00745,cust_008,Orchid Pharma Distributors,2026-05-13,2026-06-12,10496392,paid
INV-2026-00746,cust_024,Bharat Tyre Traders,2026-05-24,2026-06-23,11187750,paid
INV-2026-00747,cust_024,Bharat Tyre Traders,2026-05-15,2026-06-14,8115772,paid
INV-2026-00748,cust_036,Konark Ceramics,2026-04-26,2026-05-26,3559910,paid
INV-2026-00749,cust_029,Sagarika Seafoods,2026-04-29,2026-05-29,10474301,paid
INV-2026-00750,cust_014,Ganesh Cement Agencies,2026-04-29,2026-05-29,3187494,paid
INV-2026-00751,cust_012,Priya Garments,2026-04-18,2026-05-18,13818783,paid
INV-2026-00752,cust_019,Anand Furniture House,2026-04-20,2026-05-20,17367609,paid
INV-2026-00753,cust_011,Deccan Steel Works,2026-04-15,2026-05-15,16616295,paid
INV-2026-00754,cust_015,Infinite Loop Software,2026-04-20,2026-05-20,11306801,paid
INV-2026-00755,cust_036,Konark Ceramics,2026-04-22,2026-05-22,2883824,paid
INV-2026-00756,cust_026,Mahalaxmi Provisions,2026-03-31,2026-04-30,15392931,paid
INV-2026-00757,cust_024,Bharat Tyre Traders,2026-04-04,2026-05-04,1014995,paid
INV-2026-00758,cust_021,Kalyani Engineering,2026-03-15,2026-04-14,1465225,paid
INV-2026-00759,cust_031,Chandra Printing Press,2026-03-19,2026-04-18,5854634,paid
INV-2026-00760,cust_012,Priya Garments,2026-03-16,2026-04-15,16886354,paid
INV-2026-00761,cust_040,Prakash Lighting Co,2026-03-15,2026-04-14,17147097,paid
INV-2026-00762,cust_024,Bharat Tyre Traders,2026-05-14,2026-06-13,5557834,paid
INV-2026-00763,cust_007,Nandini Dairy Products,2026-05-30,2026-06-29,19912077,paid
INV-2026-00764,cust_007,Nandini Dairy Products,2026-05-09,2026-06-08,17235733,paid
INV-2026-00765,cust_007,Nandini Dairy Products,2026-05-08,2026-06-07,5002671,paid
INV-2026-00766,cust_005,Bluewave Logistics LLP,2026-05-15,2026-06-14,834048,paid
INV-2026-00767,cust_020,Zenith Office Supplies,2026-06-20,2026-07-20,6925213,paid
INV-2026-00768,cust_029,Sagarika Seafoods,2026-06-14,2026-07-14,18607574,paid
INV-2026-00769,cust_004,Kaveri Agro Foods,2026-06-15,2026-07-15,10381311,paid
INV-2026-00770,cust_036,Konark Ceramics,2026-06-03,2026-07-03,4865230,paid
INV-2026-00771,cust_035,Silverline Cosmetics,2026-05-28,2026-06-27,15348635,paid
INV-2026-00772,cust_014,Ganesh Cement Agencies,2026-06-10,2026-07-10,13674808,paid
INV-2026-00773,cust_012,Priya Garments,2026-06-09,2026-07-09,7083579,paid
INV-2026-00774,cust_013,Coastal Marine Exports,2026-06-18,2026-07-18,11904589,paid
INV-2026-00775,cust_007,Nandini Dairy Products,2026-06-14,2026-07-14,4116501,paid
INV-2026-00776,cust_025,Lotus Hospitality Services,2026-06-19,2026-07-19,10643682,paid
INV-2026-00777,cust_001,Rajesh Textiles Pvt Ltd,2026-06-16,2026-07-16,8570282,paid
INV-2026-00778,cust_009,Vishal Auto Components,2026-06-06,2026-07-06,18951553,paid
INV-2026-00779,cust_021,Kalyani Engineering,2026-05-28,2026-06-27,13068831,paid
INV-2026-00780,cust_007,Nandini Dairy Products,2026-05-23,2026-06-22,6423814,paid
INV-2026-00781,cust_033,Nirmal Water Systems,2026-06-07,2026-07-07,611095,paid
INV-2026-00782,cust_010,Greenleaf Organics,2026-04-04,2026-05-04,3442465,paid
INV-2026-00783,cust_004,Kaveri Agro Foods,2026-04-23,2026-05-23,2870731,paid
INV-2026-00784,cust_012,Priya Garments,2026-04-20,2026-05-20,15535507,paid
INV-2026-00785,cust_016,Ratna Jewellers,2026-04-06,2026-05-06,13926860,paid
INV-2026-00786,cust_001,Rajesh Textiles Pvt Ltd,2026-04-06,2026-05-06,3678575,paid
INV-2026-00787,cust_012,Priya Garments,2026-04-02,2026-05-02,7133226,paid
INV-2026-00788,cust_036,Konark Ceramics,2026-03-28,2026-04-27,8274550,paid
INV-2026-00789,cust_033,Nirmal Water Systems,2026-04-13,2026-05-13,12429715,paid
INV-2026-00790,cust_028,Pinnacle Interiors,2026-04-15,2026-05-15,8736510,paid
INV-2026-00791,cust_011,Deccan Steel Works,2026-03-31,2026-04-30,4444635,paid
INV-2026-00792,cust_003,Meenakshi Traders,2026-06-04,2026-07-04,18365420,paid
INV-2026-00793,cust_011,Deccan Steel Works,2026-05-21,2026-06-20,2336307,paid
INV-2026-00794,cust_012,Priya Garments,2026-05-24,2026-06-23,16871674,paid
INV-2026-00795,cust_008,Orchid Pharma Distributors,2026-05-30,2026-06-29,10120002,paid
INV-2026-00796,cust_015,Infinite Loop Software,2026-06-07,2026-07-07,10846862,paid
INV-2026-00797,cust_010,Greenleaf Organics,2026-06-03,2026-07-03,4170498,paid
INV-2026-00798,cust_027,Everest Cold Storage,2026-05-27,2026-06-26,10209679,paid
INV-2026-00799,cust_027,Everest Cold Storage,2026-05-23,2026-06-22,14808614,paid
INV-2026-00800,cust_027,Everest Cold Storage,2026-05-19,2026-06-18,2166172,paid
INV-2026-00801,cust_007,Nandini Dairy Products,2026-05-25,2026-06-24,698713,paid
INV-2026-00802,cust_024,Bharat Tyre Traders,2026-05-26,2026-06-25,3026879,paid
INV-2026-00803,cust_006,Sharma Hardware Stores,2026-05-24,2026-06-23,6575642,paid
INV-2026-00804,cust_005,Bluewave Logistics LLP,2026-05-28,2026-06-27,14850810,paid
INV-2026-00805,cust_004,Kaveri Agro Foods,2026-06-07,2026-07-07,18274551,paid
INV-2026-00806,cust_038,Maple Leaf Stationers,2026-04-17,2026-05-17,9271249,paid
INV-2026-00807,cust_033,Nirmal Water Systems,2026-04-19,2026-05-19,11472563,paid
INV-2026-00808,cust_033,Nirmal Water Systems,2026-04-27,2026-05-27,12423037,paid
INV-2026-00809,cust_033,Nirmal Water Systems,2026-05-01,2026-05-31,10673690,paid
INV-2026-00810,cust_033,Nirmal Water Systems,2026-04-25,2026-05-25,12594925,paid
INV-2026-00811,cust_033,Nirmal Water Systems,2026-04-15,2026-05-15,8137657,paid
INV-2026-00812,cust_030,Vertex Lab Equipment,2026-04-15,2026-05-15,6895041,paid
INV-2026-00813,cust_036,Konark Ceramics,2026-04-09,2026-05-09,18774404,paid
INV-2026-00814,cust_012,Priya Garments,2026-04-12,2026-05-12,6558928,paid
INV-2026-00815,cust_012,Priya Garments,2026-05-01,2026-05-31,10128396,paid
INV-2026-00816,cust_033,Nirmal Water Systems,2026-03-25,2026-04-24,4776691,paid
INV-2026-00817,cust_022,Trident Paper Mills,2026-03-23,2026-04-22,1279137,paid
INV-2026-00818,cust_016,Ratna Jewellers,2026-04-04,2026-05-04,18788897,paid
INV-2026-00819,cust_024,Bharat Tyre Traders,2026-03-29,2026-04-28,15458458,paid
INV-2026-00820,cust_020,Zenith Office Supplies,2026-03-12,2026-04-11,6222298,paid
INV-2026-00821,cust_012,Priya Garments,2026-04-02,2026-05-02,19108660,paid
INV-2026-00822,cust_036,Konark Ceramics,2026-03-12,2026-04-11,11092405,paid
INV-2026-00823,cust_002,Sunrise Electronics,2026-05-16,2026-06-15,14126470,paid
INV-2026-00824,cust_033,Nirmal Water Systems,2026-05-21,2026-06-20,7194801,paid
INV-2026-00825,cust_033,Nirmal Water Systems,2026-05-29,2026-06-28,12540186,paid
INV-2026-00826,cust_003,Meenakshi Traders,2026-05-27,2026-06-26,19876603,paid
INV-2026-00827,cust_038,Maple Leaf Stationers,2026-05-08,2026-06-07,16329318,paid
INV-2026-00828,cust_033,Nirmal Water Systems,2026-03-24,2026-04-23,8579360,paid
INV-2026-00829,cust_030,Vertex Lab Equipment,2026-03-16,2026-04-15,10710439,paid
INV-2026-00830,cust_040,Prakash Lighting Co,2026-03-31,2026-04-30,8379143,paid
INV-2026-00831,cust_032,Aakash Sports Goods,2026-03-28,2026-04-27,11233978,paid
INV-2026-00832,cust_029,Sagarika Seafoods,2026-04-02,2026-05-02,5869637,paid
INV-2026-00833,cust_004,Kaveri Agro Foods,2026-04-01,2026-05-01,2306977,paid
INV-2026-00834,cust_022,Trident Paper Mills,2026-04-13,2026-05-13,3196504,paid
INV-2026-00835,cust_028,Pinnacle Interiors,2026-03-29,2026-04-28,16593787,paid
INV-2026-00836,cust_007,Nandini Dairy Products,2026-03-26,2026-04-25,10640183,paid
INV-2026-00837,cust_017,Himalaya Packaging,2026-04-11,2026-05-11,16816814,paid
INV-2026-00838,cust_001,Rajesh Textiles Pvt Ltd,2026-06-16,2026-07-16,11839960,paid
INV-2026-00839,cust_025,Lotus Hospitality Services,2026-06-03,2026-07-03,1812041,paid
INV-2026-00840,cust_037,Rudra Plastics,2026-06-05,2026-07-05,1027541,paid
INV-2026-00841,cust_036,Konark Ceramics,2026-06-05,2026-07-05,4957534,paid
INV-2026-00842,cust_031,Chandra Printing Press,2026-06-06,2026-07-06,1564259,paid
INV-2026-00843,cust_007,Nandini Dairy Products,2026-04-06,2026-05-06,12991609,paid
INV-2026-00844,cust_010,Greenleaf Organics,2026-04-17,2026-05-17,18791118,paid
INV-2026-00845,cust_019,Anand Furniture House,2026-04-22,2026-05-22,17762530,paid
INV-2026-00846,cust_033,Nirmal Water Systems,2026-03-17,2026-04-16,4101346,paid
INV-2026-00847,cust_010,Greenleaf Organics,2026-03-25,2026-04-24,83593,paid
INV-2026-00848,cust_017,Himalaya Packaging,2026-03-08,2026-04-07,14747730,paid
INV-2026-00849,cust_017,Himalaya Packaging,2026-03-12,2026-04-11,17554105,paid
INV-2026-00850,cust_021,Kalyani Engineering,2026-03-28,2026-04-27,6262294,paid
INV-2026-00851,cust_026,Mahalaxmi Provisions,2026-03-11,2026-04-10,19071117,paid
INV-2026-00852,cust_017,Himalaya Packaging,2026-03-27,2026-04-26,4591282,paid
INV-2026-00853,cust_024,Bharat Tyre Traders,2026-03-25,2026-04-24,732559,paid
INV-2026-00854,cust_008,Orchid Pharma Distributors,2026-03-23,2026-04-22,261752,paid
INV-2026-00855,cust_009,Vishal Auto Components,2026-06-07,2026-07-07,1818323,paid
INV-2026-00856,cust_027,Everest Cold Storage,2026-06-25,2026-07-25,1092861,paid
INV-2026-00857,cust_031,Chandra Printing Press,2026-04-29,2026-05-29,3056191,paid
INV-2026-00858,cust_029,Sagarika Seafoods,2026-05-05,2026-06-04,8653453,paid
INV-2026-00859,cust_029,Sagarika Seafoods,2026-05-03,2026-06-02,8728297,paid
INV-2026-00860,cust_015,Infinite Loop Software,2026-04-24,2026-05-24,5302744,paid
INV-2026-00861,cust_013,Coastal Marine Exports,2026-05-03,2026-06-02,12880613,paid
INV-2026-00862,cust_017,Himalaya Packaging,2026-04-15,2026-05-15,13919578,paid
INV-2026-00863,cust_002,Sunrise Electronics,2026-03-29,2026-04-28,16725949,paid
INV-2026-00864,cust_014,Ganesh Cement Agencies,2026-04-15,2026-05-15,15768475,paid
INV-2026-00865,cust_005,Bluewave Logistics LLP,2026-05-11,2026-06-10,19619695,paid
INV-2026-00866,cust_027,Everest Cold Storage,2026-04-26,2026-05-26,14079241,paid
INV-2026-00867,cust_016,Ratna Jewellers,2026-04-26,2026-05-26,17070376,paid
INV-2026-00868,cust_028,Pinnacle Interiors,2026-05-02,2026-06-01,10633408,paid
INV-2026-00869,cust_003,Meenakshi Traders,2026-04-28,2026-05-28,6999901,paid
INV-2026-00870,cust_025,Lotus Hospitality Services,2026-04-17,2026-05-17,10181324,paid
INV-2026-00871,cust_018,Sagar Chemicals,2026-04-21,2026-05-21,9008830,paid
INV-2026-00872,cust_012,Priya Garments,2026-04-04,2026-05-04,15260297,paid
INV-2026-00873,cust_026,Mahalaxmi Provisions,2026-04-26,2026-05-26,6446868,paid
INV-2026-00874,cust_024,Bharat Tyre Traders,2026-04-11,2026-05-11,7974566,paid
INV-2026-00875,cust_007,Nandini Dairy Products,2026-04-16,2026-05-16,7789579,paid
INV-2026-00876,cust_021,Kalyani Engineering,2026-04-06,2026-05-06,14511404,paid
INV-2026-00877,cust_021,Kalyani Engineering,2026-04-03,2026-05-03,12525066,paid
INV-2026-00878,cust_015,Infinite Loop Software,2026-04-21,2026-05-21,10071215,paid
INV-2026-00879,cust_036,Konark Ceramics,2026-04-04,2026-05-04,83587827,paid
INV-2026-00880,cust_036,Konark Ceramics,2026-05-14,2026-06-13,16469269,paid
INV-2026-00881,cust_031,Chandra Printing Press,2026-05-14,2026-06-13,10994952,paid
INV-2026-00882,cust_001,Rajesh Textiles Pvt Ltd,2026-05-11,2026-06-10,4644731,paid
INV-2026-00883,cust_029,Sagarika Seafoods,2026-05-01,2026-05-31,6962231,paid
INV-2026-00884,cust_032,Aakash Sports Goods,2026-04-27,2026-05-27,6684978,paid
INV-2026-00885,cust_026,Mahalaxmi Provisions,2026-05-17,2026-06-16,10008614,paid
INV-2026-00886,cust_013,Coastal Marine Exports,2026-05-15,2026-06-14,13939275,paid
INV-2026-00887,cust_021,Kalyani Engineering,2026-06-02,2026-07-02,14487253,paid
INV-2026-00888,cust_022,Trident Paper Mills,2026-06-18,2026-07-18,9509861,paid
INV-2026-00889,cust_022,Trident Paper Mills,2026-06-27,2026-07-27,17259352,paid
INV-2026-00890,cust_022,Trident Paper Mills,2026-06-19,2026-07-19,4658450,paid
INV-2026-00891,cust_008,Orchid Pharma Distributors,2026-06-17,2026-07-17,4061661,paid
INV-2026-00892,cust_028,Pinnacle Interiors,2026-06-09,2026-07-09,15021371,paid
INV-2026-00893,cust_016,Ratna Jewellers,2026-03-28,2026-04-27,8042606,paid
INV-2026-00894,cust_016,Ratna Jewellers,2026-04-09,2026-05-09,18021954,paid
INV-2026-00895,cust_016,Ratna Jewellers,2026-03-23,2026-04-22,16632595,paid
INV-2026-00896,cust_032,Aakash Sports Goods,2026-04-12,2026-05-12,6503404,paid
INV-2026-00897,cust_015,Infinite Loop Software,2026-03-29,2026-04-28,6347225,paid
INV-2026-00898,cust_003,Meenakshi Traders,2026-04-10,2026-05-10,16337463,paid
INV-2026-00899,cust_003,Meenakshi Traders,2026-04-09,2026-05-09,17267559,paid
INV-2026-00900,cust_032,Aakash Sports Goods,2026-05-17,2026-06-16,16915266,paid
INV-2026-00901,cust_008,Orchid Pharma Distributors,2026-05-20,2026-06-19,7573101,paid
INV-2026-00902,cust_007,Nandini Dairy Products,2026-05-30,2026-06-29,3484537,paid
INV-2026-00903,cust_036,Konark Ceramics,2026-05-24,2026-06-23,12187169,paid
INV-2026-00904,cust_027,Everest Cold Storage,2026-05-17,2026-06-16,1504793,paid
INV-2026-00905,cust_031,Chandra Printing Press,2026-05-24,2026-06-23,10155021,paid
INV-2026-00906,cust_002,Sunrise Electronics,2026-05-29,2026-06-28,2706995,paid
INV-2026-00907,cust_005,Bluewave Logistics LLP,2026-06-01,2026-07-01,17784324,paid
INV-2026-00908,cust_032,Aakash Sports Goods,2026-04-08,2026-05-08,14637643,paid
INV-2026-00909,cust_004,Kaveri Agro Foods,2026-04-05,2026-05-05,16773489,paid
INV-2026-00910,cust_003,Meenakshi Traders,2026-04-04,2026-05-04,16591545,paid
INV-2026-00911,cust_033,Nirmal Water Systems,2026-03-26,2026-04-25,9378460,paid
INV-2026-00912,cust_008,Orchid Pharma Distributors,2026-05-16,2026-06-15,3156521,paid
INV-2026-00913,cust_008,Orchid Pharma Distributors,2026-05-02,2026-06-01,16302352,paid
INV-2026-00914,cust_014,Ganesh Cement Agencies,2026-05-08,2026-06-07,6964219,paid
INV-2026-00915,cust_039,Indus Valley Handicrafts,2026-05-02,2026-06-01,5679146,paid
INV-2026-00916,cust_014,Ganesh Cement Agencies,2026-05-14,2026-06-13,7102009,paid
INV-2026-00917,cust_034,Ashoka Timber Depot,2026-05-01,2026-05-31,19468130,paid
INV-2026-00918,cust_004,Kaveri Agro Foods,2026-04-29,2026-05-29,291797,paid
INV-2026-00919,cust_027,Everest Cold Storage,2026-05-13,2026-06-12,11111982,paid
INV-2026-00920,cust_012,Priya Garments,2026-06-03,2026-07-03,1288304,paid
INV-2026-00921,cust_001,Rajesh Textiles Pvt Ltd,2026-06-13,2026-07-13,9643806,paid
INV-2026-00922,cust_016,Ratna Jewellers,2026-06-07,2026-07-07,15092852,paid
INV-2026-00923,cust_031,Chandra Printing Press,2026-06-11,2026-07-11,7885942,paid
INV-2026-00924,cust_024,Bharat Tyre Traders,2026-05-27,2026-06-26,15459232,paid
INV-2026-00925,cust_029,Sagarika Seafoods,2026-05-30,2026-06-29,4424254,paid
INV-2026-00926,cust_001,Rajesh Textiles Pvt Ltd,2026-06-07,2026-07-07,16940244,paid
INV-2026-00927,cust_008,Orchid Pharma Distributors,2026-05-31,2026-06-30,11546314,paid
INV-2026-00928,cust_034,Ashoka Timber Depot,2026-05-22,2026-06-21,2240369,paid
INV-2026-00929,cust_039,Indus Valley Handicrafts,2026-06-01,2026-07-01,5928414,paid
INV-2026-00930,cust_039,Indus Valley Handicrafts,2026-05-25,2026-06-24,16834902,paid
INV-2026-00931,cust_003,Meenakshi Traders,2026-06-04,2026-07-04,18856624,paid
INV-2026-00932,cust_038,Maple Leaf Stationers,2026-03-28,2026-04-27,7220484,paid
INV-2026-00933,cust_031,Chandra Printing Press,2026-03-28,2026-04-27,12301015,paid
INV-2026-00934,cust_028,Pinnacle Interiors,2026-03-12,2026-04-11,8460347,paid
INV-2026-00935,cust_028,Pinnacle Interiors,2026-05-08,2026-06-07,3117656,paid
INV-2026-00936,cust_013,Coastal Marine Exports,2026-04-01,2026-05-01,11500045,paid
INV-2026-00937,cust_020,Zenith Office Supplies,2026-03-25,2026-04-24,3985162,paid
INV-2026-00938,cust_023,Surya Solar Solutions,2026-04-01,2026-05-01,10018332,paid
INV-2026-00939,cust_013,Coastal Marine Exports,2026-03-30,2026-04-29,10920045,paid
INV-2026-00940,cust_018,Sagar Chemicals,2026-04-11,2026-05-11,1506007,paid
INV-2026-00941,cust_023,Surya Solar Solutions,2026-03-29,2026-04-28,14679918,paid
INV-2026-00942,cust_018,Sagar Chemicals,2026-04-13,2026-05-13,17369244,paid
INV-2026-00943,cust_012,Priya Garments,2026-04-02,2026-05-02,17300551,paid
INV-2026-00944,cust_012,Priya Garments,2026-04-03,2026-05-03,4607543,paid
INV-2026-00945,cust_027,Everest Cold Storage,2026-04-04,2026-05-04,5599782,paid
INV-2026-00946,cust_006,Sharma Hardware Stores,2026-04-14,2026-05-14,911268,paid
INV-2026-00947,cust_006,Sharma Hardware Stores,2026-03-30,2026-04-29,2063663,paid
INV-2026-00948,cust_011,Deccan Steel Works,2026-05-15,2026-06-14,4308092,paid
INV-2026-00949,cust_009,Vishal Auto Components,2026-05-03,2026-06-02,8107186,paid
INV-2026-00950,cust_006,Sharma Hardware Stores,2026-05-01,2026-05-31,15380893,paid
INV-2026-00951,cust_007,Nandini Dairy Products,2026-05-03,2026-06-02,18641235,paid
INV-2026-00952,cust_037,Rudra Plastics,2026-05-02,2026-06-01,8619169,paid
INV-2026-00953,cust_010,Greenleaf Organics,2026-05-10,2026-06-09,13723102,paid
INV-2026-00954,cust_007,Nandini Dairy Products,2026-04-25,2026-05-25,14193047,paid
INV-2026-00955,cust_008,Orchid Pharma Distributors,2026-05-10,2026-06-09,5206083,paid
INV-2026-00956,cust_018,Sagar Chemicals,2026-04-17,2026-05-17,10289602,paid
INV-2026-00957,cust_034,Ashoka Timber Depot,2026-04-02,2026-05-02,6109658,paid
INV-2026-00958,cust_036,Konark Ceramics,2026-04-15,2026-05-15,8411296,paid
INV-2026-00959,cust_029,Sagarika Seafoods,2026-03-25,2026-04-24,89890,paid
INV-2026-00960,cust_004,Kaveri Agro Foods,2026-03-27,2026-04-26,7999229,paid
INV-2026-00961,cust_010,Greenleaf Organics,2026-03-26,2026-04-25,5055694,paid
INV-2026-00962,cust_034,Ashoka Timber Depot,2026-03-26,2026-04-25,19382842,paid
INV-2026-00963,cust_031,Chandra Printing Press,2026-04-19,2026-05-19,7836615,paid
INV-2026-00964,cust_001,Rajesh Textiles Pvt Ltd,2026-03-15,2026-04-14,13399462,paid
INV-2026-00965,cust_002,Sunrise Electronics,2026-04-05,2026-05-05,4182166,paid
INV-2026-00966,cust_006,Sharma Hardware Stores,2026-03-27,2026-04-26,7858532,paid
INV-2026-00967,cust_009,Vishal Auto Components,2026-05-30,2026-06-29,7048796,paid
INV-2026-00968,cust_015,Infinite Loop Software,2026-06-10,2026-07-10,835115,paid
INV-2026-00969,cust_019,Anand Furniture House,2026-06-07,2026-07-07,10136040,paid
INV-2026-00970,cust_019,Anand Furniture House,2026-05-30,2026-06-29,18875941,paid
INV-2026-00971,cust_019,Anand Furniture House,2026-06-08,2026-07-08,10111637,paid
INV-2026-00972,cust_037,Rudra Plastics,2026-05-29,2026-06-28,5750258,paid
INV-2026-00973,cust_030,Vertex Lab Equipment,2026-06-08,2026-07-08,1395198,paid
INV-2026-00974,cust_021,Kalyani Engineering,2026-06-04,2026-07-04,976330,paid
INV-2026-00975,cust_022,Trident Paper Mills,2026-04-22,2026-05-22,11097958,paid
INV-2026-00976,cust_010,Greenleaf Organics,2026-05-14,2026-06-13,19829046,paid
INV-2026-00977,cust_033,Nirmal Water Systems,2026-05-11,2026-06-10,30927003,paid
INV-2026-00978,cust_023,Surya Solar Solutions,2026-03-21,2026-04-20,8592206,paid
INV-2026-00979,cust_035,Silverline Cosmetics,2026-04-16,2026-05-16,11462849,paid
INV-2026-00980,cust_031,Chandra Printing Press,2026-04-24,2026-05-24,13770613,paid
INV-2026-00981,cust_037,Rudra Plastics,2026-04-26,2026-05-26,2899270,paid
INV-2026-00982,cust_017,Himalaya Packaging,2026-03-16,2026-04-15,5905155,paid
INV-2026-00983,cust_002,Sunrise Electronics,2026-03-23,2026-04-22,10786882,paid
INV-2026-00984,cust_017,Himalaya Packaging,2026-03-16,2026-04-15,3602379,paid
INV-2026-00985,cust_012,Priya Garments,2026-05-18,2026-06-17,3295749,paid
INV-2026-00986,cust_032,Aakash Sports Goods,2026-05-16,2026-06-15,8117416,paid
INV-2026-00987,cust_031,Chandra Printing Press,2026-06-04,2026-07-04,14254325,paid
INV-2026-00988,cust_030,Vertex Lab Equipment,2026-06-05,2026-07-05,18732447,paid
INV-2026-00989,cust_024,Bharat Tyre Traders,2026-05-19,2026-06-18,7995958,paid
INV-2026-00990,cust_026,Mahalaxmi Provisions,2026-05-24,2026-06-23,14700006,paid
INV-2026-00991,cust_010,Greenleaf Organics,2026-05-28,2026-06-27,11160109,paid
INV-2026-00992,cust_008,Orchid Pharma Distributors,2026-05-16,2026-06-15,15562186,paid
INV-2026-00993,cust_013,Coastal Marine Exports,2026-04-07,2026-05-07,8424348,paid
INV-2026-00994,cust_033,Nirmal Water Systems,2026-03-29,2026-04-28,511072,paid
INV-2026-00995,cust_033,Nirmal Water Systems,2026-03-19,2026-04-18,3709551,paid
INV-2026-00996,cust_033,Nirmal Water Systems,2026-04-07,2026-05-07,13154884,paid
INV-2026-00997,cust_027,Everest Cold Storage,2026-03-27,2026-04-26,605058,paid
INV-2026-00998,cust_040,Prakash Lighting Co,2026-04-03,2026-05-03,19775727,paid
INV-2026-00999,cust_030,Vertex Lab Equipment,2026-03-30,2026-04-29,17902804,paid
INV-2026-01000,cust_025,Lotus Hospitality Services,2026-05-28,2026-06-27,17368805,paid
INV-2026-01001,cust_025,Lotus Hospitality Services,2026-06-10,2026-07-10,13328452,paid
INV-2026-01002,cust_025,Lotus Hospitality Services,2026-06-10,2026-07-10,4088787,paid
INV-2026-01003,cust_026,Mahalaxmi Provisions,2026-05-30,2026-06-29,11652908,paid
INV-2026-01004,cust_009,Vishal Auto Components,2026-05-16,2026-06-15,6733681,paid
INV-2026-01005,cust_034,Ashoka Timber Depot,2026-05-21,2026-06-20,13922603,paid
INV-2026-01006,cust_034,Ashoka Timber Depot,2026-05-25,2026-06-24,15164506,paid
INV-2026-01007,cust_015,Infinite Loop Software,2026-05-21,2026-06-20,13062402,paid
INV-2026-01008,cust_027,Everest Cold Storage,2026-05-19,2026-06-18,2627732,paid
INV-2026-01009,cust_020,Zenith Office Supplies,2026-05-16,2026-06-15,1685182,paid
INV-2026-01010,cust_017,Himalaya Packaging,2026-03-27,2026-04-26,2033110,paid
INV-2026-01011,cust_014,Ganesh Cement Agencies,2026-03-26,2026-04-25,10169142,paid
INV-2026-01012,cust_037,Rudra Plastics,2026-03-23,2026-04-22,19684429,paid
INV-2026-01013,cust_036,Konark Ceramics,2026-04-10,2026-05-10,18242455,paid
INV-2026-01014,cust_009,Vishal Auto Components,2026-03-18,2026-04-17,4447046,paid
INV-2026-01015,cust_009,Vishal Auto Components,2026-04-10,2026-05-10,5452011,paid
INV-2026-01016,cust_001,Rajesh Textiles Pvt Ltd,2026-03-30,2026-04-29,12873817,paid
INV-2026-01017,cust_031,Chandra Printing Press,2026-03-20,2026-04-19,8229260,paid
INV-2026-01018,cust_031,Chandra Printing Press,2026-03-31,2026-04-30,4574460,paid
INV-2026-01019,cust_024,Bharat Tyre Traders,2026-04-06,2026-05-06,692707,paid
INV-2026-01020,cust_014,Ganesh Cement Agencies,2026-05-15,2026-06-14,4605295,paid
INV-2026-01021,cust_033,Nirmal Water Systems,2026-05-27,2026-06-26,224706,paid
INV-2026-01022,cust_040,Prakash Lighting Co,2026-05-24,2026-06-23,12731967,paid
INV-2026-01023,cust_002,Sunrise Electronics,2026-05-12,2026-06-11,10027734,paid
INV-2026-01024,cust_013,Coastal Marine Exports,2026-05-18,2026-06-17,9386963,paid
INV-2026-01025,cust_017,Himalaya Packaging,2026-05-27,2026-06-26,14022547,paid
INV-2026-01026,cust_025,Lotus Hospitality Services,2026-05-17,2026-06-16,17842186,paid
INV-2026-01027,cust_009,Vishal Auto Components,2026-05-26,2026-06-25,4817352,paid
INV-2026-01028,cust_032,Aakash Sports Goods,2026-05-13,2026-06-12,73658752,paid
INV-2026-01029,cust_024,Bharat Tyre Traders,2026-03-17,2026-04-16,14178986,paid
INV-2026-01030,cust_022,Trident Paper Mills,2026-03-12,2026-04-11,13324104,paid
INV-2026-01031,cust_035,Silverline Cosmetics,2026-03-10,2026-04-09,1554272,paid
INV-2026-01032,cust_014,Ganesh Cement Agencies,2026-03-17,2026-04-16,13413878,paid
INV-2026-01033,cust_015,Infinite Loop Software,2026-03-20,2026-04-19,7470433,paid
INV-2026-01034,cust_023,Surya Solar Solutions,2026-03-11,2026-04-10,15825384,paid
INV-2026-01035,cust_020,Zenith Office Supplies,2026-03-16,2026-04-15,16290547,paid
INV-2026-01036,cust_011,Deccan Steel Works,2026-03-20,2026-04-19,16090420,paid
INV-2026-01037,cust_034,Ashoka Timber Depot,2026-03-12,2026-04-11,4531116,paid
INV-2026-01038,cust_036,Konark Ceramics,2026-03-22,2026-04-21,5092906,paid
INV-2026-01039,cust_036,Konark Ceramics,2026-03-20,2026-04-19,10767831,paid
INV-2026-01040,cust_027,Everest Cold Storage,2026-03-06,2026-04-05,225186,paid
INV-2026-01041,cust_014,Ganesh Cement Agencies,2026-03-24,2026-04-23,13452717,paid
INV-2026-01042,cust_009,Vishal Auto Components,2026-03-17,2026-04-16,19647106,paid
INV-2026-01043,cust_033,Nirmal Water Systems,2026-03-30,2026-04-29,17380599,paid
INV-2026-01044,cust_015,Infinite Loop Software,2026-04-02,2026-05-02,16388908,paid
INV-2026-01045,cust_036,Konark Ceramics,2026-04-01,2026-05-01,15791422,paid
INV-2026-01046,cust_017,Himalaya Packaging,2026-04-04,2026-05-04,3421985,paid
INV-2026-01047,cust_015,Infinite Loop Software,2026-03-23,2026-04-22,12414080,paid
INV-2026-01048,cust_010,Greenleaf Organics,2026-04-03,2026-05-03,1721296,paid
INV-2026-01049,cust_013,Coastal Marine Exports,2026-03-19,2026-04-18,5111529,paid
INV-2026-01050,cust_009,Vishal Auto Components,2026-06-05,2026-07-05,15492411,paid
INV-2026-01051,cust_001,Rajesh Textiles Pvt Ltd,2026-06-01,2026-07-01,18085561,paid
INV-2026-01052,cust_004,Kaveri Agro Foods,2026-06-09,2026-07-09,2362927,paid
INV-2026-01053,cust_017,Himalaya Packaging,2026-06-15,2026-07-15,3855864,paid
INV-2026-01054,cust_006,Sharma Hardware Stores,2026-04-07,2026-05-07,7544293,paid
INV-2026-01055,cust_007,Nandini Dairy Products,2026-04-11,2026-05-11,10905193,paid
INV-2026-01056,cust_007,Nandini Dairy Products,2026-05-12,2026-06-11,8889021,paid
INV-2026-01057,cust_036,Konark Ceramics,2026-05-09,2026-06-08,11905132,paid
INV-2026-01058,cust_031,Chandra Printing Press,2026-05-12,2026-06-11,16457048,paid
INV-2026-01059,cust_009,Vishal Auto Components,2026-04-30,2026-05-30,394154,paid
INV-2026-01060,cust_009,Vishal Auto Components,2026-05-19,2026-06-18,2643608,paid
INV-2026-01061,cust_017,Himalaya Packaging,2026-05-13,2026-06-12,3786549,paid
INV-2026-01062,cust_016,Ratna Jewellers,2026-04-30,2026-05-30,247619,paid
INV-2026-01063,cust_013,Coastal Marine Exports,2026-04-25,2026-05-25,17064221,paid
INV-2026-01064,cust_024,Bharat Tyre Traders,2026-05-15,2026-06-14,19424154,paid
INV-2026-01065,cust_021,Kalyani Engineering,2026-05-29,2026-06-28,5096022,paid
INV-2026-01066,cust_017,Himalaya Packaging,2026-05-10,2026-06-09,16774261,paid
INV-2026-01067,cust_030,Vertex Lab Equipment,2026-05-27,2026-06-26,9737925,paid
INV-2026-01068,cust_002,Sunrise Electronics,2026-05-08,2026-06-07,10112521,paid
INV-2026-01069,cust_036,Konark Ceramics,2026-03-25,2026-04-24,15782773,paid
INV-2026-01070,cust_019,Anand Furniture House,2026-03-23,2026-04-22,13241319,paid
INV-2026-01071,cust_019,Anand Furniture House,2026-04-07,2026-05-07,10844535,paid
INV-2026-01072,cust_013,Coastal Marine Exports,2026-03-22,2026-04-21,18415556,paid
INV-2026-01073,cust_013,Coastal Marine Exports,2026-03-23,2026-04-22,12048780,paid
INV-2026-01074,cust_011,Deccan Steel Works,2026-03-27,2026-04-26,12833308,paid
INV-2026-01075,cust_011,Deccan Steel Works,2026-03-19,2026-04-18,3468484,paid
INV-2026-01076,cust_033,Nirmal Water Systems,2026-03-24,2026-04-23,17514009,paid
INV-2026-01077,cust_033,Nirmal Water Systems,2026-04-07,2026-05-07,4974395,paid
INV-2026-01078,cust_006,Sharma Hardware Stores,2026-04-02,2026-05-02,6509421,paid
INV-2026-01079,cust_006,Sharma Hardware Stores,2026-03-13,2026-04-12,13877107,paid
INV-2026-01080,cust_010,Greenleaf Organics,2026-03-20,2026-04-19,12099605,paid
INV-2026-01081,cust_038,Maple Leaf Stationers,2026-05-22,2026-06-21,16559395,paid
INV-2026-01082,cust_021,Kalyani Engineering,2026-05-28,2026-06-27,18143695,paid
INV-2026-01083,cust_031,Chandra Printing Press,2026-03-29,2026-04-28,10306060,paid
INV-2026-01084,cust_032,Aakash Sports Goods,2026-03-13,2026-04-12,10811562,paid
INV-2026-01085,cust_014,Ganesh Cement Agencies,2026-04-01,2026-05-01,2513618,paid
INV-2026-01086,cust_009,Vishal Auto Components,2026-03-28,2026-04-27,3902101,paid
INV-2026-01087,cust_033,Nirmal Water Systems,2026-03-23,2026-04-22,16574572,paid
INV-2026-01088,cust_035,Silverline Cosmetics,2026-06-01,2026-07-01,8590939,paid
INV-2026-01089,cust_024,Bharat Tyre Traders,2026-05-15,2026-06-14,19226202,paid
INV-2026-01090,cust_032,Aakash Sports Goods,2026-05-23,2026-06-22,15125577,paid
INV-2026-01091,cust_005,Bluewave Logistics LLP,2026-05-22,2026-06-21,2119138,paid
INV-2026-01092,cust_017,Himalaya Packaging,2026-05-14,2026-06-13,2096129,paid
INV-2026-01093,cust_014,Ganesh Cement Agencies,2026-05-12,2026-06-11,10464299,paid
INV-2026-01094,cust_034,Ashoka Timber Depot,2026-05-14,2026-06-13,18346324,paid
INV-2026-01095,cust_036,Konark Ceramics,2026-04-01,2026-05-01,5332615,paid
INV-2026-01096,cust_024,Bharat Tyre Traders,2026-03-23,2026-04-22,4586953,paid
INV-2026-01097,cust_013,Coastal Marine Exports,2026-03-23,2026-04-22,18764409,paid
INV-2026-01098,cust_022,Trident Paper Mills,2026-03-25,2026-04-24,6759463,paid
INV-2026-01099,cust_022,Trident Paper Mills,2026-04-08,2026-05-08,16203120,paid
INV-2026-01100,cust_004,Kaveri Agro Foods,2026-04-07,2026-05-07,2641504,paid
INV-2026-01101,cust_004,Kaveri Agro Foods,2026-03-30,2026-04-29,5930399,paid
INV-2026-01102,cust_025,Lotus Hospitality Services,2026-04-15,2026-05-15,17931541,paid
INV-2026-01103,cust_034,Ashoka Timber Depot,2026-04-13,2026-05-13,6956909,paid
INV-2026-01104,cust_033,Nirmal Water Systems,2026-04-04,2026-05-04,1495971,paid
INV-2026-01105,cust_033,Nirmal Water Systems,2026-04-16,2026-05-16,13736788,paid
INV-2026-01106,cust_033,Nirmal Water Systems,2026-05-04,2026-06-03,18456842,paid
INV-2026-01107,cust_006,Sharma Hardware Stores,2026-04-03,2026-05-03,4972410,paid
INV-2026-01108,cust_040,Prakash Lighting Co,2026-03-28,2026-04-27,11487172,paid
INV-2026-01109,cust_030,Vertex Lab Equipment,2026-03-28,2026-04-27,19458571,paid
INV-2026-01110,cust_028,Pinnacle Interiors,2026-03-25,2026-04-24,18300879,paid
INV-2026-01111,cust_006,Sharma Hardware Stores,2026-04-03,2026-05-03,12581097,paid
INV-2026-01112,cust_006,Sharma Hardware Stores,2026-04-16,2026-05-16,12569831,paid
INV-2026-01113,cust_033,Nirmal Water Systems,2026-04-18,2026-05-18,7092195,paid
INV-2026-01114,cust_009,Vishal Auto Components,2026-04-07,2026-05-07,18440668,paid
INV-2026-01115,cust_013,Coastal Marine Exports,2026-03-29,2026-04-28,19333474,paid
INV-2026-01116,cust_036,Konark Ceramics,2026-04-10,2026-05-10,2734900,paid
INV-2026-01117,cust_034,Ashoka Timber Depot,2026-03-22,2026-04-21,6866579,paid
INV-2026-01118,cust_033,Nirmal Water Systems,2026-03-17,2026-04-16,1679824,paid
INV-2026-01119,cust_009,Vishal Auto Components,2026-03-20,2026-04-19,18260648,paid
INV-2026-01120,cust_009,Vishal Auto Components,2026-03-27,2026-04-26,12082436,paid
INV-2026-01121,cust_021,Kalyani Engineering,2026-03-30,2026-04-29,18742216,paid
INV-2026-01122,cust_002,Sunrise Electronics,2026-06-02,2026-07-02,3828803,paid
INV-2026-01123,cust_028,Pinnacle Interiors,2026-06-09,2026-07-09,13795396,paid
INV-2026-01124,cust_032,Aakash Sports Goods,2026-06-08,2026-07-08,7229549,paid
INV-2026-01125,cust_031,Chandra Printing Press,2026-05-28,2026-06-27,2571008,paid
INV-2026-01126,cust_031,Chandra Printing Press,2026-05-22,2026-06-21,19541699,paid
INV-2026-01127,cust_003,Meenakshi Traders,2026-06-04,2026-07-04,13147249,paid
INV-2026-01128,cust_040,Prakash Lighting Co,2026-05-22,2026-06-21,9960637,paid
INV-2026-01129,cust_040,Prakash Lighting Co,2026-05-26,2026-06-25,1517536,paid
INV-2026-01130,cust_033,Nirmal Water Systems,2026-05-16,2026-06-15,18677678,paid
INV-2026-01131,cust_001,Rajesh Textiles Pvt Ltd,2026-04-02,2026-05-02,3315554,paid
INV-2026-01132,cust_008,Orchid Pharma Distributors,2026-04-16,2026-05-16,3192887,paid
INV-2026-01133,cust_023,Surya Solar Solutions,2026-04-11,2026-05-11,3148478,paid
INV-2026-01134,cust_039,Indus Valley Handicrafts,2026-04-07,2026-05-07,15717140,paid
INV-2026-01135,cust_023,Surya Solar Solutions,2026-04-27,2026-05-27,9744560,paid
INV-2026-01136,cust_014,Ganesh Cement Agencies,2026-05-12,2026-06-11,6942201,paid
INV-2026-01137,cust_006,Sharma Hardware Stores,2026-05-13,2026-06-12,9163922,paid
INV-2026-01138,cust_021,Kalyani Engineering,2026-05-05,2026-06-04,6361877,paid
INV-2026-01139,cust_034,Ashoka Timber Depot,2026-06-05,2026-07-05,12637842,paid
INV-2026-01140,cust_004,Kaveri Agro Foods,2026-05-20,2026-06-19,8901990,paid
INV-2026-01141,cust_008,Orchid Pharma Distributors,2026-05-28,2026-06-27,2479475,paid
INV-2026-01142,cust_005,Bluewave Logistics LLP,2026-05-26,2026-06-25,17729205,paid
INV-2026-01143,cust_026,Mahalaxmi Provisions,2026-05-05,2026-06-04,8839048,paid
INV-2026-01144,cust_020,Zenith Office Supplies,2026-05-23,2026-06-22,5061220,paid
INV-2026-01145,cust_035,Silverline Cosmetics,2026-05-21,2026-06-20,11088073,paid
INV-2026-01146,cust_031,Chandra Printing Press,2026-04-29,2026-05-29,2497817,paid
INV-2026-01147,cust_019,Anand Furniture House,2026-03-23,2026-04-22,15011081,paid
INV-2026-01148,cust_032,Aakash Sports Goods,2026-03-31,2026-04-30,8911423,paid
INV-2026-01149,cust_026,Mahalaxmi Provisions,2026-04-07,2026-05-07,8626755,paid
INV-2026-01150,cust_035,Silverline Cosmetics,2026-03-26,2026-04-25,13287677,paid
INV-2026-01151,cust_021,Kalyani Engineering,2026-03-17,2026-04-16,17707500,paid
INV-2026-01152,cust_026,Mahalaxmi Provisions,2026-03-24,2026-04-23,17089725,paid
INV-2026-01153,cust_017,Himalaya Packaging,2026-04-04,2026-05-04,11449422,paid
INV-2026-01154,cust_005,Bluewave Logistics LLP,2026-03-22,2026-04-21,6113054,paid
INV-2026-01155,cust_001,Rajesh Textiles Pvt Ltd,2026-05-04,2026-06-03,8928368,paid
INV-2026-01156,cust_013,Coastal Marine Exports,2026-04-12,2026-05-12,10720243,paid
INV-2026-01157,cust_005,Bluewave Logistics LLP,2026-05-03,2026-06-02,2918817,paid
INV-2026-01158,cust_022,Trident Paper Mills,2026-04-24,2026-05-24,14764726,paid
INV-2026-01159,cust_009,Vishal Auto Components,2026-05-02,2026-06-01,533915,paid
INV-2026-01160,cust_009,Vishal Auto Components,2026-04-17,2026-05-17,1552547,paid
INV-2026-01161,cust_018,Sagar Chemicals,2026-04-30,2026-05-30,11584550,paid
INV-2026-01162,cust_019,Anand Furniture House,2026-03-13,2026-04-12,12007979,paid
INV-2026-01163,cust_005,Bluewave Logistics LLP,2026-03-30,2026-04-29,19260579,paid
INV-2026-01164,cust_016,Ratna Jewellers,2026-05-23,2026-06-22,8560347,paid
INV-2026-01165,cust_037,Rudra Plastics,2026-05-19,2026-06-18,4182871,paid
INV-2026-01166,cust_009,Vishal Auto Components,2026-05-30,2026-06-29,1621771,paid
INV-2026-01167,cust_028,Pinnacle Interiors,2026-06-19,2026-07-19,9966286,paid
INV-2026-01168,cust_015,Infinite Loop Software,2026-06-17,2026-07-17,13018130,paid
INV-2026-01169,cust_040,Prakash Lighting Co,2026-06-13,2026-07-13,17329605,paid
INV-2026-01170,cust_001,Rajesh Textiles Pvt Ltd,2026-03-21,2026-04-20,1509431,paid
INV-2026-01171,cust_008,Orchid Pharma Distributors,2026-04-02,2026-05-02,10572224,paid
INV-2026-01172,cust_014,Ganesh Cement Agencies,2026-04-06,2026-05-06,15613086,paid
INV-2026-01173,cust_020,Zenith Office Supplies,2026-03-24,2026-04-23,16843998,paid
INV-2026-01174,cust_011,Deccan Steel Works,2026-04-06,2026-05-06,12644708,paid
INV-2026-01175,cust_008,Orchid Pharma Distributors,2026-04-05,2026-05-05,4893990,paid
INV-2026-01176,cust_039,Indus Valley Handicrafts,2026-04-04,2026-05-04,12203725,paid
INV-2026-01177,cust_027,Everest Cold Storage,2026-03-30,2026-04-29,12131617,paid
INV-2026-01178,cust_014,Ganesh Cement Agencies,2026-06-04,2026-07-04,9909438,paid
INV-2026-01179,cust_016,Ratna Jewellers,2026-06-19,2026-07-19,18551704,paid
INV-2026-01180,cust_014,Ganesh Cement Agencies,2026-06-15,2026-07-15,1327665,paid
INV-2026-01181,cust_006,Sharma Hardware Stores,2026-05-26,2026-06-25,10179326,paid
INV-2026-01182,cust_003,Meenakshi Traders,2026-03-09,2026-04-08,8678865,paid
INV-2026-01183,cust_035,Silverline Cosmetics,2026-03-11,2026-04-10,854765,paid
INV-2026-01184,cust_003,Meenakshi Traders,2026-03-21,2026-04-20,15250810,paid
INV-2026-01185,cust_014,Ganesh Cement Agencies,2026-04-26,2026-05-26,7581634,paid
INV-2026-01186,cust_009,Vishal Auto Components,2026-04-17,2026-05-17,3354511,paid
INV-2026-01187,cust_009,Vishal Auto Components,2026-04-16,2026-05-16,13043633,paid
INV-2026-01188,cust_039,Indus Valley Handicrafts,2026-05-08,2026-06-07,11659167,paid
INV-2026-01189,cust_002,Sunrise Electronics,2026-04-28,2026-05-28,10254972,paid
INV-2026-01190,cust_036,Konark Ceramics,2026-04-16,2026-05-16,4543370,paid
INV-2026-01191,cust_021,Kalyani Engineering,2026-06-16,2026-07-16,9511757,paid
INV-2026-01192,cust_025,Lotus Hospitality Services,2026-04-15,2026-05-15,55011,paid
INV-2026-01193,cust_002,Sunrise Electronics,2026-04-11,2026-05-11,6316047,paid
INV-2026-01194,cust_016,Ratna Jewellers,2026-04-30,2026-05-30,6542544,paid
INV-2026-01195,cust_016,Ratna Jewellers,2026-04-24,2026-05-24,1424066,paid
INV-2026-01196,cust_028,Pinnacle Interiors,2026-05-10,2026-06-09,12754315,paid
INV-2026-01197,cust_006,Sharma Hardware Stores,2026-05-23,2026-06-22,3590823,paid
INV-2026-01198,cust_033,Nirmal Water Systems,2026-05-19,2026-06-18,13379951,paid
INV-2026-01199,cust_025,Lotus Hospitality Services,2026-05-21,2026-06-20,8232536,paid
INV-2026-01200,cust_025,Lotus Hospitality Services,2026-05-08,2026-06-07,7799776,paid
INV-2026-01201,cust_025,Lotus Hospitality Services,2026-05-27,2026-06-26,19079967,paid
INV-2026-01202,cust_012,Priya Garments,2026-05-04,2026-06-03,4036404,paid
INV-2026-01203,cust_012,Priya Garments,2026-06-16,2026-07-16,7308396,paid
INV-2026-01204,cust_022,Trident Paper Mills,2026-06-06,2026-07-06,14823997,paid
INV-2026-01205,cust_030,Vertex Lab Equipment,2026-06-20,2026-07-20,2554278,paid
INV-2026-01206,cust_012,Priya Garments,2026-06-12,2026-07-12,12202701,paid
INV-2026-01207,cust_031,Chandra Printing Press,2026-06-05,2026-07-05,15097341,paid
INV-2026-01208,cust_001,Rajesh Textiles Pvt Ltd,2026-06-18,2026-07-18,6943455,paid
INV-2026-01209,cust_003,Meenakshi Traders,2026-06-17,2026-07-17,8836675,paid
INV-2026-01210,cust_027,Everest Cold Storage,2026-06-23,2026-07-23,17703586,paid
INV-2026-01211,cust_023,Surya Solar Solutions,2026-06-02,2026-07-02,16338812,paid
INV-2026-01212,cust_006,Sharma Hardware Stores,2026-05-20,2026-06-19,4584454,paid
INV-2026-01213,cust_014,Ganesh Cement Agencies,2026-05-25,2026-06-24,4584454,paid
INV-2026-01214,cust_024,Bharat Tyre Traders,2026-06-02,2026-07-02,14094844,paid
INV-2026-01215,cust_001,Rajesh Textiles Pvt Ltd,2026-06-02,2026-07-02,15262872,paid
INV-2026-01216,cust_039,Indus Valley Handicrafts,2026-05-24,2026-06-23,18711575,paid
INV-2026-01217,cust_007,Nandini Dairy Products,2026-05-25,2026-06-24,17468195,paid
INV-2026-01218,cust_040,Prakash Lighting Co,2026-06-04,2026-07-04,14679808,paid
INV-2026-01219,cust_031,Chandra Printing Press,2026-05-31,2026-06-30,4702667,paid
INV-2026-01220,cust_021,Kalyani Engineering,2026-05-26,2026-06-25,682681,paid
INV-2026-01221,cust_006,Sharma Hardware Stores,2026-05-26,2026-06-25,3479269,paid
INV-2026-01222,cust_029,Sagarika Seafoods,2026-06-13,2026-07-13,6470201,paid
INV-2026-01223,cust_030,Vertex Lab Equipment,2026-06-05,2026-07-05,6698951,paid
INV-2026-01224,cust_021,Kalyani Engineering,2026-06-21,2026-07-21,1723631,paid
INV-2026-01225,cust_004,Kaveri Agro Foods,2026-05-10,2026-06-09,5140763,paid
INV-2026-01226,cust_019,Anand Furniture House,2026-05-14,2026-06-13,361865,paid
INV-2026-01227,cust_017,Himalaya Packaging,2026-05-07,2026-06-06,12058330,paid
INV-2026-01228,cust_036,Konark Ceramics,2026-05-03,2026-06-02,14548632,paid
INV-2026-01229,cust_028,Pinnacle Interiors,2026-04-28,2026-05-28,12724151,paid
INV-2026-01230,cust_010,Greenleaf Organics,2026-05-09,2026-06-08,3461447,paid
INV-2026-01231,cust_006,Sharma Hardware Stores,2026-05-04,2026-06-03,630565,paid
INV-2026-01232,cust_008,Orchid Pharma Distributors,2026-04-19,2026-05-19,10773116,paid
INV-2026-01233,cust_026,Mahalaxmi Provisions,2026-03-28,2026-04-27,1995101,paid
INV-2026-01234,cust_026,Mahalaxmi Provisions,2026-04-12,2026-05-12,18143282,paid
INV-2026-01235,cust_003,Meenakshi Traders,2026-04-12,2026-05-12,19241935,paid
INV-2026-01236,cust_021,Kalyani Engineering,2026-04-01,2026-05-01,556675,paid
INV-2026-01237,cust_034,Ashoka Timber Depot,2026-04-10,2026-05-10,9108206,paid
INV-2026-01238,cust_026,Mahalaxmi Provisions,2026-04-02,2026-05-02,15859478,paid
INV-2026-01239,cust_015,Infinite Loop Software,2026-03-30,2026-04-29,5135024,paid
INV-2026-01240,cust_018,Sagar Chemicals,2026-05-27,2026-06-26,10761354,paid
INV-2026-01241,cust_018,Sagar Chemicals,2026-06-04,2026-07-04,14055064,paid
INV-2026-01242,cust_031,Chandra Printing Press,2026-05-28,2026-06-27,12984408,paid
INV-2026-01243,cust_005,Bluewave Logistics LLP,2026-03-30,2026-04-29,19821852,paid
INV-2026-01244,cust_026,Mahalaxmi Provisions,2026-04-03,2026-05-03,12745423,paid
INV-2026-01245,cust_034,Ashoka Timber Depot,2026-04-08,2026-05-08,928292,paid
INV-2026-01246,cust_020,Zenith Office Supplies,2026-04-06,2026-05-06,14539320,paid
INV-2026-01247,cust_030,Vertex Lab Equipment,2026-03-20,2026-04-19,2423275,paid
INV-2026-01248,cust_006,Sharma Hardware Stores,2026-04-30,2026-05-30,9962358,paid
INV-2026-01249,cust_022,Trident Paper Mills,2026-04-24,2026-05-24,13236688,paid
INV-2026-01250,cust_015,Infinite Loop Software,2026-04-27,2026-05-27,14397178,paid
INV-2026-01251,cust_031,Chandra Printing Press,2026-05-16,2026-06-15,13487913,paid
INV-2026-01252,cust_024,Bharat Tyre Traders,2026-04-27,2026-05-27,4797453,paid
INV-2026-01253,cust_037,Rudra Plastics,2026-05-02,2026-06-01,18908488,paid
INV-2026-01254,cust_028,Pinnacle Interiors,2026-05-02,2026-06-01,19166907,paid
INV-2026-01255,cust_031,Chandra Printing Press,2026-04-23,2026-05-23,7109938,paid
INV-2026-01256,cust_027,Everest Cold Storage,2026-05-08,2026-06-07,18327619,paid
INV-2026-01257,cust_014,Ganesh Cement Agencies,2026-04-30,2026-05-30,17313848,paid
INV-2026-01258,cust_032,Aakash Sports Goods,2026-05-01,2026-05-31,16374785,paid
INV-2026-01259,cust_012,Priya Garments,2026-05-13,2026-06-12,12838499,paid
INV-2026-01260,cust_037,Rudra Plastics,2026-05-04,2026-06-03,10141375,paid
INV-2026-01261,cust_013,Coastal Marine Exports,2026-04-19,2026-05-19,16612131,paid
INV-2026-01262,cust_007,Nandini Dairy Products,2026-05-14,2026-06-13,10455074,paid
INV-2026-01263,cust_034,Ashoka Timber Depot,2026-04-20,2026-05-20,13000038,paid
INV-2026-01264,cust_034,Ashoka Timber Depot,2026-04-29,2026-05-29,13138407,paid
INV-2026-01265,cust_015,Infinite Loop Software,2026-05-18,2026-06-17,17841651,paid
INV-2026-01266,cust_029,Sagarika Seafoods,2026-04-30,2026-05-30,6264662,paid
INV-2026-01267,cust_023,Surya Solar Solutions,2026-05-13,2026-06-12,6245619,paid
INV-2026-01268,cust_021,Kalyani Engineering,2026-05-02,2026-06-01,12156626,paid
INV-2026-01269,cust_013,Coastal Marine Exports,2026-05-09,2026-06-08,6636793,paid
INV-2026-01270,cust_005,Bluewave Logistics LLP,2026-05-03,2026-06-02,13961997,paid
INV-2026-01271,cust_036,Konark Ceramics,2026-05-08,2026-06-07,344122,paid
INV-2026-01272,cust_027,Everest Cold Storage,2026-05-08,2026-06-07,11873027,paid
INV-2026-01273,cust_023,Surya Solar Solutions,2026-06-04,2026-07-04,5094273,paid
INV-2026-01274,cust_028,Pinnacle Interiors,2026-05-29,2026-06-28,3572264,paid
INV-2026-01275,cust_004,Kaveri Agro Foods,2026-06-11,2026-07-11,2248593,paid
INV-2026-01276,cust_010,Greenleaf Organics,2026-06-16,2026-07-16,13554668,paid
INV-2026-01277,cust_004,Kaveri Agro Foods,2026-06-10,2026-07-10,1211169,paid
INV-2026-01278,cust_030,Vertex Lab Equipment,2026-06-05,2026-07-05,16991747,paid
INV-2026-01279,cust_015,Infinite Loop Software,2026-06-01,2026-07-01,8222488,paid
INV-2026-01280,cust_013,Coastal Marine Exports,2026-05-30,2026-06-29,7472937,paid
INV-2026-01281,cust_036,Konark Ceramics,2026-06-09,2026-07-09,9427408,paid
INV-2026-01282,cust_030,Vertex Lab Equipment,2026-05-27,2026-06-26,15492786,paid
INV-2026-01283,cust_032,Aakash Sports Goods,2026-06-03,2026-07-03,6606159,paid
INV-2026-01284,cust_032,Aakash Sports Goods,2026-05-26,2026-06-25,10164440,paid
INV-2026-01285,cust_038,Maple Leaf Stationers,2026-05-30,2026-06-29,17297147,paid
INV-2026-01286,cust_038,Maple Leaf Stationers,2026-06-07,2026-07-07,16790063,paid
INV-2026-01287,cust_038,Maple Leaf Stationers,2026-05-27,2026-06-26,8866967,paid
INV-2026-01288,cust_019,Anand Furniture House,2026-06-18,2026-07-18,8424013,paid
INV-2026-01289,cust_024,Bharat Tyre Traders,2026-06-02,2026-07-02,2502855,paid
INV-2026-01290,cust_035,Silverline Cosmetics,2026-06-15,2026-07-15,7770680,paid
INV-2026-01291,cust_007,Nandini Dairy Products,2026-03-29,2026-04-28,18177507,paid
INV-2026-01292,cust_010,Greenleaf Organics,2026-06-03,2026-07-03,3943238,paid
INV-2026-01293,cust_028,Pinnacle Interiors,2026-06-16,2026-07-16,12793750,paid
INV-2026-01294,cust_028,Pinnacle Interiors,2026-06-19,2026-07-19,8614296,paid
INV-2026-01295,cust_014,Ganesh Cement Agencies,2026-06-15,2026-07-15,10421393,paid
INV-2026-01296,cust_015,Infinite Loop Software,2026-06-07,2026-07-07,17432294,paid
INV-2026-01297,cust_019,Anand Furniture House,2026-06-16,2026-07-16,14167596,paid
INV-2026-01298,cust_033,Nirmal Water Systems,2026-06-19,2026-07-19,9985735,paid
INV-2026-01299,cust_009,Vishal Auto Components,2026-06-11,2026-07-11,12260117,paid
INV-2026-01300,cust_028,Pinnacle Interiors,2026-06-10,2026-07-10,18774848,paid
INV-2026-01301,cust_007,Nandini Dairy Products,2026-03-24,2026-04-23,18308516,paid
INV-2026-01302,cust_021,Kalyani Engineering,2026-03-20,2026-04-19,7150339,paid
INV-2026-01303,cust_028,Pinnacle Interiors,2026-03-14,2026-04-13,18715404,paid
INV-2026-01304,cust_028,Pinnacle Interiors,2026-03-22,2026-04-21,10941015,paid
INV-2026-01305,cust_003,Meenakshi Traders,2026-03-08,2026-04-07,5238745,paid
INV-2026-01306,cust_009,Vishal Auto Components,2026-03-17,2026-04-16,60354018,paid
INV-2026-01307,cust_013,Coastal Marine Exports,2026-04-12,2026-05-12,3791337,overdue
INV-2026-01308,cust_011,Deccan Steel Works,2026-05-23,2026-06-22,9684672,overdue
INV-2026-01309,cust_031,Chandra Printing Press,2026-03-18,2026-04-17,14332461,overdue
INV-2026-01310,cust_006,Sharma Hardware Stores,2026-04-16,2026-05-16,13775281,overdue
INV-2026-01311,cust_009,Vishal Auto Components,2026-05-13,2026-06-12,5639021,overdue
INV-2026-01312,cust_030,Vertex Lab Equipment,2026-05-26,2026-06-25,15969064,overdue
INV-2026-01313,cust_035,Silverline Cosmetics,2026-06-08,2026-07-08,1364355,open
INV-2026-01314,cust_014,Ganesh Cement Agencies,2026-04-13,2026-05-13,3646004,overdue
INV-2026-01315,cust_010,Greenleaf Organics,2026-03-26,2026-04-25,6621776,overdue
INV-2026-01316,cust_013,Coastal Marine Exports,2026-03-26,2026-04-25,18477930,overdue
INV-2026-01317,cust_026,Mahalaxmi Provisions,2026-03-20,2026-04-19,6260203,overdue
INV-2026-01318,cust_040,Prakash Lighting Co,2026-04-18,2026-05-18,8228046,overdue
INV-2026-01319,cust_022,Trident Paper Mills,2026-05-11,2026-06-10,19826976,overdue
INV-2026-01320,cust_031,Chandra Printing Press,2026-04-08,2026-05-08,14481860,overdue
INV-2026-01321,cust_001,Rajesh Textiles Pvt Ltd,2026-05-29,2026-06-28,15319686,overdue
INV-2026-01322,cust_019,Anand Furniture House,2026-04-26,2026-05-26,16589712,overdue
INV-2026-01323,cust_004,Kaveri Agro Foods,2026-05-05,2026-06-04,13386288,overdue
INV-2026-01324,cust_021,Kalyani Engineering,2026-05-11,2026-06-10,10703577,overdue
INV-2026-01325,cust_010,Greenleaf Organics,2026-06-13,2026-07-13,10715887,open
INV-2026-01326,cust_023,Surya Solar Solutions,2026-04-01,2026-05-01,17629128,overdue
INV-2026-01327,cust_033,Nirmal Water Systems,2026-05-27,2026-06-26,19088493,overdue
INV-2026-01328,cust_003,Meenakshi Traders,2026-04-12,2026-05-12,16417959,overdue
INV-2026-01329,cust_009,Vishal Auto Components,2026-04-17,2026-05-17,1870676,overdue
INV-2026-01330,cust_040,Prakash Lighting Co,2026-05-30,2026-06-29,9304677,overdue
INV-2026-01331,cust_027,Everest Cold Storage,2026-05-21,2026-06-20,17086511,overdue
INV-2026-01332,cust_039,Indus Valley Handicrafts,2026-05-20,2026-06-19,501391,overdue
INV-2026-01333,cust_022,Trident Paper Mills,2026-06-10,2026-07-10,14068341,open
INV-2026-01334,cust_022,Trident Paper Mills,2026-04-27,2026-05-27,3204487,overdue
INV-2026-01335,cust_012,Priya Garments,2026-04-07,2026-05-07,8646011,overdue
INV-2026-01336,cust_012,Priya Garments,2026-06-01,2026-07-01,899656,open
INV-2026-01337,cust_024,Bharat Tyre Traders,2026-03-16,2026-04-15,15529299,overdue
INV-2026-01338,cust_008,Orchid Pharma Distributors,2026-04-21,2026-05-21,14345327,overdue
INV-2026-01339,cust_021,Kalyani Engineering,2026-04-14,2026-05-14,19474219,overdue
INV-2026-01340,cust_030,Vertex Lab Equipment,2026-05-04,2026-06-03,18962313,overdue
INV-2026-01341,cust_011,Deccan Steel Works,2026-04-13,2026-05-13,8253615,overdue
INV-2026-01342,cust_010,Greenleaf Organics,2026-05-04,2026-06-03,10573053,overdue
INV-2026-01343,cust_038,Maple Leaf Stationers,2026-05-27,2026-06-26,12485089,overdue
INV-2026-01344,cust_017,Himalaya Packaging,2026-04-23,2026-05-23,19752893,overdue
INV-2026-01345,cust_017,Himalaya Packaging,2026-05-04,2026-06-03,6167796,overdue
INV-2026-01346,cust_014,Ganesh Cement Agencies,2026-04-21,2026-05-21,4917629,overdue
INV-2026-01347,cust_011,Deccan Steel Works,2026-05-30,2026-06-29,501395,overdue
INV-2026-01348,cust_004,Kaveri Agro Foods,2026-03-31,2026-04-30,16349290,overdue
INV-2026-01349,cust_026,Mahalaxmi Provisions,2026-03-15,2026-04-14,18364448,overdue
INV-2026-01350,cust_006,Sharma Hardware Stores,2026-04-21,2026-05-21,760728,overdue
INV-2026-01351,cust_011,Deccan Steel Works,2026-04-10,2026-05-10,4597070,overdue
INV-2026-01352,cust_007,Nandini Dairy Products,2026-04-11,2026-05-11,12718912,overdue
INV-2026-01353,cust_023,Surya Solar Solutions,2026-03-21,2026-04-20,2790044,overdue
INV-2026-01354,cust_037,Rudra Plastics,2026-05-24,2026-06-23,11876979,overdue
INV-2026-01355,cust_032,Aakash Sports Goods,2026-05-05,2026-06-04,11066051,overdue
INV-2026-01356,cust_034,Ashoka Timber Depot,2026-04-14,2026-05-14,3374941,overdue
INV-2026-01357,cust_017,Himalaya Packaging,2026-03-25,2026-04-24,3692047,overdue
INV-2026-01358,cust_038,Maple Leaf Stationers,2026-06-16,2026-07-16,12853187,open
INV-2026-01359,cust_040,Prakash Lighting Co,2026-04-18,2026-05-18,14970465,overdue
INV-2026-01360,cust_029,Sagarika Seafoods,2026-05-27,2026-06-26,19358140,overdue
INV-2026-01361,cust_006,Sharma Hardware Stores,2026-06-18,2026-07-18,10201973,open
INV-2026-01362,cust_013,Coastal Marine Exports,2026-06-10,2026-07-10,13633176,open
INV-2026-01363,cust_006,Sharma Hardware Stores,2026-06-02,2026-07-02,7704313,open
INV-2026-01364,cust_028,Pinnacle Interiors,2026-05-15,2026-06-14,1875615,overdue
INV-2026-01365,cust_010,Greenleaf Organics,2026-06-11,2026-07-11,9691490,open
INV-2026-01366,cust_014,Ganesh Cement Agencies,2026-05-15,2026-06-14,13586010,overdue
INV-2026-01367,cust_012,Priya Garments,2026-04-20,2026-05-20,6122375,overdue
INV-2026-01368,cust_019,Anand Furniture House,2026-03-28,2026-04-27,14730632,overdue
INV-2026-01369,cust_033,Nirmal Water Systems,2026-05-07,2026-06-06,14451914,overdue
INV-2026-01370,cust_017,Himalaya Packaging,2026-03-16,2026-04-15,6186940,overdue
INV-2026-01371,cust_004,Kaveri Agro Foods,2026-05-28,2026-06-27,19184209,overdue
INV-2026-01372,cust_004,Kaveri Agro Foods,2026-05-20,2026-06-19,15786897,overdue
INV-2026-01373,cust_036,Konark Ceramics,2026-06-15,2026-07-15,4056206,open
INV-2026-01374,cust_012,Priya Garments,2026-03-28,2026-04-27,2248283,overdue
INV-2026-01375,cust_018,Sagar Chemicals,2026-05-29,2026-06-28,18638205,overdue
INV-2026-01376,cust_035,Silverline Cosmetics,2026-05-24,2026-06-23,6820527,overdue
INV-2026-01377,cust_021,Kalyani Engineering,2026-06-13,2026-07-13,6756093,open
INV-2026-01378,cust_005,Bluewave Logistics LLP,2026-03-25,2026-04-24,11774677,overdue
INV-2026-01379,cust_025,Lotus Hospitality Services,2026-04-22,2026-05-22,19008447,overdue
INV-2026-01380,cust_037,Rudra Plastics,2026-05-22,2026-06-21,5441153,overdue
INV-2026-01381,cust_026,Mahalaxmi Provisions,2026-04-27,2026-05-27,15708807,overdue
INV-2026-01382,cust_033,Nirmal Water Systems,2026-04-30,2026-05-30,11096545,overdue
INV-2026-01383,cust_031,Chandra Printing Press,2026-04-01,2026-05-01,10027497,overdue
INV-2026-01384,cust_032,Aakash Sports Goods,2026-05-25,2026-06-24,9079722,overdue
INV-2026-01385,cust_034,Ashoka Timber Depot,2026-04-18,2026-05-18,16146249,overdue
INV-2026-01386,cust_028,Pinnacle Interiors,2026-04-18,2026-05-18,2244864,overdue
INV-2026-01387,cust_022,Trident Paper Mills,2026-05-31,2026-06-30,14752520,open
INV-2026-01388,cust_032,Aakash Sports Goods,2026-04-21,2026-05-21,1080860,overdue
INV-2026-01389,cust_015,Infinite Loop Software,2026-06-04,2026-07-04,13630479,open
INV-2026-01390,cust_030,Vertex Lab Equipment,2026-04-27,2026-05-27,17962152,overdue
INV-2026-01391,cust_033,Nirmal Water Systems,2026-04-20,2026-05-20,10331034,overdue
INV-2026-01392,cust_026,Mahalaxmi Provisions,2026-04-02,2026-05-02,14784371,overdue
INV-2026-01393,cust_004,Kaveri Agro Foods,2026-06-21,2026-07-21,5074651,open
INV-2026-01394,cust_007,Nandini Dairy Products,2026-04-09,2026-05-09,17434319,overdue
INV-2026-01395,cust_025,Lotus Hospitality Services,2026-04-23,2026-05-23,14824019,overdue
INV-2026-01396,cust_011,Deccan Steel Works,2026-04-14,2026-05-14,2758151,overdue
INV-2026-01397,cust_001,Rajesh Textiles Pvt Ltd,2026-05-04,2026-06-03,7535729,overdue
INV-2026-01398,cust_001,Rajesh Textiles Pvt Ltd,2026-05-25,2026-06-24,12279173,overdue
INV-2026-01399,cust_032,Aakash Sports Goods,2026-05-14,2026-06-13,3498054,overdue
INV-2026-01400,cust_037,Rudra Plastics,2026-05-31,2026-06-30,8692526,open
INV-2026-01401,cust_035,Silverline Cosmetics,2026-05-14,2026-06-13,14977881,overdue
INV-2026-01402,cust_025,Lotus Hospitality Services,2026-06-03,2026-07-03,9008928,open
INV-2026-01403,cust_005,Bluewave Logistics LLP,2026-05-24,2026-06-23,7406687,overdue
INV-2026-01404,cust_019,Anand Furniture House,2026-04-12,2026-05-12,13161362,overdue
INV-2026-01405,cust_007,Nandini Dairy Products,2026-06-05,2026-07-05,4332512,open
INV-2026-01406,cust_008,Orchid Pharma Distributors,2026-05-22,2026-06-21,10977376,overdue
INV-2026-01407,cust_017,Himalaya Packaging,2026-06-09,2026-07-09,11622452,open
INV-2026-01408,cust_023,Surya Solar Solutions,2026-03-19,2026-04-18,13803781,overdue
INV-2026-01409,cust_026,Mahalaxmi Provisions,2026-05-03,2026-06-02,7924761,overdue
INV-2026-01410,cust_040,Prakash Lighting Co,2026-03-20,2026-04-19,11282556,overdue
INV-2026-01411,cust_011,Deccan Steel Works,2026-04-16,2026-05-16,12315830,overdue
INV-2026-01412,cust_034,Ashoka Timber Depot,2026-04-23,2026-05-23,5984705,overdue
INV-2026-01413,cust_028,Pinnacle Interiors,2026-04-08,2026-05-08,9099171,overdue
INV-2026-01414,cust_024,Bharat Tyre Traders,2026-04-21,2026-05-21,19065828,overdue
INV-2026-01415,cust_025,Lotus Hospitality Services,2026-05-12,2026-06-11,18539051,overdue
INV-2026-01416,cust_006,Sharma Hardware Stores,2026-03-27,2026-04-26,7521603,overdue
INV-2026-01417,cust_037,Rudra Plastics,2026-04-22,2026-05-22,4528473,overdue
INV-2026-01418,cust_009,Vishal Auto Components,2026-05-30,2026-06-29,1567686,overdue
INV-2026-01419,cust_020,Zenith Office Supplies,2026-04-12,2026-05-12,7872408,overdue
INV-2026-01420,cust_034,Ashoka Timber Depot,2026-03-22,2026-04-21,12433663,overdue
INV-2026-01421,cust_033,Nirmal Water Systems,2026-04-02,2026-05-02,1685054,overdue
INV-2026-01422,cust_025,Lotus Hospitality Services,2026-05-19,2026-06-18,13683465,overdue
INV-2026-01423,cust_028,Pinnacle Interiors,2026-03-30,2026-04-29,10072109,overdue
INV-2026-01424,cust_003,Meenakshi Traders,2026-05-08,2026-06-07,11680562,overdue
INV-2026-01425,cust_039,Indus Valley Handicrafts,2026-03-28,2026-04-27,14264694,overdue
INV-2026-01426,cust_009,Vishal Auto Components,2026-06-13,2026-07-13,13480132,open
INV-2026-01427,cust_017,Himalaya Packaging,2026-04-17,2026-05-17,11932672,overdue
INV-2026-01428,cust_019,Anand Furniture House,2026-03-24,2026-04-23,13600815,overdue
INV-2026-01429,cust_027,Everest Cold Storage,2026-06-27,2026-07-27,4333840,open
INV-2026-01430,cust_001,Rajesh Textiles Pvt Ltd,2026-04-20,2026-05-20,15768013,overdue
INV-2026-01431,cust_029,Sagarika Seafoods,2026-05-24,2026-06-23,3509517,overdue
INV-2026-01432,cust_001,Rajesh Textiles Pvt Ltd,2026-04-06,2026-05-06,1639736,overdue
INV-2026-01433,cust_032,Aakash Sports Goods,2026-04-28,2026-05-28,15928869,overdue
INV-2026-01434,cust_004,Kaveri Agro Foods,2026-04-02,2026-05-02,7509178,overdue
INV-2026-01435,cust_020,Zenith Office Supplies,2026-04-03,2026-05-03,14530330,overdue
INV-2026-01436,cust_006,Sharma Hardware Stores,2026-05-01,2026-05-31,3498742,overdue
INV-2026-01437,cust_028,Pinnacle Interiors,2026-05-17,2026-06-16,7204628,overdue
INV-2026-01438,cust_002,Sunrise Electronics,2026-03-11,2026-04-10,9470067,overdue
INV-2026-01439,cust_018,Sagar Chemicals,2026-04-26,2026-05-26,887514,overdue
INV-2026-01440,cust_038,Maple Leaf Stationers,2026-06-10,2026-07-10,17390500,open
INV-2026-01441,cust_028,Pinnacle Interiors,2026-06-15,2026-07-15,17955340,open
INV-2026-01442,cust_005,Bluewave Logistics LLP,2026-05-06,2026-06-05,16688251,overdue
INV-2026-01443,cust_031,Chandra Printing Press,2026-04-10,2026-05-10,2851385,overdue
INV-2026-01444,cust_030,Vertex Lab Equipment,2026-04-08,2026-05-08,398381,overdue
INV-2026-01445,cust_012,Priya Garments,2026-04-27,2026-05-27,15569850,overdue
INV-2026-01446,cust_009,Vishal Auto Components,2026-04-13,2026-05-13,17974453,overdue
INV-2026-01447,cust_028,Pinnacle Interiors,2026-05-15,2026-06-14,619957,overdue
INV-2026-01448,cust_012,Priya Garments,2026-05-21,2026-06-20,1474824,overdue
INV-2026-01449,cust_034,Ashoka Timber Depot,2026-05-01,2026-05-31,3806806,overdue
INV-2026-01450,cust_033,Nirmal Water Systems,2026-06-03,2026-07-03,11188233,open
INV-2026-01451,cust_012,Priya Garments,2026-04-10,2026-05-10,5660333,overdue
INV-2026-01452,cust_007,Nandini Dairy Products,2026-03-26,2026-04-25,13767861,overdue
INV-2026-01453,cust_029,Sagarika Seafoods,2026-06-02,2026-07-02,3651196,open
INV-2026-01454,cust_010,Greenleaf Organics,2026-05-05,2026-06-04,7481784,overdue
INV-2026-01455,cust_010,Greenleaf Organics,2026-05-25,2026-06-24,19864759,overdue
INV-2026-01456,cust_029,Sagarika Seafoods,2026-05-25,2026-06-24,14811410,overdue
INV-2026-01457,cust_008,Orchid Pharma Distributors,2026-05-14,2026-06-13,2324606,overdue
INV-2026-01458,cust_009,Vishal Auto Components,2026-06-01,2026-07-01,4148398,open
INV-2026-01459,cust_038,Maple Leaf Stationers,2026-04-09,2026-05-09,4747367,overdue
INV-2026-01460,cust_018,Sagar Chemicals,2026-04-08,2026-05-08,2052820,overdue
INV-2026-01461,cust_025,Lotus Hospitality Services,2026-03-23,2026-04-22,8225131,overdue
INV-2026-01462,cust_019,Anand Furniture House,2026-04-18,2026-05-18,15266374,overdue
INV-2026-01463,cust_033,Nirmal Water Systems,2026-06-02,2026-07-02,11614131,open
INV-2026-01464,cust_025,Lotus Hospitality Services,2026-06-21,2026-07-21,10171922,open
INV-2026-01465,cust_035,Silverline Cosmetics,2026-04-20,2026-05-20,5265656,overdue
INV-2026-01466,cust_032,Aakash Sports Goods,2026-05-24,2026-06-23,13050278,overdue
INV-2026-01467,cust_019,Anand Furniture House,2026-05-16,2026-06-15,7169773,overdue
INV-2026-01468,cust_014,Ganesh Cement Agencies,2026-05-12,2026-06-11,7900481,overdue
INV-2026-01469,cust_020,Zenith Office Supplies,2026-05-10,2026-06-09,13777676,overdue
INV-2026-01470,cust_023,Surya Solar Solutions,2026-04-24,2026-05-24,10862749,overdue
INV-2026-01471,cust_024,Bharat Tyre Traders,2026-05-19,2026-06-18,14783830,overdue
INV-2026-01472,cust_002,Sunrise Electronics,2026-03-23,2026-04-22,17622799,overdue
INV-2026-01473,cust_036,Konark Ceramics,2026-04-17,2026-05-17,8815839,overdue
INV-2026-01474,cust_035,Silverline Cosmetics,2026-05-03,2026-06-02,2237616,overdue
INV-2026-01475,cust_026,Mahalaxmi Provisions,2026-04-15,2026-05-15,11698492,overdue
INV-2026-01476,cust_021,Kalyani Engineering,2026-05-21,2026-06-20,15758916,overdue
INV-2026-01477,cust_008,Orchid Pharma Distributors,2026-04-01,2026-05-01,8995542,overdue
INV-2026-01478,cust_015,Infinite Loop Software,2026-05-17,2026-06-16,16989866,overdue
INV-2026-01479,cust_027,Everest Cold Storage,2026-04-11,2026-05-11,4447518,overdue
INV-2026-01480,cust_020,Zenith Office Supplies,2026-05-01,2026-05-31,10335387,overdue
INV-2026-01481,cust_034,Ashoka Timber Depot,2026-04-21,2026-05-21,11286047,overdue
INV-2026-01482,cust_009,Vishal Auto Components,2026-03-31,2026-04-30,14191247,overdue
INV-2026-01483,cust_022,Trident Paper Mills,2026-04-08,2026-05-08,19281665,overdue
INV-2026-01484,cust_037,Rudra Plastics,2026-03-21,2026-04-20,6517183,overdue
INV-2026-01485,cust_010,Greenleaf Organics,2026-05-10,2026-06-09,15047197,overdue
INV-2026-01486,cust_021,Kalyani Engineering,2026-04-01,2026-05-01,15446622,overdue
INV-2026-01487,cust_030,Vertex Lab Equipment,2026-04-09,2026-05-09,6732316,overdue
INV-2026-01488,cust_002,Sunrise Electronics,2026-06-05,2026-07-05,4265815,open
INV-2026-01489,cust_037,Rudra Plastics,2026-04-22,2026-05-22,15058068,overdue
INV-2026-01490,cust_033,Nirmal Water Systems,2026-04-27,2026-05-27,6363348,overdue
INV-2026-01491,cust_027,Everest Cold Storage,2026-04-28,2026-05-28,17824949,overdue
INV-2026-01492,cust_028,Pinnacle Interiors,2026-04-21,2026-05-21,7328459,overdue
INV-2026-01493,cust_030,Vertex Lab Equipment,2026-03-19,2026-04-18,17399369,overdue
INV-2026-01494,cust_002,Sunrise Electronics,2026-04-29,2026-05-29,12037764,overdue
INV-2026-01495,cust_035,Silverline Cosmetics,2026-04-10,2026-05-10,7809447,overdue
INV-2026-01496,cust_027,Everest Cold Storage,2026-04-15,2026-05-15,18794101,overdue
INV-2026-01497,cust_034,Ashoka Timber Depot,2026-05-25,2026-06-24,19024402,overdue
INV-2026-01498,cust_016,Ratna Jewellers,2026-05-24,2026-06-23,9516032,overdue
INV-2026-01499,cust_018,Sagar Chemicals,2026-03-30,2026-04-29,1133398,overdue
INV-2026-01500,cust_002,Sunrise Electronics,2026-05-14,2026-06-13,8243085,overdue
INV-2026-01501,cust_020,Zenith Office Supplies,2026-05-05,2026-06-04,6202829,overdue
